time,temperature,humidity,rain,pressure,wind_speed
2001-01-01T00:00,22.9,78,0.0,1006.5,5.4
2001-01-01T01:00,22.5,81,0.0,1006.4,5.4
2001-01-01T02:00,22.2,85,0.0,1006.0,6.1
2001-01-01T03:00,22.0,86,0.0,1005.4,6.2
2001-01-01T04:00,22.0,86,0.0,1005.6,5.8
2001-01-01T05:00,21.9,86,0.7,1005.5,6.5
2001-01-01T06:00,22.1,85,0.3,1006.6,6.5
2001-01-01T07:00,22.0,87,0.0,1006.6,5.8
2001-01-01T08:00,23.0,86,0.0,1007.4,5.1
2001-01-01T09:00,25.4,73,0.0,1008.1,3.6
2001-01-01T10:00,26.5,70,0.0,1008.3,1.1
2001-01-01T11:00,27.5,66,1.8,1008.8,0.4
2001-01-01T12:00,28.0,64,1.8,1007.7,1.0
2001-01-01T13:00,28.4,63,0.1,1006.9,1.8
2001-01-01T14:00,27.9,66,2.3,1005.8,0.8
2001-01-01T15:00,27.5,69,0.0,1005.2,0.8
2001-01-01T16:00,26.9,71,0.3,1005.0,1.5
2001-01-01T17:00,26.1,76,2.8,1005.5,1.8
2001-01-01T18:00,25.5,79,0.4,1005.9,1.4
2001-01-01T19:00,24.7,83,0.0,1005.8,1.5
2001-01-01T20:00,24.1,86,0.0,1006.2,3.7
2001-01-01T21:00,23.6,91,0.0,1006.8,4.8
2001-01-01T22:00,23.3,91,0.0,1006.8,5.0
2001-01-01T23:00,23.2,92,0.0,1006.7,5.1
2001-01-02T00:00,22.9,92,0.0,1006.3,5.1
2001-01-02T01:00,22.9,92,0.0,1005.8,5.1
2001-01-02T02:00,22.9,90,0.0,1005.2,5.0
2001-01-02T03:00,22.5,92,0.0,1004.5,5.1
2001-01-02T04:00,22.2,92,0.0,1004.8,4.5
2001-01-02T05:00,22.1,92,0.0,1005.5,4.9
2001-01-02T06:00,22.2,91,0.0,1006.1,4.7
2001-01-02T07:00,22.6,89,0.0,1006.2,5.1
2001-01-02T08:00,23.4,87,0.0,1006.9,4.8
2001-01-02T09:00,24.9,81,0.0,1008.0,1.6
2001-01-02T10:00,25.8,76,0.8,1008.3,2.4
2001-01-02T11:00,26.6,73,1.1,1007.9,3.3
2001-01-02T12:00,27.2,71,1.6,1007.5,2.5
2001-01-02T13:00,28.1,67,1.0,1006.9,2.0
2001-01-02T14:00,27.4,70,0.9,1005.9,1.5
2001-01-02T15:00,27.8,69,0.0,1005.0,2.8
2001-01-02T16:00,27.7,69,0.0,1004.5,1.1
2001-01-02T17:00,27.2,70,0.2,1004.9,3.6
2001-01-02T18:00,26.3,74,0.0,1005.1,3.4
2001-01-02T19:00,25.6,77,0.0,1005.2,3.8
2001-01-02T20:00,25.0,78,0.0,1005.7,5.1
2001-01-02T21:00,24.7,78,0.0,1006.1,6.4
2001-01-02T22:00,24.4,77,0.0,1006.6,6.6
2001-01-02T23:00,24.1,77,0.0,1006.7,6.3
2001-01-03T00:00,23.3,82,0.0,1006.3,5.5
2001-01-03T01:00,23.0,83,0.0,1006.3,6.1
2001-01-03T02:00,22.5,85,0.0,1005.5,7.2
2001-01-03T03:00,22.5,83,0.0,1005.0,8.1
2001-01-03T04:00,22.3,83,0.0,1004.8,8.8
2001-01-03T05:00,22.3,82,0.0,1004.6,8.8
2001-01-03T06:00,22.2,81,0.0,1005.4,8.8
2001-01-03T07:00,21.9,83,0.0,1005.7,8.0
2001-01-03T08:00,23.5,77,0.0,1006.7,7.2
2001-01-03T09:00,25.4,70,0.0,1007.7,5.6
2001-01-03T10:00,27.0,65,0.0,1007.6,5.6
2001-01-03T11:00,28.5,59,0.0,1007.2,5.2
2001-01-03T12:00,29.2,55,0.0,1006.8,5.4
2001-01-03T13:00,30.0,51,0.0,1006.2,6.4
2001-01-03T14:00,30.0,53,0.1,1005.4,5.6
2001-01-03T15:00,29.6,53,0.1,1004.7,5.4
2001-01-03T16:00,29.1,53,0.0,1004.7,5.4
2001-01-03T17:00,28.4,55,0.0,1004.5,5.9
2001-01-03T18:00,27.0,61,0.0,1004.8,4.9
2001-01-03T19:00,26.0,62,0.0,1005.2,4.7
2001-01-03T20:00,25.1,64,0.0,1005.9,5.4
2001-01-03T21:00,24.4,66,0.0,1007.0,6.8
2001-01-03T22:00,23.9,67,0.0,1007.4,7.6
2001-01-03T23:00,23.4,67,0.0,1007.6,8.6
2001-01-04T00:00,23.0,67,0.0,1007.1,9.4
2001-01-04T01:00,22.7,68,0.0,1006.9,10.2
2001-01-04T02:00,22.4,71,0.0,1006.4,10.7
2001-01-04T03:00,21.9,73,0.0,1005.6,10.7
2001-01-04T04:00,21.4,74,0.0,1005.4,10.8
2001-01-04T05:00,21.1,75,0.0,1005.3,11.3
2001-01-04T06:00,20.9,76,0.0,1006.0,10.8
2001-01-04T07:00,20.6,78,0.0,1006.1,10.8
2001-01-04T08:00,22.2,74,0.0,1007.3,9.7
2001-01-04T09:00,24.8,63,0.0,1008.1,7.1
2001-01-04T10:00,26.7,54,0.0,1008.6,6.8
2001-01-04T11:00,28.2,48,0.0,1009.0,6.3
2001-01-04T12:00,29.3,41,0.0,1008.6,6.8
2001-01-04T13:00,30.0,35,0.0,1007.6,7.3
2001-01-04T14:00,30.5,32,0.0,1006.5,8.4
2001-01-04T15:00,30.4,31,0.0,1005.4,9.2
2001-01-04T16:00,29.7,33,0.0,1004.9,8.4
2001-01-04T17:00,28.5,38,0.0,1005.4,6.9
2001-01-04T18:00,26.8,44,0.0,1006.0,5.6
2001-01-04T19:00,25.0,53,0.0,1006.5,5.5
2001-01-04T20:00,23.9,57,0.0,1007.5,6.6
2001-01-04T21:00,23.3,57,0.0,1008.7,7.1
2001-01-04T22:00,21.7,65,0.3,1009.2,8.8
2001-01-04T23:00,20.6,66,0.2,1009.4,9.6
2001-01-05T00:00,20.2,66,0.2,1008.9,10.3
2001-01-05T01:00,19.9,66,0.2,1008.2,10.3
2001-01-05T02:00,19.8,66,0.0,1007.5,10.3
2001-01-05T03:00,19.8,65,0.0,1006.7,9.9
2001-01-05T04:00,19.6,65,0.0,1006.2,10.2
2001-01-05T05:00,19.3,66,0.0,1006.7,9.8
2001-01-05T06:00,18.8,69,0.0,1007.1,8.8
2001-01-05T07:00,18.7,70,0.0,1007.7,8.8
2001-01-05T08:00,19.9,72,0.0,1008.8,8.8
2001-01-05T09:00,23.6,62,0.0,1009.5,4.7
2001-01-05T10:00,26.3,52,0.0,1009.8,2.2
2001-01-05T11:00,27.9,48,0.0,1009.3,0.8
2001-01-05T12:00,29.1,45,0.0,1008.3,1.3
2001-01-05T13:00,30.0,44,0.1,1007.3,2.1
2001-01-05T14:00,30.7,43,0.0,1006.3,1.4
2001-01-05T15:00,30.8,42,0.0,1005.4,1.1
2001-01-05T16:00,30.2,44,0.0,1005.1,1.8
2001-01-05T17:00,28.8,52,0.1,1005.4,3.7
2001-01-05T18:00,27.1,63,0.1,1006.0,2.2
2001-01-05T19:00,25.1,77,0.0,1006.2,2.4
2001-01-05T20:00,23.6,84,0.0,1006.9,3.1
2001-01-05T21:00,23.1,83,0.0,1008.0,4.7
2001-01-05T22:00,22.7,83,0.1,1008.4,5.9
2001-01-05T23:00,22.6,81,0.0,1008.7,6.3
2001-01-06T00:00,22.3,79,0.0,1008.2,7.1
2001-01-06T01:00,21.9,79,0.0,1007.8,7.4
2001-01-06T02:00,21.4,81,0.0,1006.8,7.8
2001-01-06T03:00,21.1,81,0.0,1006.2,8.2
2001-01-06T04:00,20.8,81,0.0,1005.9,8.2
2001-01-06T05:00,20.6,81,0.0,1006.1,7.7
2001-01-06T06:00,20.6,81,0.0,1006.6,8.0
2001-01-06T07:00,20.4,82,0.0,1006.9,8.1
2001-01-06T08:00,21.5,82,0.0,1007.7,7.1
2001-01-06T09:00,24.5,70,0.0,1008.2,3.7
2001-01-06T10:00,26.2,64,0.0,1008.2,3.1
2001-01-06T11:00,27.9,58,0.0,1007.9,3.5
2001-01-06T12:00,29.0,53,0.0,1006.9,4.7
2001-01-06T13:00,29.8,50,0.2,1006.1,4.0
2001-01-06T14:00,30.2,49,0.2,1005.0,3.4
2001-01-06T15:00,30.2,48,0.1,1004.4,1.5
2001-01-06T16:00,29.8,50,0.3,1003.8,3.3
2001-01-06T17:00,28.8,53,0.1,1004.3,4.6
2001-01-06T18:00,27.3,60,0.0,1004.6,3.4
2001-01-06T19:00,25.8,69,0.0,1005.0,2.9
2001-01-06T20:00,24.9,74,0.0,1005.3,3.8
2001-01-06T21:00,24.3,76,0.0,1005.9,5.0
2001-01-06T22:00,23.9,75,0.0,1006.1,6.3
2001-01-06T23:00,23.6,74,0.0,1006.1,6.2
2001-01-07T00:00,23.3,75,0.0,1005.7,7.0
2001-01-07T01:00,23.1,75,0.0,1005.1,7.8
2001-01-07T02:00,22.8,76,0.0,1004.6,7.1
2001-01-07T03:00,22.4,79,0.0,1004.3,6.6
2001-01-07T04:00,22.2,80,0.0,1004.3,6.4
2001-01-07T05:00,22.0,81,0.0,1004.6,6.4
2001-01-07T06:00,22.1,81,0.0,1005.4,5.9
2001-01-07T07:00,22.1,83,0.0,1005.8,6.0
2001-01-07T08:00,23.0,81,0.0,1006.6,6.8
2001-01-07T09:00,24.7,74,0.0,1007.2,4.9
2001-01-07T10:00,26.3,67,0.0,1007.0,4.4
2001-01-07T11:00,28.1,59,0.0,1007.1,3.2
2001-01-07T12:00,29.3,55,0.1,1006.5,4.3
2001-01-07T13:00,29.9,52,0.1,1005.5,3.4
2001-01-07T14:00,30.1,51,0.1,1004.3,2.7
2001-01-07T15:00,30.2,50,0.2,1003.7,2.3
2001-01-07T16:00,29.7,51,0.1,1003.2,2.5
2001-01-07T17:00,28.9,54,0.0,1003.7,3.6
2001-01-07T18:00,27.8,64,0.0,1004.0,1.8
2001-01-07T19:00,25.9,73,0.0,1004.4,1.8
2001-01-07T20:00,24.9,74,0.0,1005.1,3.3
2001-01-07T21:00,24.5,76,0.0,1005.6,5.2
2001-01-07T22:00,24.1,74,0.0,1006.1,6.4
2001-01-07T23:00,23.7,73,0.0,1006.5,6.2
2001-01-08T00:00,23.4,73,0.0,1006.2,6.6
2001-01-08T01:00,23.0,74,0.0,1006.0,6.6
2001-01-08T02:00,22.5,78,0.0,1005.3,7.6
2001-01-08T03:00,22.0,80,0.0,1005.2,7.9
2001-01-08T04:00,21.6,81,0.0,1004.9,7.8
2001-01-08T05:00,21.4,81,0.0,1005.1,8.3
2001-01-08T06:00,21.1,82,0.0,1005.3,8.0
2001-01-08T07:00,20.8,83,0.0,1005.9,8.2
2001-01-08T08:00,22.3,79,0.0,1006.8,7.5
2001-01-08T09:00,25.1,67,0.0,1007.7,5.0
2001-01-08T10:00,27.0,60,0.0,1007.8,3.9
2001-01-08T11:00,28.6,55,0.0,1007.6,1.9
2001-01-08T12:00,29.6,51,0.0,1006.9,2.4
2001-01-08T13:00,30.5,48,0.2,1005.9,1.8
2001-01-08T14:00,31.1,44,0.2,1004.7,1.3
2001-01-08T15:00,31.0,44,0.3,1004.2,0.0
2001-01-08T16:00,30.4,45,0.3,1003.7,1.3
2001-01-08T17:00,29.3,50,0.0,1004.1,2.5
2001-01-08T18:00,27.8,58,0.0,1004.4,1.5
2001-01-08T19:00,26.0,69,0.0,1004.6,2.6
2001-01-08T20:00,24.7,73,0.0,1005.3,4.4
2001-01-08T21:00,23.9,76,0.0,1006.4,5.8
2001-01-08T22:00,23.4,77,0.0,1006.8,6.2
2001-01-08T23:00,22.9,77,0.0,1006.8,7.3
2001-01-09T00:00,22.5,75,0.0,1006.5,8.4
2001-01-09T01:00,22.1,74,0.0,1006.1,9.2
2001-01-09T02:00,21.7,75,0.0,1005.4,9.3
2001-01-09T03:00,21.4,74,0.0,1005.1,9.3
2001-01-09T04:00,21.1,74,0.0,1005.0,9.3
2001-01-09T05:00,20.9,73,0.0,1005.2,8.8
2001-01-09T06:00,20.7,73,0.0,1005.8,8.5
2001-01-09T07:00,20.5,74,0.0,1006.2,8.6
2001-01-09T08:00,21.5,74,0.0,1007.0,8.6
2001-01-09T09:00,24.4,64,0.0,1007.8,5.6
2001-01-09T10:00,27.1,55,0.0,1007.8,4.6
2001-01-09T11:00,28.7,52,0.0,1007.8,3.8
2001-01-09T12:00,30.0,50,0.0,1007.1,3.4
2001-01-09T13:00,30.8,47,0.2,1006.4,3.8
2001-01-09T14:00,30.7,48,0.0,1005.5,2.1
2001-01-09T15:00,30.5,49,0.3,1005.0,2.2
2001-01-09T16:00,29.6,52,0.0,1004.7,1.8
2001-01-09T17:00,28.5,56,0.2,1005.4,1.8
2001-01-09T18:00,27.4,64,0.0,1005.6,1.0
2001-01-09T19:00,26.0,71,0.0,1005.7,1.8
2001-01-09T20:00,25.0,75,0.0,1006.7,2.3
2001-01-09T21:00,24.3,79,0.0,1007.9,4.5
2001-01-09T22:00,23.9,80,0.0,1007.9,5.7
2001-01-09T23:00,23.4,81,0.0,1008.6,5.9
2001-01-10T00:00,22.8,82,0.0,1008.1,6.2
2001-01-10T01:00,22.3,82,0.0,1007.8,6.9
2001-01-10T02:00,21.9,84,0.0,1007.5,7.3
2001-01-10T03:00,21.7,84,0.0,1006.9,7.2
2001-01-10T04:00,21.4,84,0.0,1007.0,7.5
2001-01-10T05:00,21.2,84,0.0,1007.0,7.7
2001-01-10T06:00,21.1,83,0.0,1007.8,7.3
2001-01-10T07:00,21.0,84,0.0,1008.1,7.7
2001-01-10T08:00,21.9,83,0.0,1008.4,6.6
2001-01-10T09:00,24.5,70,0.0,1009.3,3.1
2001-01-10T10:00,26.6,60,0.0,1009.4,2.7
2001-01-10T11:00,28.2,54,0.0,1009.1,3.2
2001-01-10T12:00,29.4,50,0.2,1008.4,4.0
2001-01-10T13:00,30.0,47,0.2,1007.5,4.0
2001-01-10T14:00,30.4,48,0.3,1006.7,3.3
2001-01-10T15:00,30.5,47,0.2,1006.1,0.7
2001-01-10T16:00,29.8,49,0.3,1005.5,0.5
2001-01-10T17:00,28.6,55,0.3,1005.4,1.8
2001-01-10T18:00,27.2,64,0.1,1005.8,1.9
2001-01-10T19:00,25.7,79,0.0,1006.4,0.4
2001-01-10T20:00,24.6,81,0.0,1007.1,1.1
2001-01-10T21:00,23.5,85,0.0,1007.8,3.2
2001-01-10T22:00,22.8,87,0.0,1008.3,5.0
2001-01-10T23:00,22.9,85,0.0,1008.6,5.6
2001-01-11T00:00,21.7,89,0.0,1008.5,7.0
2001-01-11T01:00,21.1,89,0.0,1007.8,7.1
2001-01-11T02:00,21.3,87,0.0,1007.2,7.8
2001-01-11T03:00,21.0,85,0.0,1007.0,8.3
2001-01-11T04:00,20.9,83,0.0,1006.8,8.3
2001-01-11T05:00,20.6,82,0.0,1006.8,8.6
2001-01-11T06:00,20.4,82,0.0,1006.9,8.7
2001-01-11T07:00,20.2,81,0.0,1007.2,9.3
2001-01-11T08:00,21.2,79,0.0,1007.7,8.9
2001-01-11T09:00,24.2,67,0.0,1008.5,5.6
2001-01-11T10:00,26.5,57,0.0,1008.3,5.1
2001-01-11T11:00,28.2,50,0.0,1008.2,5.6
2001-01-11T12:00,29.5,46,0.0,1007.5,6.4
2001-01-11T13:00,30.1,44,0.0,1006.5,7.6
2001-01-11T14:00,30.4,42,0.0,1005.7,7.4
2001-01-11T15:00,30.3,43,0.0,1004.9,7.1
2001-01-11T16:00,29.7,45,0.0,1004.6,6.1
2001-01-11T17:00,28.7,48,0.0,1004.3,6.4
2001-01-11T18:00,27.4,51,0.0,1004.9,5.6
2001-01-11T19:00,25.9,56,0.0,1004.9,5.4
2001-01-11T20:00,24.8,60,0.0,1005.3,6.3
2001-01-11T21:00,24.0,62,0.0,1006.3,8.0
2001-01-11T22:00,23.3,64,0.0,1006.7,8.4
2001-01-11T23:00,23.0,65,0.0,1007.2,7.9
2001-01-12T00:00,22.7,66,0.0,1007.0,8.2
2001-01-12T01:00,22.6,66,0.0,1006.4,8.9
2001-01-12T02:00,22.4,68,0.0,1005.7,9.2
2001-01-12T03:00,22.2,69,0.0,1005.2,9.1
2001-01-12T04:00,21.8,72,0.0,1005.1,8.9
2001-01-12T05:00,21.3,75,0.0,1005.7,8.8
2001-01-12T06:00,21.1,76,0.0,1006.1,8.4
2001-01-12T07:00,21.2,76,0.0,1006.5,8.9
2001-01-12T08:00,22.3,75,0.0,1006.9,8.6
2001-01-12T09:00,24.8,65,0.0,1007.5,6.8
2001-01-12T10:00,26.8,59,0.0,1007.4,7.1
2001-01-12T11:00,28.3,53,0.0,1007.1,8.2
2001-01-12T12:00,29.4,48,0.0,1006.7,8.2
2001-01-12T13:00,30.3,45,0.0,1005.7,9.3
2001-01-12T14:00,30.6,43,0.0,1004.4,9.4
2001-01-12T15:00,30.7,42,0.0,1003.6,9.8
2001-01-12T16:00,30.0,43,0.0,1002.8,9.7
2001-01-12T17:00,29.0,45,0.0,1003.9,7.1
2001-01-12T18:00,27.6,49,0.0,1004.0,6.9
2001-01-12T19:00,26.0,53,0.0,1004.3,6.8
2001-01-12T20:00,24.8,57,0.0,1004.6,8.2
2001-01-12T21:00,24.0,60,0.0,1005.6,9.2
2001-01-12T22:00,23.4,60,0.0,1005.7,9.5
2001-01-12T23:00,23.1,60,0.0,1005.9,10.0
2001-01-13T00:00,22.9,59,0.0,1005.5,10.2
2001-01-13T01:00,22.7,58,0.0,1005.3,11.3
2001-01-13T02:00,22.3,62,0.0,1004.5,10.8
2001-01-13T03:00,21.7,65,0.0,1004.3,10.7
2001-01-13T04:00,21.5,64,0.0,1004.1,10.2
2001-01-13T05:00,21.2,66,0.0,1004.5,9.8
2001-01-13T06:00,21.3,66,0.0,1004.9,9.8
2001-01-13T07:00,21.3,67,0.0,1005.1,10.0
2001-01-13T08:00,22.3,67,0.0,1005.9,10.4
2001-01-13T09:00,24.5,60,0.0,1006.2,8.4
2001-01-13T10:00,26.7,55,0.0,1006.1,7.3
2001-01-13T11:00,28.4,50,0.0,1006.1,6.6
2001-01-13T12:00,29.6,46,0.0,1005.8,6.3
2001-01-13T13:00,30.4,43,0.0,1005.4,7.2
2001-01-13T14:00,30.8,43,0.0,1004.4,6.6
2001-01-13T15:00,30.6,43,0.0,1003.6,5.6
2001-01-13T16:00,30.2,44,0.0,1003.1,5.6
2001-01-13T17:00,29.2,47,0.0,1003.1,5.2
2001-01-13T18:00,27.9,51,0.0,1003.8,4.8
2001-01-13T19:00,26.4,56,0.0,1003.9,5.2
2001-01-13T20:00,25.4,60,0.0,1004.5,6.2
2001-01-13T21:00,24.6,63,0.0,1005.3,7.2
2001-01-13T22:00,23.9,66,0.0,1005.8,8.2
2001-01-13T23:00,23.5,67,0.0,1006.2,7.9
2001-01-14T00:00,23.2,67,0.0,1005.9,8.7
2001-01-14T01:00,22.7,69,0.0,1005.6,8.7
2001-01-14T02:00,21.9,74,0.0,1004.8,9.0
2001-01-14T03:00,21.6,73,0.0,1004.1,9.4
2001-01-14T04:00,21.2,74,0.0,1003.9,9.8
2001-01-14T05:00,20.8,75,0.0,1004.4,9.8
2001-01-14T06:00,20.3,76,0.0,1005.1,10.2
2001-01-14T07:00,19.9,78,0.0,1005.6,10.6
2001-01-14T08:00,21.4,73,0.0,1006.4,10.0
2001-01-14T09:00,24.5,60,0.0,1006.6,7.1
2001-01-14T10:00,26.9,50,0.0,1006.8,6.5
2001-01-14T11:00,28.7,44,0.0,1006.9,5.0
2001-01-14T12:00,30.0,41,0.0,1006.4,4.1
2001-01-14T13:00,30.8,39,0.0,1005.5,3.8
2001-01-14T14:00,31.3,39,0.0,1004.8,3.7
2001-01-14T15:00,31.2,39,0.0,1004.0,3.7
2001-01-14T16:00,30.8,40,0.0,1003.6,2.9
2001-01-14T17:00,29.7,44,0.0,1004.2,2.7
2001-01-14T18:00,28.4,48,0.1,1004.9,4.0
2001-01-14T19:00,26.7,53,0.0,1005.1,4.0
2001-01-14T20:00,25.5,57,0.0,1005.8,5.4
2001-01-14T21:00,24.5,60,0.0,1006.6,6.9
2001-01-14T22:00,23.9,61,0.0,1007.0,7.4
2001-01-14T23:00,23.3,63,0.0,1007.1,8.1
2001-01-15T00:00,23.0,63,0.0,1006.8,8.8
2001-01-15T01:00,22.7,64,0.0,1006.2,9.6
2001-01-15T02:00,22.4,66,0.0,1005.3,9.5
2001-01-15T03:00,22.2,66,0.0,1004.8,10.0
2001-01-15T04:00,22.0,67,0.0,1004.4,10.0
2001-01-15T05:00,21.8,69,0.0,1005.2,9.2
2001-01-15T06:00,21.5,72,0.0,1005.2,8.9
2001-01-15T07:00,21.2,76,0.0,1006.0,8.2
2001-01-15T08:00,22.5,73,0.0,1006.7,8.2
2001-01-15T09:00,25.1,63,0.0,1006.9,6.0
2001-01-15T10:00,27.1,57,0.0,1007.2,5.4
2001-01-15T11:00,28.2,54,0.0,1007.1,5.4
2001-01-15T12:00,29.8,49,0.0,1006.6,6.1
2001-01-15T13:00,30.8,46,0.0,1005.6,5.9
2001-01-15T14:00,30.8,46,0.0,1004.4,6.1
2001-01-15T15:00,30.6,47,0.0,1003.4,5.1
2001-01-15T16:00,30.2,49,0.0,1002.7,4.4
2001-01-15T17:00,29.4,51,0.0,1003.1,3.1
2001-01-15T18:00,28.2,56,0.0,1004.0,2.6
2001-01-15T19:00,26.5,69,0.0,1004.4,1.8
2001-01-15T20:00,25.7,64,0.0,1005.3,3.4
2001-01-15T21:00,25.1,65,0.0,1006.1,5.8
2001-01-15T22:00,24.5,67,0.0,1006.4,7.3
2001-01-15T23:00,23.9,70,0.0,1006.5,7.4
2001-01-16T00:00,23.5,71,0.0,1006.2,7.4
2001-01-16T01:00,23.2,72,0.0,1005.6,8.2
2001-01-16T02:00,22.8,74,0.0,1004.8,7.8
2001-01-16T03:00,22.3,76,0.0,1004.4,7.9
2001-01-16T04:00,21.9,77,0.0,1004.3,8.4
2001-01-16T05:00,21.6,78,0.0,1005.2,8.4
2001-01-16T06:00,21.4,79,0.0,1005.5,9.1
2001-01-16T07:00,21.2,80,0.0,1006.0,9.8
2001-01-16T08:00,22.1,78,0.0,1006.4,9.2
2001-01-16T09:00,25.0,65,0.0,1007.3,6.3
2001-01-16T10:00,27.2,55,0.0,1007.1,5.4
2001-01-16T11:00,28.9,47,0.0,1007.4,4.7
2001-01-16T12:00,30.2,41,0.1,1006.8,4.2
2001-01-16T13:00,31.0,37,0.2,1006.0,4.1
2001-01-16T14:00,31.6,33,0.0,1005.0,3.4
2001-01-16T15:00,31.5,33,0.0,1004.0,2.7
2001-01-16T16:00,31.0,35,0.1,1003.7,2.0
2001-01-16T17:00,30.1,38,0.0,1004.1,1.6
2001-01-16T18:00,28.4,46,0.1,1004.6,1.4
2001-01-16T19:00,26.5,54,0.0,1004.9,3.0
2001-01-16T20:00,25.2,61,0.0,1005.7,4.7
2001-01-16T21:00,24.3,65,0.0,1006.6,6.2
2001-01-16T22:00,23.5,67,0.0,1007.1,7.1
2001-01-16T23:00,22.7,69,0.0,1007.4,7.9
2001-01-17T00:00,22.1,71,0.0,1007.0,8.7
2001-01-17T01:00,21.5,73,0.0,1006.5,9.0
2001-01-17T02:00,21.1,76,0.0,1005.6,9.6
2001-01-17T03:00,20.5,77,0.0,1005.1,10.0
2001-01-17T04:00,20.1,77,0.0,1005.2,10.0
2001-01-17T05:00,19.7,76,0.0,1005.7,10.3
2001-01-17T06:00,19.5,75,0.0,1006.1,10.4
2001-01-17T07:00,19.4,75,0.0,1006.7,10.1
2001-01-17T08:00,20.5,72,0.0,1007.6,9.9
2001-01-17T09:00,23.5,62,0.0,1008.2,7.1
2001-01-17T10:00,26.8,47,0.0,1008.2,5.6
2001-01-17T11:00,29.0,37,0.0,1008.2,4.4
2001-01-17T12:00,30.5,32,0.0,1007.5,4.3
2001-01-17T13:00,31.4,30,0.0,1006.4,3.9
2001-01-17T14:00,31.6,31,0.0,1005.1,3.7
2001-01-17T15:00,31.6,32,0.0,1004.3,3.3
2001-01-17T16:00,30.9,35,0.0,1003.8,1.9
2001-01-17T17:00,30.1,38,0.0,1004.6,0.8
2001-01-17T18:00,28.3,49,0.0,1005.2,1.6
2001-01-17T19:00,26.1,56,0.0,1005.0,2.6
2001-01-17T20:00,24.7,63,0.0,1005.8,4.0
2001-01-17T21:00,23.7,67,0.0,1006.6,5.4
2001-01-17T22:00,23.2,68,0.0,1007.3,6.2
2001-01-17T23:00,22.6,67,0.0,1007.4,7.4
2001-01-18T00:00,22.1,66,0.0,1007.3,7.8
2001-01-18T01:00,21.6,66,0.0,1006.6,8.5
2001-01-18T02:00,21.1,69,0.0,1005.9,8.8
2001-01-18T03:00,20.7,69,0.0,1005.4,8.8
2001-01-18T04:00,20.3,70,0.0,1005.3,8.8
2001-01-18T05:00,19.9,71,0.0,1005.4,8.8
2001-01-18T06:00,19.7,72,0.0,1006.0,8.6
2001-01-18T07:00,19.6,73,0.0,1006.3,8.7
2001-01-18T08:00,20.8,72,0.0,1007.2,8.2
2001-01-18T09:00,24.2,62,0.0,1007.7,4.3
2001-01-18T10:00,26.6,54,0.0,1007.9,2.6
2001-01-18T11:00,28.3,50,0.0,1007.7,2.5
2001-01-18T12:00,29.6,47,0.0,1007.2,2.6
2001-01-18T13:00,30.7,43,0.0,1005.7,2.2
2001-01-18T14:00,31.0,43,0.0,1004.5,2.6
2001-01-18T15:00,30.9,43,0.0,1003.9,3.0
2001-01-18T16:00,30.3,46,0.3,1003.8,2.1
2001-01-18T17:00,29.0,51,0.1,1004.5,4.2
2001-01-18T18:00,27.8,57,0.0,1004.9,4.8
2001-01-18T19:00,26.6,64,0.0,1005.0,3.4
2001-01-18T20:00,25.4,71,0.0,1005.8,3.6
2001-01-18T21:00,24.3,79,0.0,1006.7,4.0
2001-01-18T22:00,23.5,83,0.0,1007.6,5.4
2001-01-18T23:00,23.3,80,0.0,1007.8,6.5
2001-01-19T00:00,22.7,82,0.0,1007.8,6.8
2001-01-19T01:00,22.3,82,0.0,1007.4,6.9
2001-01-19T02:00,21.5,83,0.0,1006.7,7.2
2001-01-19T03:00,21.4,82,0.0,1006.4,7.2
2001-01-19T04:00,21.1,81,0.0,1006.1,7.2
2001-01-19T05:00,21.0,80,0.0,1006.3,7.2
2001-01-19T06:00,20.9,78,0.0,1006.7,7.3
2001-01-19T07:00,20.9,77,0.0,1007.1,7.0
2001-01-19T08:00,21.8,77,0.0,1008.2,6.6
2001-01-19T09:00,25.1,62,0.0,1009.0,3.4
2001-01-19T10:00,27.2,55,0.0,1009.2,1.1
2001-01-19T11:00,28.8,50,0.0,1009.0,1.1
2001-01-19T12:00,30.2,47,0.1,1008.1,2.4
2001-01-19T13:00,31.1,44,0.0,1007.3,5.4
2001-01-19T14:00,30.6,47,0.1,1006.3,6.3
2001-01-19T15:00,30.1,50,0.2,1006.0,5.4
2001-01-19T16:00,29.2,55,0.3,1005.8,4.9
2001-01-19T17:00,27.7,60,0.1,1005.5,5.2
2001-01-19T18:00,26.9,65,0.0,1006.2,4.1
2001-01-19T19:00,26.2,70,0.0,1007.0,2.9
2001-01-19T20:00,25.6,74,0.4,1008.1,1.0
2001-01-19T21:00,25.1,77,0.0,1009.3,2.4
2001-01-19T22:00,24.7,79,0.0,1010.0,2.2
2001-01-19T23:00,24.3,79,0.0,1010.2,3.6
2001-01-20T00:00,24.1,80,0.0,1009.9,5.0
2001-01-20T01:00,23.9,80,0.0,1009.4,4.7
2001-01-20T02:00,23.4,83,0.0,1008.7,5.1
2001-01-20T03:00,23.3,82,0.0,1008.1,4.7
2001-01-20T04:00,23.2,82,0.0,1008.2,4.7
2001-01-20T05:00,23.0,83,1.6,1008.3,5.4
2001-01-20T06:00,22.8,83,1.4,1008.6,5.4
2001-01-20T07:00,22.7,83,0.5,1008.6,4.7
2001-01-20T08:00,23.3,81,0.7,1009.8,4.4
2001-01-20T09:00,25.3,72,0.6,1010.8,2.7
2001-01-20T10:00,26.9,64,0.0,1011.0,2.0
2001-01-20T11:00,28.4,58,0.4,1010.8,2.3
2001-01-20T12:00,29.1,55,2.2,1010.5,2.2
2001-01-20T13:00,29.8,53,2.1,1009.6,2.2
2001-01-20T14:00,29.8,54,1.3,1008.4,1.5
2001-01-20T15:00,29.4,56,1.4,1007.8,1.5
2001-01-20T16:00,26.8,71,1.7,1007.3,0.4
2001-01-20T17:00,26.2,72,1.8,1006.9,1.8
2001-01-20T18:00,25.8,75,1.7,1007.6,2.9
2001-01-20T19:00,25.1,85,0.7,1008.2,2.5
2001-01-20T20:00,24.3,85,0.0,1008.6,3.0
2001-01-20T21:00,24.0,85,0.0,1009.4,3.5
2001-01-20T22:00,23.3,88,0.0,1009.8,4.6
2001-01-20T23:00,23.1,88,0.0,1009.7,5.4
2001-01-21T00:00,22.9,86,0.0,1009.4,5.7
2001-01-21T01:00,22.7,84,0.0,1008.7,5.8
2001-01-21T02:00,22.3,87,0.0,1007.6,6.2
2001-01-21T03:00,21.9,86,0.0,1006.8,6.3
2001-01-21T04:00,21.7,86,0.0,1006.8,5.5
2001-01-21T05:00,21.5,86,0.0,1007.2,6.2
2001-01-21T06:00,21.4,87,0.0,1007.8,6.3
2001-01-21T07:00,21.2,88,0.0,1008.3,7.3
2001-01-21T08:00,22.5,84,0.0,1008.5,7.6
2001-01-21T09:00,24.7,71,0.0,1009.5,5.3
2001-01-21T10:00,26.6,62,0.0,1009.4,4.1
2001-01-21T11:00,28.3,55,0.0,1009.7,4.6
2001-01-21T12:00,29.8,48,0.2,1008.9,5.1
2001-01-21T13:00,30.5,44,0.4,1008.2,4.6
2001-01-21T14:00,30.6,43,0.1,1007.3,3.2
2001-01-21T15:00,30.4,43,0.2,1006.5,2.5
2001-01-21T16:00,29.8,45,0.2,1006.6,0.8
2001-01-21T17:00,28.8,50,0.2,1006.8,2.6
2001-01-21T18:00,27.4,59,0.0,1007.2,1.3
2001-01-21T19:00,26.1,66,0.0,1007.3,1.5
2001-01-21T20:00,25.1,71,0.0,1008.1,2.6
2001-01-21T21:00,24.4,74,0.0,1008.6,4.1
2001-01-21T22:00,23.9,75,0.0,1009.4,5.1
2001-01-21T23:00,23.4,75,0.0,1009.7,5.4
2001-01-22T00:00,23.1,75,0.0,1009.7,5.4
2001-01-22T01:00,22.6,76,0.0,1009.2,6.2
2001-01-22T02:00,22.4,80,0.0,1008.5,6.6
2001-01-22T03:00,22.0,79,0.0,1008.0,6.2
2001-01-22T04:00,21.8,79,0.1,1007.7,6.6
2001-01-22T05:00,21.7,79,0.0,1007.8,6.5
2001-01-22T06:00,21.5,80,0.0,1007.9,6.5
2001-01-22T07:00,21.3,81,0.0,1008.1,6.8
2001-01-22T08:00,22.4,79,0.0,1008.6,6.2
2001-01-22T09:00,24.6,67,0.0,1009.7,4.5
2001-01-22T10:00,26.2,60,0.0,1010.2,4.0
2001-01-22T11:00,27.8,55,0.4,1010.0,3.8
2001-01-22T12:00,29.3,50,0.3,1009.0,3.6
2001-01-22T13:00,30.0,46,0.3,1007.9,3.8
2001-01-22T14:00,30.4,46,2.7,1007.2,4.3
2001-01-22T15:00,30.0,46,0.0,1006.4,3.8
2001-01-22T16:00,29.8,46,0.6,1006.2,4.0
2001-01-22T17:00,28.6,50,0.0,1006.3,2.9
2001-01-22T18:00,27.0,57,0.0,1007.0,2.5
2001-01-22T19:00,25.3,74,0.4,1007.3,0.5
2001-01-22T20:00,24.6,75,0.5,1008.1,2.1
2001-01-22T21:00,23.7,78,0.0,1008.6,3.0
2001-01-22T22:00,23.0,80,0.0,1009.3,4.0
2001-01-22T23:00,22.6,81,0.0,1009.9,4.7
2001-01-23T00:00,22.3,80,0.0,1009.5,5.4
2001-01-23T01:00,21.9,81,0.0,1009.2,5.8
2001-01-23T02:00,21.9,82,0.0,1008.2,6.5
2001-01-23T03:00,21.9,80,0.0,1007.7,6.8
2001-01-23T04:00,21.6,80,0.0,1007.5,6.5
2001-01-23T05:00,21.5,80,0.0,1007.3,7.2
2001-01-23T06:00,21.2,81,0.0,1007.8,6.8
2001-01-23T07:00,21.1,81,0.0,1008.1,6.9
2001-01-23T08:00,21.6,83,0.0,1008.9,6.3
2001-01-23T09:00,24.2,69,0.0,1010.1,3.1
2001-01-23T10:00,25.8,62,0.0,1010.3,1.3
2001-01-23T11:00,27.4,57,0.2,1010.1,2.6
2001-01-23T12:00,28.7,52,0.1,1009.4,1.0
2001-01-23T13:00,29.8,47,0.3,1008.4,1.9
2001-01-23T14:00,29.5,49,0.1,1007.8,1.8
2001-01-23T15:00,29.3,49,0.2,1006.8,2.3
2001-01-23T16:00,28.7,51,0.3,1006.3,1.8
2001-01-23T17:00,28.0,54,0.3,1006.1,2.5
2001-01-23T18:00,26.9,58,0.0,1006.9,2.1
2001-01-23T19:00,25.7,66,0.0,1007.3,0.5
2001-01-23T20:00,24.6,73,0.0,1008.1,0.7
2001-01-23T21:00,23.9,76,0.0,1009.2,2.6
2001-01-23T22:00,23.5,74,0.0,1009.3,3.6
2001-01-23T23:00,23.1,76,0.0,1009.7,4.2
2001-01-24T00:00,22.9,74,0.0,1009.2,5.0
2001-01-24T01:00,22.6,74,0.0,1008.5,5.9
2001-01-24T02:00,21.9,84,0.0,1007.7,5.9
2001-01-24T03:00,21.3,85,0.0,1007.4,6.0
2001-01-24T04:00,20.9,85,0.0,1007.5,6.8
2001-01-24T05:00,20.7,85,0.0,1007.5,6.8
2001-01-24T06:00,20.8,84,0.0,1008.1,7.2
2001-01-24T07:00,20.7,83,0.0,1008.4,7.5
2001-01-24T08:00,21.8,80,0.0,1009.3,7.8
2001-01-24T09:00,24.2,68,0.0,1009.9,5.6
2001-01-24T10:00,26.4,59,0.0,1010.1,5.4
2001-01-24T11:00,28.2,53,0.0,1009.7,4.8
2001-01-24T12:00,29.5,48,0.1,1009.1,5.8
2001-01-24T13:00,30.1,45,0.3,1008.2,5.9
2001-01-24T14:00,30.4,43,0.0,1007.2,5.9
2001-01-24T15:00,30.4,42,0.0,1006.3,5.6
2001-01-24T16:00,30.0,43,0.0,1005.8,5.4
2001-01-24T17:00,29.3,44,0.0,1005.9,5.1
2001-01-24T18:00,28.2,47,0.0,1006.8,4.3
2001-01-24T19:00,26.7,52,0.0,1006.9,4.7
2001-01-24T20:00,25.5,57,0.0,1007.9,5.0
2001-01-24T21:00,24.5,60,0.0,1008.4,6.5
2001-01-24T22:00,23.8,64,0.0,1008.9,8.0
2001-01-24T23:00,23.2,66,0.0,1008.7,8.0
2001-01-25T00:00,22.9,67,0.0,1008.3,8.8
2001-01-25T01:00,22.8,67,0.0,1007.8,9.0
2001-01-25T02:00,22.5,68,0.0,1007.1,9.2
2001-01-25T03:00,22.3,68,0.0,1006.8,9.8
2001-01-25T04:00,22.2,68,0.0,1006.4,9.8
2001-01-25T05:00,22.1,69,0.0,1006.3,9.3
2001-01-25T06:00,22.1,69,0.0,1007.2,9.2
2001-01-25T07:00,21.7,73,0.0,1007.8,9.2
2001-01-25T08:00,22.8,70,0.0,1008.6,9.1
2001-01-25T09:00,25.2,62,0.0,1008.9,8.4
2001-01-25T10:00,27.4,54,0.0,1008.8,8.4
2001-01-25T11:00,29.0,49,0.0,1008.5,9.2
2001-01-25T12:00,30.2,44,0.0,1007.9,10.8
2001-01-25T13:00,31.1,41,0.0,1006.8,11.4
2001-01-25T14:00,31.3,40,0.0,1006.4,10.5
2001-01-25T15:00,31.1,40,0.0,1005.5,12.1
2001-01-25T16:00,30.4,42,0.0,1004.7,12.4
2001-01-25T17:00,29.0,47,0.0,1004.7,8.9
2001-01-25T18:00,27.5,53,0.0,1005.1,9.2
2001-01-25T19:00,26.0,59,0.0,1005.3,9.0
2001-01-25T20:00,25.2,62,0.0,1005.9,9.7
2001-01-25T21:00,24.6,65,0.0,1006.5,9.2
2001-01-25T22:00,24.4,66,0.0,1007.0,9.4
2001-01-25T23:00,24.4,67,0.0,1007.2,9.3
2001-01-26T00:00,24.1,69,0.0,1007.1,9.5
2001-01-26T01:00,24.0,69,0.0,1006.5,9.8
2001-01-26T02:00,24.0,70,0.0,1005.6,9.7
2001-01-26T03:00,23.9,71,0.0,1005.4,9.4
2001-01-26T04:00,23.8,72,0.0,1005.0,8.7
2001-01-26T05:00,23.7,72,0.0,1005.5,8.6
2001-01-26T06:00,23.6,73,0.0,1006.1,8.1
2001-01-26T07:00,23.7,73,0.0,1006.0,8.0
2001-01-26T08:00,24.1,73,0.0,1006.8,7.5
2001-01-26T09:00,25.4,69,0.0,1007.4,7.3
2001-01-26T10:00,27.0,62,0.0,1007.3,6.3
2001-01-26T11:00,28.6,56,0.0,1007.4,6.3
2001-01-26T12:00,30.1,50,0.1,1006.8,8.4
2001-01-26T13:00,30.9,46,0.0,1005.5,8.6
2001-01-26T14:00,30.9,45,0.0,1004.6,9.6
2001-01-26T15:00,30.7,46,0.0,1003.7,8.2
2001-01-26T16:00,30.2,46,0.0,1002.8,8.7
2001-01-26T17:00,29.3,49,0.0,1003.7,6.2
2001-01-26T18:00,28.1,52,0.0,1003.9,3.8
2001-01-26T19:00,26.7,56,0.0,1004.8,3.7
2001-01-26T20:00,25.7,60,0.0,1005.4,4.4
2001-01-26T21:00,24.9,62,0.0,1006.0,5.5
2001-01-26T22:00,24.4,64,0.0,1006.5,7.1
2001-01-26T23:00,24.1,66,0.0,1006.5,7.9
2001-01-27T00:00,23.9,67,0.0,1006.3,8.1
2001-01-27T01:00,23.7,68,0.0,1005.3,8.5
2001-01-27T02:00,23.6,66,0.0,1004.9,8.8
2001-01-27T03:00,23.5,66,0.0,1004.3,8.8
2001-01-27T04:00,23.4,66,0.0,1004.4,8.8
2001-01-27T05:00,23.4,67,0.0,1005.1,9.2
2001-01-27T06:00,23.3,67,0.0,1005.4,9.3
2001-01-27T07:00,23.2,68,0.0,1006.2,9.2
2001-01-27T08:00,23.9,68,0.0,1006.7,8.7
2001-01-27T09:00,25.8,61,0.0,1007.3,7.9
2001-01-27T10:00,27.6,56,0.0,1007.3,9.0
2001-01-27T11:00,29.4,49,0.0,1007.4,10.3
2001-01-27T12:00,30.8,43,0.0,1006.8,12.9
2001-01-27T13:00,31.5,39,0.0,1006.0,14.2
2001-01-27T14:00,31.7,37,0.0,1004.9,14.7
2001-01-27T15:00,31.7,37,0.0,1004.2,14.7
2001-01-27T16:00,30.7,40,0.0,1003.7,13.8
2001-01-27T17:00,29.3,46,0.0,1003.9,10.6
2001-01-27T18:00,27.8,52,0.0,1004.4,8.9
2001-01-27T19:00,26.4,57,0.0,1004.9,8.7
2001-01-27T20:00,25.3,60,0.0,1005.5,9.7
2001-01-27T21:00,24.6,60,0.0,1006.6,10.2
2001-01-27T22:00,24.1,58,0.0,1007.0,10.7
2001-01-27T23:00,23.9,56,0.0,1006.9,11.1
2001-01-28T00:00,23.7,55,0.0,1006.8,11.1
2001-01-28T01:00,23.5,54,0.0,1006.4,11.9
2001-01-28T02:00,23.2,54,0.0,1005.7,12.0
2001-01-28T03:00,23.0,53,0.0,1005.1,12.1
2001-01-28T04:00,22.9,54,0.0,1005.0,12.1
2001-01-28T05:00,22.6,55,0.0,1005.8,11.5
2001-01-28T06:00,22.5,56,0.0,1006.3,11.4
2001-01-28T07:00,22.4,58,0.0,1007.0,11.6
2001-01-28T08:00,23.2,58,0.0,1007.6,11.6
2001-01-28T09:00,25.4,54,0.0,1008.0,10.1
2001-01-28T10:00,27.7,48,0.0,1008.0,9.2
2001-01-28T11:00,29.6,42,0.0,1007.9,9.5
2001-01-28T12:00,30.8,38,0.0,1007.2,9.8
2001-01-28T13:00,31.5,37,0.0,1006.0,10.3
2001-01-28T14:00,31.9,35,0.0,1005.0,9.8
2001-01-28T15:00,31.7,36,0.0,1004.3,9.2
2001-01-28T16:00,31.1,37,0.0,1004.3,8.0
2001-01-28T17:00,29.9,41,0.0,1004.9,5.9
2001-01-28T18:00,28.4,45,0.0,1005.5,5.1
2001-01-28T19:00,26.9,50,0.0,1005.6,4.3
2001-01-28T20:00,25.6,54,0.0,1006.2,4.4
2001-01-28T21:00,24.6,58,0.0,1007.1,6.6
2001-01-28T22:00,24.0,60,0.0,1007.0,7.9
2001-01-28T23:00,23.5,61,0.0,1006.8,8.7
2001-01-29T00:00,23.2,60,0.0,1006.4,9.9
2001-01-29T01:00,22.9,59,0.0,1006.0,10.5
2001-01-29T02:00,22.8,60,0.0,1005.4,11.0
2001-01-29T03:00,22.6,60,0.0,1004.9,11.1
2001-01-29T04:00,22.3,61,0.0,1004.6,11.0
2001-01-29T05:00,22.2,61,0.0,1005.7,10.8
2001-01-29T06:00,22.3,61,0.0,1006.3,11.3
2001-01-29T07:00,22.2,62,0.0,1006.6,11.2
2001-01-29T08:00,23.0,61,0.0,1007.1,9.7
2001-01-29T09:00,25.6,54,0.0,1007.6,7.3
2001-01-29T10:00,28.1,49,0.0,1007.4,5.5
2001-01-29T11:00,29.7,46,0.0,1006.9,4.6
2001-01-29T12:00,31.1,43,0.0,1006.3,4.3
2001-01-29T13:00,31.8,42,0.0,1005.3,3.6
2001-01-29T14:00,32.3,40,0.0,1004.5,2.5
2001-01-29T15:00,32.5,38,0.0,1003.5,2.3
2001-01-29T16:00,31.8,40,0.0,1002.9,2.4
2001-01-29T17:00,30.8,43,0.1,1003.6,5.2
2001-01-29T18:00,29.2,50,0.0,1004.2,4.3
2001-01-29T19:00,27.4,59,0.0,1004.7,3.6
2001-01-29T20:00,26.3,65,0.0,1004.9,4.5
2001-01-29T21:00,25.4,69,0.0,1005.6,5.9
2001-01-29T22:00,24.6,72,0.0,1006.1,6.5
2001-01-29T23:00,23.8,74,0.0,1006.3,7.2
2001-01-30T00:00,23.2,75,0.0,1006.3,7.6
2001-01-30T01:00,22.8,76,0.0,1005.8,8.0
2001-01-30T02:00,22.5,75,0.0,1005.2,8.4
2001-01-30T03:00,22.3,74,0.0,1004.6,8.8
2001-01-30T04:00,22.0,74,0.0,1004.5,9.3
2001-01-30T05:00,21.7,74,0.0,1005.0,8.4
2001-01-30T06:00,21.5,73,0.0,1005.2,8.6
2001-01-30T07:00,21.5,73,0.0,1005.8,9.0
2001-01-30T08:00,22.3,71,0.0,1005.9,9.0
2001-01-30T09:00,25.2,61,0.0,1006.6,6.3
2001-01-30T10:00,27.4,54,0.0,1006.6,5.4
2001-01-30T11:00,29.3,48,0.0,1006.2,5.1
2001-01-30T12:00,30.6,44,0.0,1005.5,5.0
2001-01-30T13:00,31.5,41,0.0,1004.3,4.8
2001-01-30T14:00,32.2,39,0.0,1003.0,4.7
2001-01-30T15:00,32.1,39,0.0,1002.1,4.6
2001-01-30T16:00,31.7,39,0.0,1001.7,3.5
2001-01-30T17:00,30.8,42,0.0,1002.4,3.6
2001-01-30T18:00,29.3,47,0.1,1003.0,2.5
2001-01-30T19:00,27.5,56,0.0,1003.5,2.0
2001-01-30T20:00,26.2,62,0.0,1003.9,2.6
2001-01-30T21:00,25.1,67,0.0,1004.7,4.4
2001-01-30T22:00,24.4,69,0.0,1005.1,5.9
2001-01-30T23:00,23.5,70,0.0,1005.3,7.1
2001-01-31T00:00,22.9,70,0.0,1005.3,7.9
2001-01-31T01:00,22.4,71,0.0,1004.7,9.0
2001-01-31T02:00,22.3,71,0.0,1004.0,9.4
2001-01-31T03:00,22.1,71,0.0,1003.4,9.4
2001-01-31T04:00,21.7,71,0.0,1003.3,9.9
2001-01-31T05:00,21.5,71,0.0,1004.2,9.3
2001-01-31T06:00,21.4,71,0.0,1004.7,9.3
2001-01-31T07:00,21.5,71,0.0,1005.3,9.0
2001-01-31T08:00,22.4,70,0.0,1006.0,9.0
2001-01-31T09:00,25.1,61,0.0,1006.5,6.4
2001-01-31T10:00,27.3,54,0.0,1006.6,6.5
2001-01-31T11:00,29.1,49,0.0,1006.1,6.5
2001-01-31T12:00,30.5,45,0.0,1005.5,5.8
2001-01-31T13:00,31.4,42,0.0,1004.1,5.6
2001-01-31T14:00,32.3,38,0.0,1003.2,2.7
2001-01-31T15:00,32.3,38,0.0,1002.3,3.3
2001-01-31T16:00,31.9,38,0.0,1001.7,3.3
2001-01-31T17:00,31.1,40,0.0,1002.5,4.0
2001-01-31T18:00,29.7,44,0.0,1002.9,3.3
2001-01-31T19:00,28.0,50,0.0,1003.1,3.8
2001-01-31T20:00,26.6,55,0.0,1003.7,5.8
2001-01-31T21:00,25.7,59,0.0,1004.7,6.9
2001-01-31T22:00,24.7,63,0.0,1005.3,8.2
2001-01-31T23:00,23.9,66,0.0,1005.3,8.9
2001-02-01T00:00,23.3,69,0.0,1005.0,9.9
2001-02-01T01:00,23.0,70,0.0,1004.6,10.2
2001-02-01T02:00,22.4,72,0.0,1003.4,10.2
2001-02-01T03:00,22.3,72,0.0,1002.9,10.6
2001-02-01T04:00,22.3,71,0.0,1002.9,11.2
2001-02-01T05:00,22.4,70,0.0,1003.9,10.0
2001-02-01T06:00,22.6,68,0.0,1004.3,10.5
2001-02-01T07:00,22.8,68,0.0,1004.9,10.2
2001-02-01T08:00,23.5,67,0.0,1005.6,9.7
2001-02-01T09:00,25.7,60,0.0,1006.1,8.7
2001-02-01T10:00,27.6,53,0.0,1006.5,8.2
2001-02-01T11:00,29.3,47,0.0,1006.2,9.2
2001-02-01T12:00,30.6,42,0.0,1005.6,10.8
2001-02-01T13:00,31.7,39,0.0,1004.2,11.8
2001-02-01T14:00,32.1,38,0.0,1003.0,12.0
2001-02-01T15:00,31.7,38,0.0,1002.3,11.0
2001-02-01T16:00,31.1,39,0.0,1002.0,9.4
2001-02-01T17:00,30.1,42,0.0,1002.7,7.1
2001-02-01T18:00,28.5,46,0.0,1003.3,6.3
2001-02-01T19:00,27.0,51,0.0,1003.8,5.9
2001-02-01T20:00,25.7,56,0.0,1004.5,6.9
2001-02-01T21:00,24.6,60,0.0,1005.7,8.5
2001-02-01T22:00,23.9,63,0.0,1006.3,8.3
2001-02-01T23:00,23.3,65,0.0,1006.6,9.3
2001-02-02T00:00,22.9,65,0.0,1006.3,10.0
2001-02-02T01:00,22.5,66,0.0,1005.5,10.4
2001-02-02T02:00,22.3,66,0.0,1004.4,10.4
2001-02-02T03:00,22.1,65,0.0,1003.8,11.1
2001-02-02T04:00,22.2,63,0.0,1003.9,10.7
2001-02-02T05:00,22.0,62,0.0,1004.5,10.4
2001-02-02T06:00,22.0,61,0.0,1005.0,10.0
2001-02-02T07:00,21.9,61,0.0,1005.5,10.1
2001-02-02T08:00,22.7,60,0.0,1005.9,10.1
2001-02-02T09:00,25.1,53,0.0,1006.4,8.9
2001-02-02T10:00,27.3,49,0.0,1006.6,7.9
2001-02-02T11:00,28.9,45,0.0,1006.6,7.1
2001-02-02T12:00,30.1,41,0.0,1006.2,7.1
2001-02-02T13:00,31.2,38,0.0,1004.8,7.1
2001-02-02T14:00,31.5,37,0.0,1003.4,6.4
2001-02-02T15:00,31.4,37,0.0,1002.2,6.8
2001-02-02T16:00,30.8,38,0.0,1001.6,7.1
2001-02-02T17:00,29.8,41,0.0,1002.1,6.2
2001-02-02T18:00,28.4,45,0.0,1002.8,6.9
2001-02-02T19:00,26.8,50,0.0,1003.5,5.8
2001-02-02T20:00,25.6,54,0.0,1003.6,5.4
2001-02-02T21:00,24.6,57,0.0,1004.6,7.0
2001-02-02T22:00,23.8,61,0.0,1005.3,8.6
2001-02-02T23:00,23.2,64,0.0,1005.4,8.7
2001-02-03T00:00,22.9,65,0.0,1005.3,8.7
2001-02-03T01:00,22.6,66,0.0,1004.8,8.9
2001-02-03T02:00,22.3,68,0.0,1004.1,9.8
2001-02-03T03:00,21.9,68,0.0,1003.3,10.0
2001-02-03T04:00,21.8,66,0.0,1003.4,10.4
2001-02-03T05:00,21.3,67,0.0,1003.5,10.7
2001-02-03T06:00,21.0,67,0.0,1004.0,10.6
2001-02-03T07:00,20.5,69,0.0,1004.5,10.4
2001-02-03T08:00,21.7,65,0.0,1005.1,9.9
2001-02-03T09:00,24.8,52,0.0,1006.2,7.0
2001-02-03T10:00,27.5,44,0.0,1006.6,5.8
2001-02-03T11:00,29.4,39,0.0,1006.3,5.4
2001-02-03T12:00,30.7,37,0.0,1005.8,4.9
2001-02-03T13:00,31.6,35,0.0,1004.7,5.4
2001-02-03T14:00,31.9,34,0.0,1003.6,5.6
2001-02-03T15:00,32.0,34,0.0,1002.4,4.2
2001-02-03T16:00,31.5,35,0.0,1002.2,3.9
2001-02-03T17:00,30.5,38,0.3,1002.7,3.1
2001-02-03T18:00,29.1,41,0.0,1003.9,4.0
2001-02-03T19:00,27.4,46,0.0,1003.9,4.0
2001-02-03T20:00,26.1,50,0.0,1004.4,4.1
2001-02-03T21:00,25.1,54,0.0,1005.2,5.4
2001-02-03T22:00,24.3,56,0.0,1005.6,6.2
2001-02-03T23:00,23.6,58,0.0,1005.8,6.6
2001-02-04T00:00,23.1,60,0.0,1005.9,7.5
2001-02-04T01:00,22.8,61,0.0,1005.5,7.9
2001-02-04T02:00,22.5,67,0.0,1004.8,8.2
2001-02-04T03:00,22.1,68,0.0,1004.3,8.2
2001-02-04T04:00,22.0,68,0.0,1004.1,9.0
2001-02-04T05:00,21.6,70,0.0,1004.6,8.3
2001-02-04T06:00,21.4,70,0.0,1004.9,7.7
2001-02-04T07:00,21.4,71,0.0,1005.3,7.9
2001-02-04T08:00,22.3,71,0.0,1006.0,8.0
2001-02-04T09:00,25.0,61,0.0,1006.3,6.4
2001-02-04T10:00,27.0,55,0.0,1006.4,6.9
2001-02-04T11:00,28.9,48,0.0,1006.2,6.8
2001-02-04T12:00,30.2,43,0.0,1005.8,7.7
2001-02-04T13:00,31.0,40,0.0,1004.5,7.4
2001-02-04T14:00,31.5,39,0.0,1003.5,7.4
2001-02-04T15:00,31.6,38,0.0,1002.1,6.7
2001-02-04T16:00,31.0,40,0.0,1002.0,5.2
2001-02-04T17:00,30.0,43,0.0,1002.9,2.4
2001-02-04T18:00,28.8,46,0.0,1003.7,2.2
2001-02-04T19:00,27.3,52,0.0,1003.8,2.5
2001-02-04T20:00,25.9,58,0.0,1004.1,3.6
2001-02-04T21:00,24.8,63,0.0,1004.9,4.7
2001-02-04T22:00,24.2,65,0.0,1005.3,5.9
2001-02-04T23:00,23.4,67,0.0,1005.8,6.6
2001-02-05T00:00,23.0,67,0.0,1005.9,7.3
2001-02-05T01:00,22.7,67,0.0,1005.4,8.0
2001-02-05T02:00,22.4,68,0.0,1004.6,8.8
2001-02-05T03:00,22.1,68,0.0,1004.1,9.2
2001-02-05T04:00,21.9,68,0.0,1003.8,9.3
2001-02-05T05:00,21.7,68,0.0,1004.6,8.4
2001-02-05T06:00,21.5,68,0.0,1004.6,8.9
2001-02-05T07:00,21.4,69,0.0,1005.0,9.0
2001-02-05T08:00,22.3,69,0.0,1005.6,8.8
2001-02-05T09:00,25.1,59,0.0,1006.2,6.1
2001-02-05T10:00,27.4,53,0.0,1006.3,6.4
2001-02-05T11:00,29.2,47,0.0,1006.5,6.9
2001-02-05T12:00,30.5,43,0.0,1005.7,7.7
2001-02-05T13:00,31.4,39,0.0,1004.3,9.2
2001-02-05T14:00,31.7,38,0.0,1002.9,9.9
2001-02-05T15:00,31.6,38,0.0,1001.6,11.5
2001-02-05T16:00,31.1,39,0.0,1001.4,9.5
2001-02-05T17:00,30.0,41,0.0,1001.7,7.1
2001-02-05T18:00,28.5,45,0.0,1002.2,6.4
2001-02-05T19:00,27.0,49,0.0,1002.3,5.2
2001-02-05T20:00,25.8,53,0.0,1002.9,6.0
2001-02-05T21:00,25.0,55,0.0,1004.0,7.1
2001-02-05T22:00,24.5,56,0.0,1004.3,7.9
2001-02-05T23:00,24.1,57,0.0,1004.8,7.9
2001-02-06T00:00,23.8,56,0.0,1004.6,9.0
2001-02-06T01:00,23.5,57,0.0,1004.1,9.8
2001-02-06T02:00,22.9,60,0.0,1003.0,10.8
2001-02-06T03:00,22.7,61,0.0,1002.3,11.3
2001-02-06T04:00,22.6,62,0.0,1002.0,12.4
2001-02-06T05:00,22.6,63,0.0,1002.7,12.4
2001-02-06T06:00,22.6,63,0.0,1003.1,11.8
2001-02-06T07:00,22.6,64,0.0,1003.2,11.2
2001-02-06T08:00,23.5,63,0.0,1004.0,10.8
2001-02-06T09:00,25.9,56,0.0,1004.5,8.9
2001-02-06T10:00,28.2,49,0.0,1004.8,8.7
2001-02-06T11:00,29.7,45,0.0,1004.6,9.3
2001-02-06T12:00,31.1,41,0.0,1003.9,11.1
2001-02-06T13:00,32.0,39,0.0,1002.6,12.8
2001-02-06T14:00,32.4,37,0.0,1001.4,13.8
2001-02-06T15:00,32.2,38,0.0,1000.6,14.0
2001-02-06T16:00,31.3,40,0.0,1000.1,12.7
2001-02-06T17:00,30.2,44,0.0,1000.5,8.4
2001-02-06T18:00,28.7,48,0.0,1001.5,7.6
2001-02-06T19:00,27.2,53,0.0,1001.5,8.0
2001-02-06T20:00,26.0,57,0.0,1001.9,9.9
2001-02-06T21:00,25.4,59,0.0,1002.4,11.5
2001-02-06T22:00,24.9,60,0.0,1003.0,11.6
2001-02-06T23:00,24.7,59,0.0,1003.1,12.0
2001-02-07T00:00,24.5,60,0.0,1003.3,11.8
2001-02-07T01:00,24.3,60,0.0,1003.0,11.7
2001-02-07T02:00,24.2,61,0.0,1002.2,11.7
2001-02-07T03:00,24.1,61,0.0,1001.7,11.6
2001-02-07T04:00,23.9,62,0.0,1001.6,11.5
2001-02-07T05:00,24.0,61,0.0,1002.6,10.2
2001-02-07T06:00,24.0,62,0.0,1003.0,10.1
2001-02-07T07:00,23.8,63,0.0,1003.2,10.2
2001-02-07T08:00,24.6,62,0.0,1004.1,10.0
2001-02-07T09:00,26.6,56,0.0,1004.7,8.9
2001-02-07T10:00,28.6,51,0.0,1005.1,8.6
2001-02-07T11:00,30.0,48,0.0,1004.8,9.7
2001-02-07T12:00,31.1,45,0.0,1003.8,11.0
2001-02-07T13:00,32.0,42,0.0,1002.8,12.2
2001-02-07T14:00,32.2,42,0.0,1001.6,12.8
2001-02-07T15:00,32.2,42,0.0,1000.9,12.6
2001-02-07T16:00,31.6,43,0.0,1000.4,12.1
2001-02-07T17:00,30.5,47,0.0,1000.9,7.6
2001-02-07T18:00,29.0,51,0.0,1001.5,7.3
2001-02-07T19:00,27.5,56,0.0,1001.5,7.0
2001-02-07T20:00,26.4,60,0.0,1002.1,7.8
2001-02-07T21:00,25.9,61,0.0,1002.6,8.2
2001-02-07T22:00,25.7,61,0.0,1002.9,8.7
2001-02-07T23:00,25.5,62,0.0,1003.1,9.0
2001-02-08T00:00,25.3,62,0.0,1003.1,9.2
2001-02-08T01:00,25.1,64,0.0,1002.8,9.6
2001-02-08T02:00,24.8,64,0.0,1002.1,9.3
2001-02-08T03:00,24.7,65,0.0,1001.6,9.3
2001-02-08T04:00,24.5,66,0.0,1001.6,8.8
2001-02-08T05:00,24.5,66,0.0,1002.1,9.5
2001-02-08T06:00,24.3,68,0.0,1002.9,8.1
2001-02-08T07:00,23.7,74,0.0,1003.3,7.1
2001-02-08T08:00,24.7,70,0.0,1004.0,7.1
2001-02-08T09:00,26.9,61,0.0,1004.3,6.8
2001-02-08T10:00,28.8,56,0.0,1004.4,7.7
2001-02-08T11:00,30.3,51,0.0,1004.4,8.9
2001-02-08T12:00,31.4,49,0.0,1004.0,9.8
2001-02-08T13:00,31.8,48,0.0,1003.1,10.3
2001-02-08T14:00,32.7,43,0.0,1002.0,9.1
2001-02-08T15:00,32.7,43,0.0,1001.2,7.9
2001-02-08T16:00,31.9,45,0.0,1000.9,7.6
2001-02-08T17:00,30.7,48,0.0,1001.6,7.0
2001-02-08T18:00,29.5,51,0.0,1001.5,5.5
2001-02-08T19:00,28.2,54,0.0,1001.7,5.6
2001-02-08T20:00,27.2,58,0.0,1002.1,7.3
2001-02-08T21:00,26.5,61,0.0,1002.6,9.6
2001-02-08T22:00,25.9,64,0.0,1003.2,10.4
2001-02-08T23:00,25.6,66,0.0,1003.3,10.5
2001-02-09T00:00,25.4,67,0.0,1003.1,10.6
2001-02-09T01:00,25.2,68,0.0,1002.4,10.5
2001-02-09T02:00,24.9,70,0.0,1001.6,10.7
2001-02-09T03:00,24.8,70,0.0,1001.1,10.6
2001-02-09T04:00,24.7,69,0.0,1000.8,11.2
2001-02-09T05:00,24.7,68,0.0,1002.1,11.1
2001-02-09T06:00,24.7,67,0.0,1002.0,11.3
2001-02-09T07:00,24.6,67,0.0,1002.5,11.5
2001-02-09T08:00,25.3,65,0.0,1002.7,10.9
2001-02-09T09:00,27.1,59,0.0,1003.3,10.8
2001-02-09T10:00,29.0,52,0.0,1003.2,10.0
2001-02-09T11:00,30.4,48,0.0,1003.3,11.6
2001-02-09T12:00,31.8,44,0.0,1002.7,12.4
2001-02-09T13:00,32.7,41,0.0,1002.2,11.9
2001-02-09T14:00,33.1,40,0.0,1001.0,11.9
2001-02-09T15:00,33.0,40,0.0,1000.1,11.8
2001-02-09T16:00,32.2,42,0.0,999.8,11.0
2001-02-09T17:00,31.1,45,0.0,1000.3,7.6
2001-02-09T18:00,29.7,49,0.0,1000.4,6.4
2001-02-09T19:00,28.2,53,0.0,1001.1,6.3
2001-02-09T20:00,27.2,56,0.0,1001.5,6.8
2001-02-09T21:00,26.4,59,0.0,1002.3,7.5
2001-02-09T22:00,25.7,62,0.0,1002.8,9.3
2001-02-09T23:00,25.5,63,0.0,1003.1,9.3
2001-02-10T00:00,25.4,64,0.0,1003.2,8.4
2001-02-10T01:00,25.3,64,0.0,1002.4,8.9
2001-02-10T02:00,24.9,65,0.0,1001.7,8.8
2001-02-10T03:00,24.7,65,0.0,1000.9,8.9
2001-02-10T04:00,24.6,66,0.0,1000.5,8.0
2001-02-10T05:00,24.6,66,0.0,1001.1,7.7
2001-02-10T06:00,24.5,67,0.0,1001.4,8.0
2001-02-10T07:00,24.4,68,0.0,1001.7,9.4
2001-02-10T08:00,25.2,67,0.0,1002.0,9.9
2001-02-10T09:00,27.1,61,0.0,1002.6,8.8
2001-02-10T10:00,28.7,56,0.0,1002.5,8.7
2001-02-10T11:00,30.6,49,0.0,1002.3,9.5
2001-02-10T12:00,32.1,44,0.0,1002.1,10.6
2001-02-10T13:00,33.0,42,0.0,1000.9,12.3
2001-02-10T14:00,33.2,41,0.0,999.9,12.2
2001-02-10T15:00,32.9,42,0.0,999.2,11.8
2001-02-10T16:00,31.5,45,0.0,999.0,12.4
2001-02-10T17:00,30.1,50,0.0,999.3,9.0
2001-02-10T18:00,28.5,55,0.0,999.8,7.8
2001-02-10T19:00,27.2,60,0.0,1000.3,8.7
2001-02-10T20:00,26.5,62,0.0,1001.0,9.7
2001-02-10T21:00,26.0,63,0.0,1001.4,11.8
2001-02-10T22:00,25.7,64,0.0,1001.8,12.3
2001-02-10T23:00,25.3,65,0.0,1001.9,12.7
2001-02-11T00:00,25.1,66,0.0,1001.8,12.9
2001-02-11T01:00,24.9,67,0.0,1001.8,13.5
2001-02-11T02:00,24.8,68,0.0,1001.6,13.6
2001-02-11T03:00,24.8,70,0.0,1001.5,14.6
2001-02-11T04:00,24.7,70,0.0,1001.2,15.7
2001-02-11T05:00,24.7,68,0.0,1002.0,14.8
2001-02-11T06:00,24.7,66,0.0,1002.3,16.2
2001-02-11T07:00,24.7,65,0.0,1002.4,16.5
2001-02-11T08:00,25.3,63,0.0,1003.1,15.8
2001-02-11T09:00,26.6,59,0.0,1003.3,16.8
2001-02-11T10:00,28.4,52,0.0,1003.6,19.1
2001-02-11T11:00,29.9,46,0.0,1003.5,20.8
2001-02-11T12:00,31.0,42,0.0,1002.9,22.7
2001-02-11T13:00,31.9,39,0.0,1001.6,23.7
2001-02-11T14:00,32.0,38,0.0,1000.8,23.7
2001-02-11T15:00,31.6,39,0.0,999.6,24.0
2001-02-11T16:00,31.1,41,0.0,999.1,23.8
2001-02-11T17:00,29.7,46,0.0,999.6,18.5
2001-02-11T18:00,28.3,51,0.0,1000.5,15.3
2001-02-11T19:00,26.8,57,0.0,1000.6,15.4
2001-02-11T20:00,26.0,59,0.0,1001.3,15.9
2001-02-11T21:00,25.6,60,0.0,1001.8,16.2
2001-02-11T22:00,25.5,60,0.0,1002.5,16.1
2001-02-11T23:00,25.4,61,0.0,1002.9,15.6
2001-02-12T00:00,25.2,61,0.0,1002.8,14.9
2001-02-12T01:00,25.1,62,0.0,1002.6,14.6
2001-02-12T02:00,24.8,60,0.0,1002.4,13.9
2001-02-12T03:00,24.6,60,0.0,1001.8,13.8
2001-02-12T04:00,24.3,61,0.0,1001.6,14.2
2001-02-12T05:00,24.3,61,0.0,1002.1,12.7
2001-02-12T06:00,24.1,62,0.0,1002.6,12.1
2001-02-12T07:00,24.1,62,0.0,1002.9,11.5
2001-02-12T08:00,24.9,61,0.0,1003.8,12.2
2001-02-12T09:00,26.7,56,0.0,1004.0,11.9
2001-02-12T10:00,28.6,50,0.0,1004.7,12.2
2001-02-12T11:00,30.2,45,0.0,1004.7,14.3
2001-02-12T12:00,31.4,41,0.0,1004.3,15.3
2001-02-12T13:00,32.3,39,0.0,1003.2,16.6
2001-02-12T14:00,32.5,39,0.0,1002.2,17.1
2001-02-12T15:00,32.1,40,0.0,1001.4,18.0
2001-02-12T16:00,31.5,41,0.0,1001.0,18.0
2001-02-12T17:00,30.5,44,0.0,1001.8,10.9
2001-02-12T18:00,28.8,50,0.0,1002.0,9.4
2001-02-12T19:00,27.2,56,0.0,1002.3,10.0
2001-02-12T20:00,26.3,60,0.0,1002.9,11.9
2001-02-12T21:00,26.0,60,0.0,1003.4,12.7
2001-02-12T22:00,25.8,61,0.0,1004.2,13.0
2001-02-12T23:00,25.6,61,0.0,1004.4,13.5
2001-02-13T00:00,25.3,62,0.0,1003.9,13.4
2001-02-13T01:00,25.1,63,0.0,1003.8,13.6
2001-02-13T02:00,24.8,63,0.0,1003.0,13.2
2001-02-13T03:00,24.8,63,0.0,1002.7,12.4
2001-02-13T04:00,24.7,63,0.0,1002.3,11.7
2001-02-13T05:00,24.6,64,0.0,1003.0,10.6
2001-02-13T06:00,24.5,64,0.0,1003.2,10.0
2001-02-13T07:00,24.6,64,0.0,1004.0,9.7
2001-02-13T08:00,25.3,63,0.0,1004.6,8.9
2001-02-13T09:00,27.3,57,0.0,1005.0,9.0
2001-02-13T10:00,28.9,52,0.0,1005.2,9.6
2001-02-13T11:00,30.3,48,0.0,1004.9,11.3
2001-02-13T12:00,31.7,44,0.0,1004.1,12.7
2001-02-13T13:00,32.7,41,0.0,1003.0,12.9
2001-02-13T14:00,33.0,40,0.0,1002.0,13.7
2001-02-13T15:00,32.7,41,0.0,1000.9,13.5
2001-02-13T16:00,32.0,43,0.0,1000.5,12.1
2001-02-13T17:00,30.8,46,0.0,1001.1,8.0
2001-02-13T18:00,29.1,51,0.0,1002.0,7.8
2001-02-13T19:00,27.7,55,0.0,1002.6,8.4
2001-02-13T20:00,26.7,59,0.0,1003.1,8.8
2001-02-13T21:00,26.1,62,0.0,1003.6,10.6
2001-02-13T22:00,25.8,63,0.0,1004.1,11.5
2001-02-13T23:00,25.6,64,0.0,1004.1,11.7
2001-02-14T00:00,25.4,65,0.0,1003.7,11.4
2001-02-14T01:00,25.1,67,0.0,1003.2,10.5
2001-02-14T02:00,24.8,66,0.0,1002.5,10.6
2001-02-14T03:00,24.6,67,0.0,1002.1,10.6
2001-02-14T04:00,24.5,67,0.0,1001.7,10.6
2001-02-14T05:00,24.5,67,0.0,1002.6,10.6
2001-02-14T06:00,24.4,68,0.0,1002.6,10.5
2001-02-14T07:00,24.3,69,0.0,1003.3,10.1
2001-02-14T08:00,24.9,67,0.0,1003.7,10.3
2001-02-14T09:00,26.8,61,0.0,1003.8,10.9
2001-02-14T10:00,28.5,54,0.0,1004.1,12.2
2001-02-14T11:00,30.5,48,0.0,1004.4,12.3
2001-02-14T12:00,31.7,44,0.0,1003.7,11.8
2001-02-14T13:00,32.6,41,0.0,1002.8,11.0
2001-02-14T14:00,33.0,40,0.0,1001.7,11.2
2001-02-14T15:00,32.8,40,0.0,1000.8,11.1
2001-02-14T16:00,31.9,43,0.0,1000.2,10.0
2001-02-14T17:00,30.7,46,0.0,1000.3,8.4
2001-02-14T18:00,29.3,50,0.0,1000.7,7.8
2001-02-14T19:00,27.7,55,0.0,1001.2,8.0
2001-02-14T20:00,26.7,58,0.0,1001.9,7.7
2001-02-14T21:00,26.0,61,0.0,1002.4,8.5
2001-02-14T22:00,25.5,64,0.0,1003.0,10.0
2001-02-14T23:00,25.2,66,0.0,1003.1,10.2
2001-02-15T00:00,25.0,67,0.0,1003.1,10.2
2001-02-15T01:00,24.9,67,0.0,1002.5,10.0
2001-02-15T02:00,24.8,68,0.0,1001.9,9.8
2001-02-15T03:00,24.6,69,0.0,1001.5,9.6
2001-02-15T04:00,24.5,68,0.0,1001.2,9.3
2001-02-15T05:00,24.5,67,0.0,1001.6,9.5
2001-02-15T06:00,24.5,66,0.0,1001.7,8.6
2001-02-15T07:00,24.6,67,0.0,1002.4,8.4
2001-02-15T08:00,25.4,65,0.0,1003.2,7.6
2001-02-15T09:00,27.1,59,0.0,1003.7,7.5
2001-02-15T10:00,28.7,54,0.0,1004.1,7.6
2001-02-15T11:00,30.4,48,0.0,1004.3,6.9
2001-02-15T12:00,31.7,44,0.0,1003.9,7.0
2001-02-15T13:00,32.4,42,0.2,1002.7,5.2
2001-02-15T14:00,32.8,40,0.0,1002.0,4.6
2001-02-15T15:00,32.8,40,0.0,1001.2,5.2
2001-02-15T16:00,32.1,41,0.2,1001.0,4.8
2001-02-15T17:00,31.2,44,0.2,1001.3,5.1
2001-02-15T18:00,29.8,48,0.0,1002.0,6.5
2001-02-15T19:00,28.4,52,0.0,1002.7,5.4
2001-02-15T20:00,27.3,55,0.0,1003.2,6.3
2001-02-15T21:00,26.5,58,0.0,1004.0,7.8
2001-02-15T22:00,25.8,61,0.0,1004.9,8.8
2001-02-15T23:00,25.4,64,0.0,1004.8,9.4
2001-02-16T00:00,24.9,66,0.0,1004.9,9.2
2001-02-16T01:00,24.7,68,0.0,1004.3,9.4
2001-02-16T02:00,24.4,69,0.0,1003.6,9.3
2001-02-16T03:00,24.3,69,0.0,1003.2,9.3
2001-02-16T04:00,24.2,69,0.0,1003.1,9.7
2001-02-16T05:00,24.1,70,0.0,1003.7,8.9
2001-02-16T06:00,24.0,70,0.0,1004.0,9.0
2001-02-16T07:00,23.9,72,0.0,1005.0,9.2
2001-02-16T08:00,24.6,70,0.0,1005.2,9.7
2001-02-16T09:00,26.5,62,0.0,1005.4,10.0
2001-02-16T10:00,28.9,52,0.0,1006.3,8.4
2001-02-16T11:00,30.6,46,0.0,1006.2,7.3
2001-02-16T12:00,31.8,42,0.0,1005.8,6.6
2001-02-16T13:00,32.6,40,0.0,1005.2,5.4
2001-02-16T14:00,33.0,39,0.0,1004.3,4.5
2001-02-16T15:00,32.9,39,0.0,1003.8,3.8
2001-02-16T16:00,32.3,41,0.0,1003.4,4.0
2001-02-16T17:00,31.5,43,0.0,1003.4,2.9
2001-02-16T18:00,30.2,47,0.0,1004.6,4.7
2001-02-16T19:00,28.6,52,0.0,1004.9,3.3
2001-02-16T20:00,27.4,55,0.0,1005.6,4.1
2001-02-16T21:00,26.5,58,0.0,1006.5,6.1
2001-02-16T22:00,25.9,60,0.0,1006.9,7.1
2001-02-16T23:00,25.2,63,0.0,1007.0,7.7
2001-02-17T00:00,24.7,65,0.0,1006.9,8.1
2001-02-17T01:00,24.3,66,0.0,1006.1,8.5
2001-02-17T02:00,24.1,69,0.0,1005.4,9.0
2001-02-17T03:00,23.7,70,0.0,1005.1,8.8
2001-02-17T04:00,23.5,71,0.0,1004.9,8.6
2001-02-17T05:00,23.2,72,0.0,1005.8,9.2
2001-02-17T06:00,23.1,72,0.0,1006.4,9.5
2001-02-17T07:00,22.8,74,0.0,1006.7,9.6
2001-02-17T08:00,24.0,70,0.0,1007.4,9.6
2001-02-17T09:00,26.4,60,0.0,1007.8,8.8
2001-02-17T10:00,28.6,51,0.0,1008.0,7.8
2001-02-17T11:00,30.2,45,0.0,1007.9,6.7
2001-02-17T12:00,31.3,41,0.0,1007.2,6.6
2001-02-17T13:00,32.3,38,0.0,1006.2,5.8
2001-02-17T14:00,32.5,38,0.0,1005.2,5.9
2001-02-17T15:00,32.4,38,0.0,1004.3,5.9
2001-02-17T16:00,31.7,39,0.0,1003.9,6.6
2001-02-17T17:00,30.6,42,0.0,1004.5,7.9
2001-02-17T18:00,29.0,46,0.0,1005.1,8.4
2001-02-17T19:00,27.4,50,0.0,1005.6,8.1
2001-02-17T20:00,26.1,54,0.0,1006.0,9.2
2001-02-17T21:00,25.2,57,0.0,1006.7,10.8
2001-02-17T22:00,24.5,60,0.0,1007.3,10.6
2001-02-17T23:00,24.0,61,0.0,1007.6,10.5
2001-02-18T00:00,23.5,61,0.0,1007.6,11.0
2001-02-18T01:00,23.2,61,0.0,1007.1,12.0
2001-02-18T02:00,23.0,61,0.0,1006.4,12.6
2001-02-18T03:00,22.9,60,0.0,1006.0,13.0
2001-02-18T04:00,22.8,60,0.0,1005.6,12.5
2001-02-18T05:00,22.8,60,0.0,1006.5,12.6
2001-02-18T06:00,22.8,60,0.0,1006.8,12.3
2001-02-18T07:00,22.9,60,0.0,1007.3,12.4
2001-02-18T08:00,23.9,59,0.0,1007.6,12.7
2001-02-18T09:00,26.0,54,0.0,1007.8,13.0
2001-02-18T10:00,27.9,49,0.0,1008.1,12.9
2001-02-18T11:00,29.8,44,0.0,1008.3,13.1
2001-02-18T12:00,31.0,40,0.0,1007.3,14.4
2001-02-18T13:00,32.0,37,0.0,1006.1,15.2
2001-02-18T14:00,32.4,35,0.0,1005.1,15.5
2001-02-18T15:00,32.3,35,0.0,1004.4,16.4
2001-02-18T16:00,31.4,38,0.0,1004.0,16.8
2001-02-18T17:00,30.1,42,0.0,1004.3,14.9
2001-02-18T18:00,28.3,49,0.0,1004.7,13.3
2001-02-18T19:00,26.7,55,0.0,1005.4,13.2
2001-02-18T20:00,25.6,58,0.0,1005.6,12.9
2001-02-18T21:00,25.0,60,0.0,1006.2,12.0
2001-02-18T22:00,24.6,60,0.0,1006.5,12.6
2001-02-18T23:00,24.2,61,0.0,1006.9,13.1
2001-02-19T00:00,23.9,61,0.0,1006.8,14.0
2001-02-19T01:00,23.7,62,0.0,1006.2,14.4
2001-02-19T02:00,23.4,62,0.0,1005.7,14.5
2001-02-19T03:00,23.3,62,0.0,1005.2,14.8
2001-02-19T04:00,23.3,62,0.0,1005.0,14.8
2001-02-19T05:00,23.1,62,0.0,1005.4,14.3
2001-02-19T06:00,22.9,61,0.0,1005.9,14.1
2001-02-19T07:00,22.9,60,0.0,1005.9,14.6
2001-02-19T08:00,24.0,57,0.0,1006.9,14.0
2001-02-19T09:00,26.3,50,0.0,1007.3,14.8
2001-02-19T10:00,28.4,44,0.0,1007.7,15.3
2001-02-19T11:00,30.1,40,0.0,1007.5,15.9
2001-02-19T12:00,31.3,37,0.0,1006.8,14.8
2001-02-19T13:00,32.0,35,0.0,1005.8,15.5
2001-02-19T14:00,32.6,33,0.0,1005.1,15.5
2001-02-19T15:00,32.3,34,0.0,1004.4,15.2
2001-02-19T16:00,31.4,36,0.0,1003.8,14.4
2001-02-19T17:00,30.2,39,0.0,1004.3,9.8
2001-02-19T18:00,28.5,45,0.0,1004.7,8.5
2001-02-19T19:00,26.8,50,0.0,1005.3,9.3
2001-02-19T20:00,25.6,53,0.0,1005.7,11.0
2001-02-19T21:00,24.8,54,0.0,1006.7,11.6
2001-02-19T22:00,24.3,54,0.0,1007.2,11.8
2001-02-19T23:00,23.9,54,0.0,1007.4,13.2
2001-02-20T00:00,23.5,54,0.0,1007.3,14.1
2001-02-20T01:00,23.2,54,0.0,1006.8,14.3
2001-02-20T02:00,23.1,54,0.0,1006.5,14.1
2001-02-20T03:00,22.8,53,0.0,1006.0,13.4
2001-02-20T04:00,22.6,53,0.0,1005.8,13.3
2001-02-20T05:00,22.4,53,0.0,1006.6,12.9
2001-02-20T06:00,22.4,53,0.0,1007.1,12.5
2001-02-20T07:00,22.2,55,0.0,1007.2,12.7
2001-02-20T08:00,23.4,53,0.0,1007.8,12.5
2001-02-20T09:00,26.0,46,0.0,1008.1,11.8
2001-02-20T10:00,28.5,39,0.0,1008.1,10.8
2001-02-20T11:00,30.5,36,0.0,1007.9,9.7
2001-02-20T12:00,31.8,33,0.0,1007.2,9.2
2001-02-20T13:00,32.6,32,0.0,1006.3,8.7
2001-02-20T14:00,32.9,32,0.0,1005.2,8.5
2001-02-20T15:00,32.8,33,0.0,1004.3,8.4
2001-02-20T16:00,31.9,35,0.0,1004.2,8.2
2001-02-20T17:00,30.7,38,0.0,1005.0,6.9
2001-02-20T18:00,29.0,43,0.0,1005.4,7.5
2001-02-20T19:00,27.2,48,0.0,1005.8,9.3
2001-02-20T20:00,25.8,53,0.0,1006.2,10.4
2001-02-20T21:00,25.0,57,0.0,1006.9,11.0
2001-02-20T22:00,24.4,59,0.0,1007.8,11.1
2001-02-20T23:00,24.0,61,0.0,1007.9,10.6
2001-02-21T00:00,23.6,62,0.0,1007.7,11.8
2001-02-21T01:00,23.2,63,0.0,1007.2,11.6
2001-02-21T02:00,22.9,64,0.0,1006.3,11.3
2001-02-21T03:00,22.6,65,0.0,1005.8,11.3
2001-02-21T04:00,22.5,65,0.0,1005.6,11.0
2001-02-21T05:00,22.4,65,0.0,1006.0,11.0
2001-02-21T06:00,22.4,64,0.0,1006.2,10.6
2001-02-21T07:00,22.2,65,0.0,1006.3,11.0
2001-02-21T08:00,23.5,62,0.0,1007.4,10.8
2001-02-21T09:00,25.9,53,0.0,1007.3,10.3
2001-02-21T10:00,28.4,44,0.0,1007.6,10.1
2001-02-21T11:00,30.2,39,0.0,1007.4,9.0
2001-02-21T12:00,31.6,36,0.0,1006.6,9.0
2001-02-21T13:00,32.4,34,0.0,1005.3,8.1
2001-02-21T14:00,32.8,33,0.0,1004.5,7.0
2001-02-21T15:00,32.7,33,0.0,1003.8,5.6
2001-02-21T16:00,32.0,35,0.0,1003.5,4.8
2001-02-21T17:00,30.9,37,0.0,1004.0,4.1
2001-02-21T18:00,29.3,41,0.0,1004.4,5.0
2001-02-21T19:00,27.8,46,0.0,1004.9,4.7
2001-02-21T20:00,26.4,51,0.0,1005.5,6.1
2001-02-21T21:00,25.2,55,0.0,1006.2,7.6
2001-02-21T22:00,24.2,60,0.0,1006.9,9.0
2001-02-21T23:00,23.6,62,0.0,1007.1,8.5
2001-02-22T00:00,23.1,63,0.0,1006.8,9.4
2001-02-22T01:00,22.7,64,0.0,1006.6,10.0
2001-02-22T02:00,22.4,66,0.0,1005.6,10.8
2001-02-22T03:00,22.3,64,0.0,1005.2,11.3
2001-02-22T04:00,22.1,64,0.0,1004.7,11.3
2001-02-22T05:00,22.0,65,0.0,1005.4,10.6
2001-02-22T06:00,21.9,65,0.0,1005.6,10.1
2001-02-22T07:00,21.6,68,0.0,1005.8,10.3
2001-02-22T08:00,22.8,65,0.0,1006.7,10.0
2001-02-22T09:00,25.4,56,0.0,1006.7,9.5
2001-02-22T10:00,27.8,49,0.0,1006.6,9.2
2001-02-22T11:00,29.6,42,0.0,1006.7,8.7
2001-02-22T12:00,30.9,38,0.0,1005.8,8.7
2001-02-22T13:00,31.7,36,0.0,1004.9,7.9
2001-02-22T14:00,32.2,35,0.0,1004.2,7.4
2001-02-22T15:00,32.2,34,0.0,1003.1,6.9
2001-02-22T16:00,31.6,34,0.0,1002.9,6.3
2001-02-22T17:00,30.7,36,0.1,1003.5,5.9
2001-02-22T18:00,29.3,39,0.0,1004.2,4.7
2001-02-22T19:00,27.6,44,0.0,1004.5,3.3
2001-02-22T20:00,26.4,48,0.0,1005.3,4.8
2001-02-22T21:00,25.3,54,0.0,1005.9,7.3
2001-02-22T22:00,24.3,59,0.0,1006.5,7.7
2001-02-22T23:00,23.6,62,0.0,1006.5,7.8
2001-02-23T00:00,23.2,64,0.0,1006.4,8.3
2001-02-23T01:00,22.8,65,0.0,1006.1,9.0
2001-02-23T02:00,22.2,68,0.0,1005.5,9.4
2001-02-23T03:00,21.9,68,0.0,1005.0,9.6
2001-02-23T04:00,21.5,69,0.0,1004.6,9.7
2001-02-23T05:00,21.2,69,0.0,1005.3,10.2
2001-02-23T06:00,21.0,68,0.0,1004.9,10.4
2001-02-23T07:00,20.9,68,0.0,1005.1,10.5
2001-02-23T08:00,22.3,64,0.0,1006.0,10.3
2001-02-23T09:00,25.4,53,0.0,1006.8,7.2
2001-02-23T10:00,27.9,45,0.0,1007.0,6.6
2001-02-23T11:00,29.8,40,0.0,1007.2,6.7
2001-02-23T12:00,31.2,36,0.0,1006.4,6.4
2001-02-23T13:00,32.1,34,0.0,1005.3,6.6
2001-02-23T14:00,32.6,32,0.0,1004.3,6.6
2001-02-23T15:00,32.5,32,0.0,1003.5,5.9
2001-02-23T16:00,31.9,32,0.0,1003.0,4.8
2001-02-23T17:00,31.0,34,0.0,1003.8,5.0
2001-02-23T18:00,29.6,37,0.0,1004.3,5.5
2001-02-23T19:00,28.0,42,0.0,1004.8,4.0
2001-02-23T20:00,26.6,47,0.0,1005.4,5.6
2001-02-23T21:00,25.5,52,0.0,1006.1,7.3
2001-02-23T22:00,24.4,58,0.0,1006.9,8.1
2001-02-23T23:00,23.6,62,0.0,1006.8,8.8
2001-02-24T00:00,23.1,65,0.0,1006.7,9.8
2001-02-24T01:00,22.5,67,0.0,1006.0,10.2
2001-02-24T02:00,22.0,69,0.0,1004.9,10.6
2001-02-24T03:00,21.8,70,0.0,1004.5,10.9
2001-02-24T04:00,21.7,70,0.0,1004.0,11.0
2001-02-24T05:00,21.5,70,0.0,1005.1,11.3
2001-02-24T06:00,21.3,70,0.0,1005.3,10.9
2001-02-24T07:00,21.2,70,0.0,1005.9,11.0
2001-02-24T08:00,22.7,66,0.0,1006.6,10.8
2001-02-24T09:00,25.6,56,0.0,1007.0,9.8
2001-02-24T10:00,28.1,45,0.0,1007.2,8.6
2001-02-24T11:00,29.9,39,0.0,1007.7,6.8
2001-02-24T12:00,31.2,35,0.0,1007.1,6.3
2001-02-24T13:00,32.0,33,0.0,1006.1,6.0
2001-02-24T14:00,32.6,32,0.0,1005.1,4.5
2001-02-24T15:00,32.3,32,0.0,1004.3,4.8
2001-02-24T16:00,31.9,33,0.0,1003.8,3.4
2001-02-24T17:00,31.0,34,0.0,1004.3,3.2
2001-02-24T18:00,29.6,36,0.0,1005.4,3.1
2001-02-24T19:00,27.9,40,0.0,1005.4,2.9
2001-02-24T20:00,26.3,44,0.0,1006.1,4.7
2001-02-24T21:00,25.1,47,0.0,1006.7,6.6
2001-02-24T22:00,24.0,50,0.0,1007.6,7.7
2001-02-24T23:00,23.3,51,0.0,1007.7,8.9
2001-02-25T00:00,22.7,53,0.0,1007.8,9.3
2001-02-25T01:00,22.2,55,0.0,1007.0,9.6
2001-02-25T02:00,21.6,57,0.0,1006.5,9.9
2001-02-25T03:00,21.1,58,0.0,1006.1,9.9
2001-02-25T04:00,20.6,59,0.0,1006.1,9.9
2001-02-25T05:00,20.3,61,0.0,1006.9,9.9
2001-02-25T06:00,20.2,62,0.0,1007.1,9.7
2001-02-25T07:00,20.1,64,0.0,1007.3,9.7
2001-02-25T08:00,21.7,62,0.0,1007.9,9.0
2001-02-25T09:00,25.3,53,0.0,1008.7,5.2
2001-02-25T10:00,27.9,45,0.0,1008.8,3.6
2001-02-25T11:00,29.9,40,0.0,1008.7,2.6
2001-02-25T12:00,31.2,38,0.0,1007.7,1.8
2001-02-25T13:00,32.0,36,0.0,1006.8,1.8
2001-02-25T14:00,32.8,33,0.0,1005.6,1.0
2001-02-25T15:00,33.1,31,0.0,1004.8,0.4
2001-02-25T16:00,32.6,34,0.0,1004.2,0.8
2001-02-25T17:00,31.6,37,0.0,1004.5,2.6
2001-02-25T18:00,30.4,40,0.0,1005.3,2.4
2001-02-25T19:00,28.5,48,0.0,1005.6,2.6
2001-02-25T20:00,27.1,54,0.0,1006.4,4.4
2001-02-25T21:00,26.3,56,0.0,1007.3,7.1
2001-02-25T22:00,25.5,59,0.0,1008.0,8.2
2001-02-25T23:00,24.8,61,0.0,1007.9,8.0
2001-02-26T00:00,24.2,63,0.0,1008.2,7.2
2001-02-26T01:00,23.8,65,0.0,1007.7,7.0
2001-02-26T02:00,23.4,68,0.0,1007.1,7.3
2001-02-26T03:00,22.9,69,0.0,1006.7,7.7
2001-02-26T04:00,22.7,69,0.0,1006.5,8.1
2001-02-26T05:00,22.5,69,0.0,1007.3,8.4
2001-02-26T06:00,22.5,68,0.0,1007.4,8.6
2001-02-26T07:00,22.4,68,0.0,1007.3,8.7
2001-02-26T08:00,23.6,65,0.0,1008.0,8.1
2001-02-26T09:00,26.2,54,0.0,1008.4,6.0
2001-02-26T10:00,28.8,44,0.0,1008.3,5.6
2001-02-26T11:00,30.4,39,0.0,1008.1,4.6
2001-02-26T12:00,31.8,36,0.0,1007.3,3.5
2001-02-26T13:00,32.8,34,0.0,1006.1,2.9
2001-02-26T14:00,33.2,33,0.0,1005.1,2.5
2001-02-26T15:00,33.1,34,0.0,1004.1,2.6
2001-02-26T16:00,32.5,36,0.0,1004.0,2.1
2001-02-26T17:00,31.4,40,0.0,1004.4,1.9
2001-02-26T18:00,29.9,46,0.0,1004.9,2.5
2001-02-26T19:00,28.4,54,0.0,1005.3,1.9
2001-02-26T20:00,27.3,58,0.0,1006.0,3.7
2001-02-26T21:00,26.4,59,0.0,1006.8,5.6
2001-02-26T22:00,25.8,60,0.0,1007.5,7.7
2001-02-26T23:00,25.2,61,0.0,1007.8,7.2
2001-02-27T00:00,24.6,63,0.0,1007.8,7.5
2001-02-27T01:00,24.2,64,0.0,1007.5,7.8
2001-02-27T02:00,24.0,67,0.0,1006.7,7.4
2001-02-27T03:00,23.5,69,0.0,1006.3,7.3
2001-02-27T04:00,23.1,69,0.0,1005.9,8.0
2001-02-27T05:00,22.9,69,0.0,1006.2,8.8
2001-02-27T06:00,22.7,69,0.0,1006.0,8.9
2001-02-27T07:00,22.5,69,0.0,1007.0,9.0
2001-02-27T08:00,23.8,64,0.0,1007.4,8.0
2001-02-27T09:00,26.2,54,0.0,1007.8,6.1
2001-02-27T10:00,28.6,45,0.0,1007.8,5.6
2001-02-27T11:00,30.5,39,0.0,1007.8,5.1
2001-02-27T12:00,31.9,34,0.0,1006.8,5.2
2001-02-27T13:00,32.8,31,0.0,1005.5,5.0
2001-02-27T14:00,33.2,29,0.0,1004.6,4.8
2001-02-27T15:00,33.1,29,0.0,1003.8,4.4
2001-02-27T16:00,32.6,30,0.0,1003.2,3.3
2001-02-27T17:00,31.5,33,0.0,1003.3,3.1
2001-02-27T18:00,30.1,37,0.0,1003.8,3.3
2001-02-27T19:00,28.5,42,0.0,1004.5,3.8
2001-02-27T20:00,27.2,46,0.0,1005.0,4.8
2001-02-27T21:00,26.1,50,0.0,1005.6,6.9
2001-02-27T22:00,25.1,54,0.0,1006.2,7.6
2001-02-27T23:00,24.2,58,0.0,1006.3,8.0
2001-02-28T00:00,23.5,62,0.0,1006.0,8.2
2001-02-28T01:00,22.9,65,0.0,1005.3,9.0
2001-02-28T02:00,22.7,63,0.0,1004.6,9.4
2001-02-28T03:00,22.4,65,0.0,1004.0,9.0
2001-02-28T04:00,21.7,68,0.0,1004.2,8.8
2001-02-28T05:00,21.3,70,0.0,1004.9,9.4
2001-02-28T06:00,20.9,71,0.0,1005.4,9.1
2001-02-28T07:00,20.5,74,0.0,1005.5,9.0
2001-02-28T08:00,22.4,68,0.0,1006.6,8.1
2001-02-28T09:00,25.6,54,0.0,1006.9,5.2
2001-02-28T10:00,28.1,46,0.0,1007.0,3.5
2001-02-28T11:00,30.0,40,0.0,1007.1,1.8
2001-02-28T12:00,31.5,36,0.0,1006.3,1.3
2001-02-28T13:00,32.3,34,0.0,1005.0,0.8
2001-02-28T14:00,32.9,34,0.0,1004.0,1.4
2001-02-28T15:00,32.9,34,0.0,1002.9,2.7
2001-02-28T16:00,32.4,37,0.0,1002.5,3.3
2001-02-28T17:00,30.8,45,0.3,1002.8,3.9
2001-02-28T18:00,29.2,53,0.0,1003.2,3.3
2001-02-28T19:00,27.7,60,0.0,1003.9,3.1
2001-02-28T20:00,26.7,64,0.0,1004.2,2.6
2001-02-28T21:00,25.7,66,0.0,1005.1,4.0
2001-02-28T22:00,25.0,64,0.0,1005.8,5.2
2001-02-28T23:00,24.3,63,0.0,1005.9,7.1
2001-03-01T00:00,23.9,63,0.0,1006.2,7.6
2001-03-01T01:00,23.1,66,0.0,1005.5,7.4
2001-03-01T02:00,22.9,68,0.0,1005.1,7.2
2001-03-01T03:00,22.4,70,0.0,1004.7,7.9
2001-03-01T04:00,22.0,72,0.0,1004.8,8.2
2001-03-01T05:00,21.6,74,0.0,1005.3,8.4
2001-03-01T06:00,21.4,75,0.0,1005.1,8.4
2001-03-01T07:00,21.2,76,0.0,1005.4,8.8
2001-03-01T08:00,22.7,71,0.0,1006.0,8.1
2001-03-01T09:00,25.6,59,0.0,1006.4,7.3
2001-03-01T10:00,27.9,49,0.0,1006.6,6.4
2001-03-01T11:00,29.9,42,0.0,1006.4,5.1
2001-03-01T12:00,31.4,37,0.0,1005.8,3.9
2001-03-01T13:00,32.6,34,0.0,1004.7,2.9
2001-03-01T14:00,33.1,32,0.0,1003.9,3.1
2001-03-01T15:00,33.0,32,0.0,1003.2,3.6
2001-03-01T16:00,32.4,35,0.0,1002.9,5.2
2001-03-01T17:00,30.9,42,0.0,1003.0,4.1
2001-03-01T18:00,29.3,49,0.0,1003.6,2.9
2001-03-01T19:00,27.8,56,0.0,1004.0,1.3
2001-03-01T20:00,26.9,59,0.0,1004.7,1.4
2001-03-01T21:00,26.1,60,0.0,1005.2,3.4
2001-03-01T22:00,25.5,59,0.0,1005.7,5.3
2001-03-01T23:00,24.8,59,0.0,1006.0,6.8
2001-03-02T00:00,24.2,61,0.0,1006.2,7.3
2001-03-02T01:00,23.5,63,0.0,1005.6,7.5
2001-03-02T02:00,23.5,65,0.0,1005.3,7.9
2001-03-02T03:00,22.9,67,0.0,1004.5,8.0
2001-03-02T04:00,22.3,69,0.0,1004.6,8.4
2001-03-02T05:00,21.9,71,0.0,1004.9,8.8
2001-03-02T06:00,21.4,74,0.0,1005.0,8.1
2001-03-02T07:00,21.0,76,0.0,1005.7,8.4
2001-03-02T08:00,22.3,69,0.0,1006.6,7.3
2001-03-02T09:00,25.4,50,0.0,1007.1,4.4
2001-03-02T10:00,28.2,35,0.0,1007.2,3.1
2001-03-02T11:00,30.2,29,0.0,1007.1,1.6
2001-03-02T12:00,31.4,27,0.0,1006.3,2.5
2001-03-02T13:00,32.5,26,0.0,1005.3,4.0
2001-03-02T14:00,33.0,27,0.0,1004.4,5.7
2001-03-02T15:00,33.0,29,0.0,1003.6,6.0
2001-03-02T16:00,32.2,33,0.0,1002.9,6.4
2001-03-02T17:00,31.0,40,0.0,1002.4,7.7
2001-03-02T18:00,29.4,49,0.0,1003.2,5.8
2001-03-02T19:00,28.2,56,0.0,1003.6,3.6
2001-03-02T20:00,27.4,60,0.0,1004.9,2.9
2001-03-02T21:00,26.5,63,0.0,1005.6,3.6
2001-03-02T22:00,25.7,65,0.0,1006.2,4.2
2001-03-02T23:00,25.2,65,0.0,1006.4,5.1
2001-03-03T00:00,24.7,65,0.0,1006.2,5.5
2001-03-03T01:00,24.4,64,0.0,1006.1,5.5
2001-03-03T02:00,23.9,67,0.0,1005.4,5.3
2001-03-03T03:00,23.6,68,0.0,1005.1,5.6
2001-03-03T04:00,23.4,69,0.0,1004.9,6.0
2001-03-03T05:00,23.0,71,0.0,1005.8,6.0
2001-03-03T06:00,22.9,72,0.0,1006.3,5.9
2001-03-03T07:00,22.6,74,0.0,1006.3,5.7
2001-03-03T08:00,24.0,70,0.0,1007.3,6.4
2001-03-03T09:00,26.6,55,0.0,1007.3,4.8
2001-03-03T10:00,28.7,45,0.0,1007.7,4.3
2001-03-03T11:00,30.5,39,0.0,1007.7,4.4
2001-03-03T12:00,31.8,36,0.0,1007.0,5.8
2001-03-03T13:00,32.7,35,0.0,1005.9,7.7
2001-03-03T14:00,32.4,36,0.0,1004.9,9.7
2001-03-03T15:00,32.1,39,0.0,1004.1,10.9
2001-03-03T16:00,31.1,44,0.0,1003.4,10.8
2001-03-03T17:00,29.8,50,0.0,1003.9,11.3
2001-03-03T18:00,28.4,57,0.0,1004.9,10.2
2001-03-03T19:00,27.2,64,0.0,1005.3,7.0
2001-03-03T20:00,26.5,68,0.0,1005.7,4.1
2001-03-03T21:00,25.8,72,0.0,1006.3,3.6
2001-03-03T22:00,24.7,77,0.0,1007.0,4.0
2001-03-03T23:00,23.9,80,0.0,1007.5,5.4
2001-03-04T00:00,23.3,81,0.0,1007.4,7.0
2001-03-04T01:00,22.9,81,0.0,1007.2,7.8
2001-03-04T02:00,22.2,83,0.0,1006.5,7.8
2001-03-04T03:00,21.7,83,0.0,1006.1,8.0
2001-03-04T04:00,21.3,84,0.0,1006.1,8.4
2001-03-04T05:00,20.9,83,0.0,1006.9,9.1
2001-03-04T06:00,20.7,82,0.0,1007.3,8.9
2001-03-04T07:00,20.6,81,0.0,1007.9,8.7
2001-03-04T08:00,22.9,71,0.0,1008.5,7.3
2001-03-04T09:00,26.8,52,0.0,1009.0,4.1
2001-03-04T10:00,29.2,43,0.0,1009.3,4.3
2001-03-04T11:00,31.0,38,0.0,1009.2,5.0
2001-03-04T12:00,32.3,36,0.0,1008.1,5.9
2001-03-04T13:00,33.1,35,0.0,1007.0,7.4
2001-03-04T14:00,33.4,34,0.0,1005.8,9.3
2001-03-04T15:00,33.1,37,0.0,1005.0,10.9
2001-03-04T16:00,32.2,41,0.0,1004.3,10.8
2001-03-04T17:00,30.9,48,0.0,1004.8,9.8
2001-03-04T18:00,29.1,56,0.0,1005.6,8.5
2001-03-04T19:00,27.6,64,0.0,1006.1,6.3
2001-03-04T20:00,27.0,69,0.0,1007.0,3.3
2001-03-04T21:00,26.1,77,0.0,1007.9,2.4
2001-03-04T22:00,25.4,79,0.0,1008.9,2.5
2001-03-04T23:00,24.3,84,0.0,1009.2,4.1
2001-03-05T00:00,23.5,88,0.0,1009.1,5.0
2001-03-05T01:00,23.6,87,0.0,1008.5,6.6
2001-03-05T02:00,23.1,82,0.0,1007.5,7.2
2001-03-05T03:00,22.7,82,0.0,1007.0,7.3
2001-03-05T04:00,22.5,81,0.0,1007.0,7.1
2001-03-05T05:00,22.1,81,0.0,1007.6,6.8
2001-03-05T06:00,21.8,81,0.0,1007.9,7.4
2001-03-05T07:00,22.0,79,0.0,1008.3,7.1
2001-03-05T08:00,23.7,72,0.0,1009.3,6.8
2001-03-05T09:00,26.6,57,0.0,1009.6,5.6
2001-03-05T10:00,29.0,47,0.0,1009.6,4.0
2001-03-05T11:00,30.9,41,0.0,1009.4,2.5
2001-03-05T12:00,32.4,37,0.0,1008.5,2.3
2001-03-05T13:00,33.4,34,0.0,1007.4,3.1
2001-03-05T14:00,33.3,34,0.0,1006.5,3.4
2001-03-05T15:00,33.2,35,0.0,1005.5,3.8
2001-03-05T16:00,32.4,40,0.0,1005.1,2.9
2001-03-05T17:00,31.1,45,0.0,1005.6,2.6
2001-03-05T18:00,29.6,53,0.2,1005.9,1.5
2001-03-05T19:00,28.1,61,0.0,1006.2,0.8
2001-03-05T20:00,27.0,65,0.0,1007.2,2.3
2001-03-05T21:00,26.1,65,0.0,1008.2,3.8
2001-03-05T22:00,25.3,63,0.0,1009.2,5.5
2001-03-05T23:00,24.7,61,0.0,1009.8,7.7
2001-03-06T00:00,24.0,58,0.0,1009.3,7.6
2001-03-06T01:00,23.5,56,0.0,1008.6,8.8
2001-03-06T02:00,23.1,62,0.0,1007.6,9.4
2001-03-06T03:00,22.8,57,0.0,1006.7,10.7
2001-03-06T04:00,22.7,54,0.0,1006.3,10.8
2001-03-06T05:00,22.4,54,0.0,1006.5,10.4
2001-03-06T06:00,22.2,55,0.0,1006.3,10.3
2001-03-06T07:00,22.1,57,0.0,1006.6,10.3
2001-03-06T08:00,23.5,56,0.0,1007.6,10.0
2001-03-06T09:00,26.6,45,0.0,1008.2,8.5
2001-03-06T10:00,29.0,39,0.0,1008.3,8.4
2001-03-06T11:00,30.8,36,0.0,1008.6,8.7
2001-03-06T12:00,32.0,34,0.0,1007.4,8.2
2001-03-06T13:00,33.0,33,0.0,1006.3,6.9
2001-03-06T14:00,33.2,34,0.0,1005.3,4.8
2001-03-06T15:00,33.1,35,0.0,1004.5,3.4
2001-03-06T16:00,32.6,35,0.0,1004.4,2.3
2001-03-06T17:00,31.5,38,0.0,1005.0,3.3
2001-03-06T18:00,30.1,41,0.0,1005.3,5.0
2001-03-06T19:00,28.5,45,0.0,1005.8,4.0
2001-03-06T20:00,26.9,50,0.0,1006.6,5.4
2001-03-06T21:00,25.7,53,0.0,1007.7,7.9
2001-03-06T22:00,24.7,56,0.0,1008.4,9.2
2001-03-06T23:00,24.0,58,0.0,1008.5,9.7
2001-03-07T00:00,23.4,60,0.0,1008.6,9.8
2001-03-07T01:00,23.0,61,0.0,1007.8,11.5
2001-03-07T02:00,22.8,62,0.0,1007.1,11.8
2001-03-07T03:00,22.4,63,0.0,1006.4,11.9
2001-03-07T04:00,22.3,64,0.0,1006.2,12.1
2001-03-07T05:00,22.0,66,0.0,1007.2,12.4
2001-03-07T06:00,22.0,67,0.0,1006.9,12.2
2001-03-07T07:00,22.0,68,0.0,1007.8,12.3
2001-03-07T08:00,23.5,65,0.0,1008.6,12.6
2001-03-07T09:00,26.0,57,0.0,1009.1,13.0
2001-03-07T10:00,28.1,49,0.0,1009.3,12.9
2001-03-07T11:00,30.1,43,0.0,1009.1,11.8
2001-03-07T12:00,31.4,39,0.0,1008.5,11.0
2001-03-07T13:00,32.3,37,0.0,1007.5,9.4
2001-03-07T14:00,32.5,37,0.0,1006.1,7.4
2001-03-07T15:00,32.2,39,0.0,1005.2,6.1
2001-03-07T16:00,31.7,40,0.0,1004.8,4.7
2001-03-07T17:00,30.6,44,0.0,1005.2,5.2
2001-03-07T18:00,29.2,48,0.0,1005.7,5.3
2001-03-07T19:00,27.4,53,0.0,1005.9,6.8
2001-03-07T20:00,26.1,57,0.0,1006.9,7.5
2001-03-07T21:00,25.3,60,0.0,1007.4,10.0
2001-03-07T22:00,24.8,63,0.0,1008.0,10.9
2001-03-07T23:00,24.5,64,0.0,1008.2,11.3
2001-03-08T00:00,24.1,66,0.0,1008.1,11.8
2001-03-08T01:00,23.8,67,0.0,1007.5,11.8
2001-03-08T02:00,23.7,69,0.0,1006.8,11.8
2001-03-08T03:00,23.6,70,0.0,1006.5,11.6
2001-03-08T04:00,23.4,71,0.0,1006.2,11.0
2001-03-08T05:00,23.2,71,0.0,1006.8,11.3
2001-03-08T06:00,23.2,71,0.0,1006.8,11.0
2001-03-08T07:00,23.1,72,0.0,1007.1,11.1
2001-03-08T08:00,24.2,68,0.0,1007.9,10.3
2001-03-08T09:00,26.2,60,0.0,1008.3,10.5
2001-03-08T10:00,28.4,51,0.0,1008.7,9.9
2001-03-08T11:00,30.2,45,0.0,1009.0,8.1
2001-03-08T12:00,31.4,40,0.0,1008.2,7.7
2001-03-08T13:00,32.1,39,0.0,1006.9,7.2
2001-03-08T14:00,32.4,39,0.0,1005.7,6.9
2001-03-08T15:00,32.5,38,0.0,1004.7,6.3
2001-03-08T16:00,31.8,40,0.0,1004.4,5.9
2001-03-08T17:00,31.0,41,0.0,1004.6,6.1
2001-03-08T18:00,29.5,45,0.0,1004.9,6.8
2001-03-08T19:00,28.0,49,0.0,1005.4,8.0
2001-03-08T20:00,26.6,53,0.0,1006.0,10.0
2001-03-08T21:00,25.4,57,0.0,1007.0,10.3
2001-03-08T22:00,24.6,61,0.0,1007.7,10.3
2001-03-08T23:00,24.0,64,0.0,1008.0,10.8
2001-03-09T00:00,23.8,66,0.0,1008.0,10.6
2001-03-09T01:00,23.5,68,0.0,1007.5,10.7
2001-03-09T02:00,23.2,69,0.0,1006.8,10.1
2001-03-09T03:00,22.8,71,0.0,1006.3,9.7
2001-03-09T04:00,22.4,72,0.0,1005.9,8.9
2001-03-09T05:00,22.1,74,0.0,1006.1,8.9
2001-03-09T06:00,21.8,75,0.0,1006.8,8.9
2001-03-09T07:00,21.7,76,0.0,1007.3,8.9
2001-03-09T08:00,23.2,70,0.0,1008.2,7.5
2001-03-09T09:00,26.5,57,0.0,1008.9,5.5
2001-03-09T10:00,29.2,46,0.0,1008.8,3.4
2001-03-09T11:00,31.2,39,0.0,1008.6,0.8
2001-03-09T12:00,32.7,35,0.0,1007.6,1.4
2001-03-09T13:00,33.3,34,0.0,1006.6,3.4
2001-03-09T14:00,33.5,35,0.0,1005.5,4.5
2001-03-09T15:00,33.4,36,0.0,1004.6,6.0
2001-03-09T16:00,32.4,42,0.0,1003.8,7.8
2001-03-09T17:00,31.0,49,0.2,1004.3,8.7
2001-03-09T18:00,29.6,56,0.0,1004.7,6.2
2001-03-09T19:00,28.5,61,0.0,1005.0,4.1
2001-03-09T20:00,27.7,66,0.0,1005.7,2.3
2001-03-09T21:00,26.5,70,0.1,1006.6,2.3
2001-03-09T22:00,26.0,74,0.2,1007.3,2.4
2001-03-09T23:00,25.4,73,0.0,1007.4,3.7
2001-03-10T00:00,25.3,72,0.0,1007.5,4.7
2001-03-10T01:00,25.1,71,0.0,1007.1,5.1
2001-03-10T02:00,24.6,73,0.0,1006.2,5.4
2001-03-10T03:00,24.3,73,0.0,1005.4,5.4
2001-03-10T04:00,24.0,74,0.3,1005.6,5.2
2001-03-10T05:00,23.9,74,0.1,1006.8,5.1
2001-03-10T06:00,23.7,75,0.0,1006.6,5.8
2001-03-10T07:00,23.6,76,0.0,1006.8,4.4
2001-03-10T08:00,24.4,75,0.0,1007.2,3.0
2001-03-10T09:00,26.8,63,0.0,1007.8,1.1
2001-03-10T10:00,28.7,54,0.0,1008.5,1.1
2001-03-10T11:00,30.1,49,0.0,1008.8,2.4
2001-03-10T12:00,31.0,46,0.2,1008.2,4.0
2001-03-10T13:00,31.7,45,0.1,1007.3,4.1
2001-03-10T14:00,30.9,49,0.3,1006.5,3.9
2001-03-10T15:00,30.3,52,0.3,1005.2,3.6
2001-03-10T16:00,29.6,54,0.2,1004.6,4.6
2001-03-10T17:00,28.4,62,0.1,1004.7,4.9
2001-03-10T18:00,27.6,67,0.3,1004.9,5.0
2001-03-10T19:00,26.8,72,0.1,1005.2,4.0
2001-03-10T20:00,26.1,76,0.0,1006.0,3.0
2001-03-10T21:00,25.7,79,0.0,1006.6,0.5
2001-03-10T22:00,25.1,83,0.0,1007.6,1.3
2001-03-10T23:00,24.5,86,0.0,1008.1,2.5
2001-03-11T00:00,24.2,87,0.0,1007.9,3.1
2001-03-11T01:00,23.7,87,0.0,1007.2,4.3
2001-03-11T02:00,23.1,87,0.0,1006.3,5.1
2001-03-11T03:00,22.6,87,0.0,1005.8,6.1
2001-03-11T04:00,22.4,86,0.0,1005.5,6.2
2001-03-11T05:00,22.0,86,0.0,1006.0,6.2
2001-03-11T06:00,21.7,85,0.0,1006.1,7.0
2001-03-11T07:00,21.5,84,0.0,1006.6,7.4
2001-03-11T08:00,23.3,76,0.0,1007.3,5.7
2001-03-11T09:00,26.5,61,0.0,1007.7,3.3
2001-03-11T10:00,28.7,52,0.0,1007.9,2.9
2001-03-11T11:00,30.6,47,0.0,1007.8,3.5
2001-03-11T12:00,32.0,43,0.0,1006.7,4.6
2001-03-11T13:00,32.9,41,0.0,1005.9,6.0
2001-03-11T14:00,32.9,43,0.0,1004.8,7.2
2001-03-11T15:00,32.3,46,0.0,1004.2,8.6
2001-03-11T16:00,31.0,51,0.1,1004.0,7.4
2001-03-11T17:00,29.9,56,0.3,1004.4,8.3
2001-03-11T18:00,28.7,61,0.0,1004.8,5.2
2001-03-11T19:00,27.5,67,0.0,1005.2,3.7
2001-03-11T20:00,26.7,74,0.0,1005.7,1.8
2001-03-11T21:00,26.6,72,0.0,1006.4,0.5
2001-03-11T22:00,25.9,77,0.0,1006.9,2.8
2001-03-11T23:00,25.0,82,0.0,1007.0,4.4
2001-03-12T00:00,24.3,84,0.0,1007.3,6.1
2001-03-12T01:00,24.0,84,0.0,1006.6,6.5
2001-03-12T02:00,23.7,84,0.0,1005.8,6.6
2001-03-12T03:00,23.4,83,0.0,1005.2,7.0
2001-03-12T04:00,23.2,81,0.0,1005.0,7.3
2001-03-12T05:00,22.8,81,0.0,1005.6,7.3
2001-03-12T06:00,22.5,81,0.0,1005.9,7.4
2001-03-12T07:00,22.3,81,0.0,1006.5,7.9
2001-03-12T08:00,24.2,73,0.0,1006.5,7.1
2001-03-12T09:00,27.4,59,0.0,1007.1,4.3
2001-03-12T10:00,29.6,51,0.0,1007.3,3.9
2001-03-12T11:00,31.3,46,0.0,1007.1,5.2
2001-03-12T12:00,32.6,43,0.0,1006.1,7.1
2001-03-12T13:00,33.3,41,0.0,1004.9,7.5
2001-03-12T14:00,33.9,37,0.0,1003.8,7.8
2001-03-12T15:00,34.0,37,0.0,1003.0,6.8
2001-03-12T16:00,33.3,38,0.0,1002.9,4.6
2001-03-12T17:00,32.5,40,0.0,1002.5,3.0
2001-03-12T18:00,31.1,44,0.0,1002.7,0.8
2001-03-12T19:00,29.5,52,0.0,1002.9,1.5
2001-03-12T20:00,28.0,60,0.0,1003.8,2.3
2001-03-12T21:00,27.0,66,0.0,1004.4,4.0
2001-03-12T22:00,26.4,66,0.0,1005.2,5.6
2001-03-12T23:00,25.8,65,0.0,1005.4,7.7
2001-03-13T00:00,25.3,66,0.0,1005.7,8.7
2001-03-13T01:00,24.7,69,0.0,1005.1,8.9
2001-03-13T02:00,24.1,71,0.0,1004.5,9.2
2001-03-13T03:00,23.8,72,0.0,1003.9,9.6
2001-03-13T04:00,23.5,72,0.0,1003.6,10.0
2001-03-13T05:00,23.1,73,0.0,1004.2,10.0
2001-03-13T06:00,22.9,73,0.0,1004.8,10.1
2001-03-13T07:00,22.9,72,0.0,1005.6,10.2
2001-03-13T08:00,23.9,67,0.0,1006.1,10.2
2001-03-13T09:00,26.2,58,0.0,1006.4,8.9
2001-03-13T10:00,28.9,44,0.0,1006.7,6.4
2001-03-13T11:00,31.3,34,0.0,1006.3,3.8
2001-03-13T12:00,32.9,29,0.0,1005.7,2.6
2001-03-13T13:00,33.8,27,0.0,1004.9,1.8
2001-03-13T14:00,34.0,28,0.0,1004.1,2.0
2001-03-13T15:00,33.8,29,0.0,1003.3,1.6
2001-03-13T16:00,33.2,31,0.1,1003.1,1.4
2001-03-13T17:00,32.1,34,0.0,1003.2,3.6
2001-03-13T18:00,30.3,42,0.2,1003.8,5.1
2001-03-13T19:00,28.4,50,0.0,1004.3,3.8
2001-03-13T20:00,26.9,58,0.0,1004.8,4.4
2001-03-13T21:00,25.8,61,0.0,1005.4,6.1
2001-03-13T22:00,25.1,60,0.0,1005.8,7.4
2001-03-13T23:00,24.2,60,0.0,1006.0,8.2
2001-03-14T00:00,23.4,62,0.0,1005.8,8.8
2001-03-14T01:00,22.8,63,0.0,1005.3,9.3
2001-03-14T02:00,22.5,66,0.0,1004.4,9.8
2001-03-14T03:00,22.2,66,0.0,1003.8,9.8
2001-03-14T04:00,21.8,67,0.0,1003.5,10.1
2001-03-14T05:00,21.5,68,0.0,1003.9,9.9
2001-03-14T06:00,21.3,69,0.0,1004.1,9.6
2001-03-14T07:00,21.2,71,0.0,1004.4,9.9
2001-03-14T08:00,22.9,66,0.0,1005.1,8.8
2001-03-14T09:00,26.4,54,0.0,1005.6,6.2
2001-03-14T10:00,29.2,44,0.0,1005.4,4.3
2001-03-14T11:00,31.4,37,0.0,1005.4,1.3
2001-03-14T12:00,32.9,33,0.0,1004.7,1.8
2001-03-14T13:00,33.6,32,0.0,1004.2,4.7
2001-03-14T14:00,33.6,32,0.0,1003.2,7.1
2001-03-14T15:00,33.1,35,0.0,1002.6,9.0
2001-03-14T16:00,32.0,38,0.0,1002.1,9.3
2001-03-14T17:00,30.9,43,0.0,1002.3,8.7
2001-03-14T18:00,29.5,49,0.0,1003.2,7.3
2001-03-14T19:00,28.3,55,0.0,1003.4,5.0
2001-03-14T20:00,27.4,60,0.0,1004.1,3.1
2001-03-14T21:00,26.4,65,0.0,1004.6,3.7
2001-03-14T22:00,25.5,69,0.0,1005.3,4.5
2001-03-14T23:00,24.8,71,0.0,1005.7,5.1
2001-03-15T00:00,24.3,72,0.0,1005.4,5.1
2001-03-15T01:00,24.1,70,0.0,1005.0,5.4
2001-03-15T02:00,23.8,71,0.0,1004.3,5.9
2001-03-15T03:00,23.5,72,0.0,1003.7,5.9
2001-03-15T04:00,23.0,74,0.0,1003.7,5.8
2001-03-15T05:00,23.0,75,0.0,1003.5,5.7
2001-03-15T06:00,22.9,76,0.0,1004.0,6.3
2001-03-15T07:00,22.7,77,0.0,1004.8,7.6
2001-03-15T08:00,24.0,72,0.0,1005.0,6.6
2001-03-15T09:00,26.8,59,0.0,1005.7,4.3
2001-03-15T10:00,29.2,48,0.0,1006.1,2.9
2001-03-15T11:00,30.9,43,0.0,1005.6,3.1
2001-03-15T12:00,32.3,38,0.0,1004.9,4.5
2001-03-15T13:00,32.9,36,0.0,1003.6,6.1
2001-03-15T14:00,33.7,35,0.0,1002.6,7.2
2001-03-15T15:00,33.2,38,0.0,1001.8,8.6
2001-03-15T16:00,32.1,43,0.0,1001.2,7.6
2001-03-15T17:00,30.7,50,0.0,1001.7,6.1
2001-03-15T18:00,29.3,56,0.0,1002.2,4.4
2001-03-15T19:00,28.3,61,0.0,1002.9,2.6
2001-03-15T20:00,27.4,65,0.0,1003.6,1.0
2001-03-15T21:00,26.6,70,0.0,1004.5,0.8
2001-03-15T22:00,25.7,73,0.0,1005.4,2.5
2001-03-15T23:00,25.0,76,0.0,1005.7,4.8
2001-03-16T00:00,24.7,76,0.0,1006.2,5.8
2001-03-16T01:00,24.0,77,0.0,1006.0,5.8
2001-03-16T02:00,23.6,75,0.0,1005.5,6.2
2001-03-16T03:00,23.4,74,0.0,1005.1,6.0
2001-03-16T04:00,23.1,75,0.0,1005.0,6.7
2001-03-16T05:00,22.8,76,0.0,1005.5,7.3
2001-03-16T06:00,22.6,77,0.0,1005.9,7.1
2001-03-16T07:00,22.4,78,0.0,1006.3,7.1
2001-03-16T08:00,24.2,72,0.0,1007.0,5.2
2001-03-16T09:00,27.3,58,0.0,1007.3,2.1
2001-03-16T10:00,29.5,49,0.0,1007.4,2.8
2001-03-16T11:00,31.2,45,0.0,1006.8,5.0
2001-03-16T12:00,32.4,42,0.0,1006.4,6.5
2001-03-16T13:00,32.6,42,0.2,1005.2,5.8
2001-03-16T14:00,32.4,44,1.0,1004.5,5.4
2001-03-16T15:00,31.7,47,0.0,1003.4,5.0
2001-03-16T16:00,30.5,52,0.3,1003.1,3.6
2001-03-16T17:00,29.4,56,0.4,1003.9,4.1
2001-03-16T18:00,27.6,66,0.1,1004.3,4.7
2001-03-16T19:00,26.9,71,0.3,1004.4,2.9
2001-03-16T20:00,26.4,74,0.0,1005.2,2.9
2001-03-16T21:00,26.1,76,0.0,1005.6,2.9
2001-03-16T22:00,25.4,79,0.0,1006.2,5.4
2001-03-16T23:00,25.0,80,0.0,1006.7,5.8
2001-03-17T00:00,24.5,82,0.0,1006.9,4.7
2001-03-17T01:00,24.1,84,0.0,1006.4,4.2
2001-03-17T02:00,23.8,85,0.0,1005.9,4.1
2001-03-17T03:00,23.2,88,0.0,1005.5,5.3
2001-03-17T04:00,23.1,87,0.0,1005.2,5.8
2001-03-17T05:00,22.7,87,0.0,1005.8,6.4
2001-03-17T06:00,22.6,87,0.0,1006.0,6.9
2001-03-17T07:00,22.4,86,0.0,1006.5,8.0
2001-03-17T08:00,23.8,79,0.0,1007.4,6.1
2001-03-17T09:00,26.5,63,0.0,1007.7,4.1
2001-03-17T10:00,28.6,53,0.0,1007.7,4.0
2001-03-17T11:00,30.4,46,0.0,1007.7,4.3
2001-03-17T12:00,31.8,43,0.0,1006.7,4.9
2001-03-17T13:00,32.9,39,0.0,1005.5,5.3
2001-03-17T14:00,33.2,39,0.0,1004.6,5.9
2001-03-17T15:00,32.5,42,0.1,1003.6,7.2
2001-03-17T16:00,31.2,48,0.4,1003.4,7.1
2001-03-17T17:00,29.1,57,0.3,1004.4,6.4
2001-03-17T18:00,28.3,62,0.0,1004.9,5.5
2001-03-17T19:00,27.5,65,0.0,1004.8,4.3
2001-03-17T20:00,26.7,69,0.0,1005.4,3.4
2001-03-17T21:00,26.0,72,0.0,1006.2,4.0
2001-03-17T22:00,25.3,74,0.0,1007.0,4.7
2001-03-17T23:00,25.0,74,0.0,1006.8,5.1
2001-03-18T00:00,24.4,76,0.0,1007.0,4.3
2001-03-18T01:00,23.8,76,0.0,1006.2,4.7
2001-03-18T02:00,23.3,81,0.0,1005.6,4.3
2001-03-18T03:00,23.0,82,0.0,1004.8,4.7
2001-03-18T04:00,22.6,83,0.0,1004.8,5.2
2001-03-18T05:00,22.4,82,0.0,1004.9,5.9
2001-03-18T06:00,22.2,82,0.0,1005.2,6.0
2001-03-18T07:00,22.1,82,0.0,1005.6,5.6
2001-03-18T08:00,24.4,71,0.0,1006.1,4.7
2001-03-18T09:00,27.0,56,0.0,1006.9,2.4
2001-03-18T10:00,29.1,48,0.0,1007.1,1.5
2001-03-18T11:00,30.5,44,0.0,1006.6,2.3
2001-03-18T12:00,31.7,41,0.2,1005.9,3.3
2001-03-18T13:00,32.8,39,0.2,1004.8,4.7
2001-03-18T14:00,32.3,42,0.3,1003.9,5.0
2001-03-18T15:00,32.2,44,0.9,1002.5,5.4
2001-03-18T16:00,31.2,46,0.0,1002.1,5.1
2001-03-18T17:00,30.4,51,0.2,1002.4,6.9
2001-03-18T18:00,29.0,59,0.4,1003.1,6.6
2001-03-18T19:00,27.6,67,0.0,1003.4,4.2
2001-03-18T20:00,27.1,71,0.0,1004.3,3.3
2001-03-18T21:00,26.7,75,0.0,1005.0,1.0
2001-03-18T22:00,26.6,70,0.0,1005.8,1.1
2001-03-18T23:00,25.9,75,0.0,1005.9,2.1
2001-03-19T00:00,25.9,71,0.2,1005.8,2.6
2001-03-19T01:00,24.8,79,0.0,1005.0,3.9
2001-03-19T02:00,23.9,83,0.0,1004.0,4.2
2001-03-19T03:00,23.5,83,0.0,1003.4,4.3
2001-03-19T04:00,23.2,84,0.0,1003.1,4.3
2001-03-19T05:00,23.1,85,0.0,1003.8,4.6
2001-03-19T06:00,23.0,85,0.0,1003.9,5.0
2001-03-19T07:00,23.1,85,0.0,1004.4,4.7
2001-03-19T08:00,25.0,76,0.0,1004.8,3.7
2001-03-19T09:00,27.1,61,0.0,1005.6,3.1
2001-03-19T10:00,28.9,53,0.1,1006.0,2.9
2001-03-19T11:00,30.5,48,0.3,1006.0,3.7
2001-03-19T12:00,31.2,46,0.2,1005.1,4.2
2001-03-19T13:00,32.1,45,0.0,1004.1,5.7
2001-03-19T14:00,31.4,48,2.1,1003.0,4.6
2001-03-19T15:00,30.8,50,0.6,1002.8,1.5
2001-03-19T16:00,30.3,53,0.1,1001.8,1.1
2001-03-19T17:00,29.6,56,0.0,1001.9,2.1
2001-03-19T18:00,27.7,64,0.2,1002.6,3.6
2001-03-19T19:00,26.9,70,0.0,1002.9,1.9
2001-03-19T20:00,26.4,74,0.2,1003.6,2.8
2001-03-19T21:00,25.9,78,0.0,1004.5,3.1
2001-03-19T22:00,24.9,78,0.0,1005.6,4.2
2001-03-19T23:00,24.4,82,0.0,1005.7,4.7
2001-03-20T00:00,24.1,84,0.0,1006.2,4.5
2001-03-20T01:00,23.8,86,0.0,1005.3,4.3
2001-03-20T02:00,23.4,89,0.0,1005.0,4.7
2001-03-20T03:00,22.9,91,0.0,1004.7,5.1
2001-03-20T04:00,22.8,90,0.0,1004.7,5.5
2001-03-20T05:00,23.0,87,0.0,1005.3,6.6
2001-03-20T06:00,22.8,86,0.0,1005.7,7.9
2001-03-20T07:00,22.6,85,0.0,1006.0,8.6
2001-03-20T08:00,23.6,80,0.0,1006.6,6.5
2001-03-20T09:00,25.7,67,0.0,1007.4,5.0
2001-03-20T10:00,28.4,51,0.0,1007.7,3.3
2001-03-20T11:00,29.9,43,0.0,1007.2,2.2
2001-03-20T12:00,31.4,39,0.0,1006.5,4.1
2001-03-20T13:00,31.8,39,0.0,1005.4,5.3
2001-03-20T14:00,32.5,38,0.0,1004.4,6.7
2001-03-20T15:00,32.2,41,0.0,1003.5,7.2
2001-03-20T16:00,31.1,45,0.2,1003.6,6.7
2001-03-20T17:00,29.6,54,0.3,1004.2,7.0
2001-03-20T18:00,28.2,62,0.7,1004.4,3.0
2001-03-20T19:00,27.4,63,0.2,1005.0,1.9
2001-03-20T20:00,26.7,68,0.0,1005.4,3.9
2001-03-20T21:00,26.0,66,0.0,1006.0,6.7
2001-03-20T22:00,25.6,60,0.0,1007.0,7.7
2001-03-20T23:00,25.1,57,0.0,1007.3,8.2
2001-03-21T00:00,24.6,55,0.0,1007.8,8.4
2001-03-21T01:00,23.9,55,0.0,1006.8,9.4
2001-03-21T02:00,23.7,59,0.0,1006.5,9.0
2001-03-21T03:00,23.4,57,0.0,1005.8,9.7
2001-03-21T04:00,23.1,55,0.0,1005.3,10.5
2001-03-21T05:00,22.9,53,0.0,1006.3,10.1
2001-03-21T06:00,22.7,52,0.0,1006.6,10.2
2001-03-21T07:00,22.6,54,0.0,1007.3,9.1
2001-03-21T08:00,23.6,56,0.0,1008.3,7.6
2001-03-21T09:00,26.5,46,0.0,1009.1,6.3
2001-03-21T10:00,28.7,41,0.0,1009.3,5.1
2001-03-21T11:00,30.4,37,0.0,1009.5,5.1
2001-03-21T12:00,31.5,35,0.0,1008.6,4.8
2001-03-21T13:00,32.4,33,0.0,1007.4,5.1
2001-03-21T14:00,32.2,35,0.0,1006.2,5.7
2001-03-21T15:00,32.4,34,0.0,1005.0,5.5
2001-03-21T16:00,31.9,35,0.0,1004.4,4.7
2001-03-21T17:00,30.9,37,0.0,1005.2,5.3
2001-03-21T18:00,29.6,39,0.0,1005.8,5.1
2001-03-21T19:00,28.1,44,0.0,1007.0,4.8
2001-03-21T20:00,26.7,47,0.0,1007.6,4.7
2001-03-21T21:00,25.7,51,0.0,1008.0,5.5
2001-03-21T22:00,24.9,52,0.0,1008.5,8.1
2001-03-21T23:00,24.2,53,0.0,1008.6,9.1
2001-03-22T00:00,23.7,53,0.0,1007.9,11.0
2001-03-22T01:00,23.3,52,0.0,1007.2,11.8
2001-03-22T02:00,23.0,51,0.0,1006.2,12.0
2001-03-22T03:00,22.8,51,0.0,1005.9,11.5
2001-03-22T04:00,22.6,53,0.0,1005.7,11.4
2001-03-22T05:00,22.5,54,0.0,1005.4,11.0
2001-03-22T06:00,22.3,56,0.0,1006.2,10.7
2001-03-22T07:00,22.3,58,0.0,1006.7,10.4
2001-03-22T08:00,24.1,55,0.0,1007.2,10.2
2001-03-22T09:00,26.7,49,0.0,1007.4,10.3
2001-03-22T10:00,28.9,44,0.0,1007.4,10.3
2001-03-22T11:00,30.8,40,0.0,1007.2,9.7
2001-03-22T12:00,31.8,37,0.0,1006.5,9.8
2001-03-22T13:00,32.6,36,0.0,1005.3,9.2
2001-03-22T14:00,32.6,37,0.0,1004.3,9.1
2001-03-22T15:00,32.5,38,0.0,1003.6,8.4
2001-03-22T16:00,31.7,40,0.0,1003.2,7.6
2001-03-22T17:00,30.5,43,0.0,1003.3,6.9
2001-03-22T18:00,29.0,47,0.0,1003.7,6.8
2001-03-22T19:00,27.5,51,0.0,1004.3,7.9
2001-03-22T20:00,26.3,55,0.0,1004.9,9.1
2001-03-22T21:00,25.4,59,0.0,1005.4,11.0
2001-03-22T22:00,24.9,62,0.0,1006.1,11.3
2001-03-22T23:00,24.5,63,0.0,1006.2,11.3
2001-03-23T00:00,24.2,64,0.0,1006.0,11.6
2001-03-23T01:00,23.9,65,0.0,1005.2,11.4
2001-03-23T02:00,23.7,67,0.0,1004.5,10.8
2001-03-23T03:00,23.5,67,0.0,1004.0,10.2
2001-03-23T04:00,23.3,68,0.0,1003.9,9.9
2001-03-23T05:00,23.1,68,0.0,1004.0,9.8
2001-03-23T06:00,23.1,68,0.0,1004.5,9.8
2001-03-23T07:00,23.1,69,0.0,1005.2,9.9
2001-03-23T08:00,24.5,65,0.0,1005.5,9.2
2001-03-23T09:00,27.0,56,0.0,1005.9,9.5
2001-03-23T10:00,29.3,48,0.0,1005.9,8.2
2001-03-23T11:00,30.8,44,0.0,1005.4,7.8
2001-03-23T12:00,31.9,41,0.0,1004.8,7.3
2001-03-23T13:00,32.7,39,0.0,1003.4,6.9
2001-03-23T14:00,33.0,39,0.0,1002.8,5.1
2001-03-23T15:00,32.3,40,0.0,1001.8,5.9
2001-03-23T16:00,32.1,41,0.0,1001.4,6.3
2001-03-23T17:00,31.1,43,0.0,1001.6,4.3
2001-03-23T18:00,29.8,46,0.0,1002.1,5.6
2001-03-23T19:00,28.4,51,0.0,1002.6,6.6
2001-03-23T20:00,27.2,55,0.0,1003.5,7.6
2001-03-23T21:00,26.1,59,0.0,1004.0,8.9
2001-03-23T22:00,25.5,62,0.0,1004.7,10.3
2001-03-23T23:00,25.1,64,0.0,1005.1,10.4
2001-03-24T00:00,24.8,66,0.0,1005.0,9.7
2001-03-24T01:00,24.5,68,0.0,1004.7,9.8
2001-03-24T02:00,23.9,70,0.0,1003.8,10.0
2001-03-24T03:00,23.6,70,0.0,1003.4,9.8
2001-03-24T04:00,23.3,71,0.0,1003.5,9.4
2001-03-24T05:00,23.0,72,0.0,1003.9,9.0
2001-03-24T06:00,22.8,73,0.0,1004.0,9.2
2001-03-24T07:00,22.7,73,0.0,1004.4,9.7
2001-03-24T08:00,24.5,65,0.0,1004.7,8.9
2001-03-24T09:00,27.1,56,0.0,1005.5,7.7
2001-03-24T10:00,29.4,48,0.0,1005.8,6.7
2001-03-24T11:00,31.3,42,0.0,1005.7,6.1
2001-03-24T12:00,32.4,39,0.0,1005.3,5.4
2001-03-24T13:00,33.3,36,0.0,1004.3,5.2
2001-03-24T14:00,33.4,37,0.0,1003.2,3.9
2001-03-24T15:00,33.2,37,0.0,1002.3,3.0
2001-03-24T16:00,32.8,38,0.0,1001.5,2.1
2001-03-24T17:00,31.9,40,0.0,1001.5,1.9
2001-03-24T18:00,30.6,45,0.0,1001.8,3.7
2001-03-24T19:00,29.2,50,0.0,1003.0,3.6
2001-03-24T20:00,28.0,55,0.0,1003.5,4.5
2001-03-24T21:00,27.1,57,0.0,1004.6,7.1
2001-03-24T22:00,26.3,60,0.0,1005.4,7.9
2001-03-24T23:00,25.5,62,0.0,1006.2,8.5
2001-03-25T00:00,24.9,65,0.0,1006.1,8.7
2001-03-25T01:00,24.5,67,0.0,1005.6,8.7
2001-03-25T02:00,24.2,70,0.0,1004.7,8.9
2001-03-25T03:00,23.8,72,0.0,1004.3,8.9
2001-03-25T04:00,23.5,73,0.0,1004.5,8.4
2001-03-25T05:00,23.3,74,0.0,1005.1,8.3
2001-03-25T06:00,23.1,74,0.0,1005.3,8.2
2001-03-25T07:00,23.1,74,0.0,1005.8,8.6
2001-03-25T08:00,25.0,67,0.0,1006.7,7.2
2001-03-25T09:00,27.6,57,0.0,1007.3,5.2
2001-03-25T10:00,29.8,50,0.0,1007.8,3.9
2001-03-25T11:00,31.4,44,0.0,1007.5,3.9
2001-03-25T12:00,32.5,41,0.0,1006.9,2.7
2001-03-25T13:00,33.1,40,0.3,1006.0,1.9
2001-03-25T14:00,33.1,40,0.3,1004.8,1.3
2001-03-25T15:00,32.8,41,1.4,1004.3,2.3
2001-03-25T16:00,32.5,42,0.2,1003.5,2.8
2001-03-25T17:00,31.4,45,0.0,1003.6,4.1
2001-03-25T18:00,30.1,50,0.0,1003.9,2.3
2001-03-25T19:00,29.0,54,0.0,1004.7,1.8
2001-03-25T20:00,28.0,58,0.0,1005.2,2.5
2001-03-25T21:00,27.3,61,0.0,1006.0,4.5
2001-03-25T22:00,26.6,62,0.0,1006.7,6.7
2001-03-25T23:00,25.9,65,0.0,1007.2,7.4
2001-03-26T00:00,25.4,66,0.0,1006.8,7.4
2001-03-26T01:00,25.0,68,0.0,1006.1,7.5
2001-03-26T02:00,24.9,68,0.0,1005.4,6.9
2001-03-26T03:00,24.5,69,0.0,1004.6,7.0
2001-03-26T04:00,24.1,71,0.0,1004.4,7.4
2001-03-26T05:00,23.7,72,0.0,1004.5,8.9
2001-03-26T06:00,23.4,74,0.0,1004.6,8.7
2001-03-26T07:00,23.4,75,0.0,1005.1,8.9
2001-03-26T08:00,24.9,68,0.0,1006.3,7.4
2001-03-26T09:00,26.9,60,0.0,1006.8,5.8
2001-03-26T10:00,29.3,51,0.0,1007.5,4.6
2001-03-26T11:00,31.1,45,0.0,1007.1,5.2
2001-03-26T12:00,32.2,42,0.0,1006.7,5.0
2001-03-26T13:00,32.8,40,0.1,1005.5,4.0
2001-03-26T14:00,33.0,41,2.6,1005.0,0.8
2001-03-26T15:00,32.5,43,1.6,1004.8,2.3
2001-03-26T16:00,31.1,46,0.0,1004.1,1.5
2001-03-26T17:00,29.9,51,0.0,1004.7,0.4
2001-03-26T18:00,29.1,54,0.8,1005.3,2.3
2001-03-26T19:00,28.3,56,0.0,1005.5,1.4
2001-03-26T20:00,27.5,60,0.0,1006.0,1.6
2001-03-26T21:00,26.9,61,0.0,1006.6,4.6
2001-03-26T22:00,26.4,62,0.0,1007.1,5.5
2001-03-26T23:00,26.0,64,0.0,1007.4,6.4
2001-03-27T00:00,25.5,66,0.0,1007.3,6.1
2001-03-27T01:00,25.1,67,0.0,1006.9,6.5
2001-03-27T02:00,24.7,70,0.0,1006.1,6.1
2001-03-27T03:00,24.6,71,0.0,1005.5,7.0
2001-03-27T04:00,24.4,71,0.0,1005.1,8.0
2001-03-27T05:00,24.4,70,0.0,1004.6,8.7
2001-03-27T06:00,24.4,69,0.0,1004.9,7.9
2001-03-27T07:00,24.1,73,0.0,1005.4,7.4
2001-03-27T08:00,25.9,65,0.0,1006.2,5.8
2001-03-27T09:00,27.9,58,0.0,1006.9,4.8
2001-03-27T10:00,29.4,54,0.0,1007.7,4.3
2001-03-27T11:00,30.8,49,0.0,1007.3,6.1
2001-03-27T12:00,32.2,44,0.0,1006.8,4.3
2001-03-27T13:00,33.2,41,0.0,1006.0,6.3
2001-03-27T14:00,33.3,41,0.0,1004.4,7.4
2001-03-27T15:00,33.3,40,0.0,1003.6,8.2
2001-03-27T16:00,32.7,41,0.0,1002.8,9.4
2001-03-27T17:00,31.6,44,0.0,1003.3,6.6
2001-03-27T18:00,30.3,47,0.0,1003.7,4.9
2001-03-27T19:00,29.1,51,0.0,1004.0,4.7
2001-03-27T20:00,28.1,54,0.0,1004.4,4.8
2001-03-27T21:00,27.3,57,0.0,1005.0,5.5
2001-03-27T22:00,26.5,60,0.0,1005.4,6.1
2001-03-27T23:00,26.0,62,0.0,1005.6,6.4
2001-03-28T00:00,25.5,63,0.0,1005.5,7.0
2001-03-28T01:00,25.1,65,0.0,1005.1,6.6
2001-03-28T02:00,25.0,66,0.0,1004.9,7.2
2001-03-28T03:00,24.7,67,0.0,1004.6,6.8
2001-03-28T04:00,24.4,68,0.0,1004.4,7.0
2001-03-28T05:00,24.2,69,0.0,1005.3,8.0
2001-03-28T06:00,23.9,70,0.0,1005.4,8.3
2001-03-28T07:00,24.0,70,0.0,1005.6,8.1
2001-03-28T08:00,25.5,65,0.0,1005.9,7.6
2001-03-28T09:00,27.8,56,0.0,1006.2,7.1
2001-03-28T10:00,29.7,49,0.0,1006.3,6.0
2001-03-28T11:00,31.4,42,0.0,1005.9,4.8
2001-03-28T12:00,32.6,37,0.1,1005.0,4.6
2001-03-28T13:00,33.4,33,0.2,1003.8,3.3
2001-03-28T14:00,34.1,33,0.0,1002.7,2.3
2001-03-28T15:00,34.1,32,0.0,1001.8,1.5
2001-03-28T16:00,33.4,34,0.0,1001.3,1.5
2001-03-28T17:00,32.2,40,0.1,1002.4,5.3
2001-03-28T18:00,30.4,50,0.0,1002.6,5.5
2001-03-28T19:00,28.6,58,0.0,1002.9,5.2
2001-03-28T20:00,27.5,63,0.0,1003.7,4.9
2001-03-28T21:00,26.6,66,0.0,1004.3,5.7
2001-03-28T22:00,25.8,69,0.0,1005.4,6.2
2001-03-28T23:00,25.2,70,0.0,1005.9,6.5
2001-03-29T00:00,24.6,71,0.2,1006.3,6.9
2001-03-29T01:00,24.1,71,0.0,1005.7,7.3
2001-03-29T02:00,23.8,71,0.0,1005.2,8.0
2001-03-29T03:00,23.4,71,0.0,1004.4,8.0
2001-03-29T04:00,23.1,71,0.0,1004.4,8.0
2001-03-29T05:00,22.8,71,0.0,1004.5,8.0
2001-03-29T06:00,22.5,71,0.0,1004.9,7.3
2001-03-29T07:00,22.5,71,0.0,1005.6,7.4
2001-03-29T08:00,24.6,64,0.0,1006.1,5.6
2001-03-29T09:00,27.6,52,0.0,1006.8,2.3
2001-03-29T10:00,30.0,44,0.0,1007.3,1.0
2001-03-29T11:00,31.7,40,0.0,1007.2,3.2
2001-03-29T12:00,33.2,37,0.0,1006.5,3.6
2001-03-29T13:00,34.0,35,0.1,1005.5,5.7
2001-03-29T14:00,33.2,40,0.8,1004.9,8.2
2001-03-29T15:00,30.8,49,1.8,1004.1,9.5
2001-03-29T16:00,29.8,58,0.2,1003.9,7.4
2001-03-29T17:00,29.4,60,0.0,1004.4,5.2
2001-03-29T18:00,28.7,63,0.0,1004.4,4.6
2001-03-29T19:00,27.8,68,0.0,1004.6,4.1
2001-03-29T20:00,27.2,72,0.0,1004.9,3.1
2001-03-29T21:00,26.6,76,0.0,1005.5,3.6
2001-03-29T22:00,26.2,79,0.0,1005.8,3.4
2001-03-29T23:00,25.6,81,0.0,1006.2,3.9
2001-03-30T00:00,25.2,83,0.0,1006.1,4.0
2001-03-30T01:00,24.9,84,0.0,1005.5,4.0
2001-03-30T02:00,24.6,82,0.2,1005.0,4.0
2001-03-30T03:00,24.2,84,0.0,1004.9,4.0
2001-03-30T04:00,23.9,85,0.1,1004.8,4.6
2001-03-30T05:00,23.7,85,0.0,1005.1,4.8
2001-03-30T06:00,23.4,86,0.0,1005.3,4.8
2001-03-30T07:00,23.4,86,0.0,1006.0,5.6
2001-03-30T08:00,25.5,73,0.0,1006.1,5.4
2001-03-30T09:00,27.8,59,0.0,1006.6,3.2
2001-03-30T10:00,29.6,51,0.0,1006.6,2.8
2001-03-30T11:00,31.3,45,0.0,1006.2,3.7
2001-03-30T12:00,32.6,42,0.0,1005.3,5.4
2001-03-30T13:00,33.4,40,0.0,1004.5,7.6
2001-03-30T14:00,33.4,41,0.0,1003.8,10.0
2001-03-30T15:00,32.4,46,0.0,1003.1,11.6
2001-03-30T16:00,31.3,51,0.0,1003.1,12.2
2001-03-30T17:00,30.0,57,0.0,1003.6,9.1
2001-03-30T18:00,28.9,62,0.0,1004.0,6.9
2001-03-30T19:00,27.9,69,0.0,1004.5,4.5
2001-03-30T20:00,27.2,73,0.0,1004.8,3.1
2001-03-30T21:00,26.8,76,0.1,1005.5,2.6
2001-03-30T22:00,26.5,80,0.1,1006.1,1.5
2001-03-30T23:00,26.4,78,0.0,1006.6,2.0
2001-03-31T00:00,25.9,82,0.0,1006.8,2.5
2001-03-31T01:00,25.2,84,0.0,1006.0,2.1
2001-03-31T02:00,24.7,87,0.2,1005.5,3.1
2001-03-31T03:00,24.3,87,0.0,1004.4,3.6
2001-03-31T04:00,24.2,87,0.0,1004.2,3.0
2001-03-31T05:00,24.0,87,0.0,1004.8,3.8
2001-03-31T06:00,24.2,86,0.0,1005.4,3.6
2001-03-31T07:00,24.4,84,0.0,1005.9,3.2
2001-03-31T08:00,25.3,81,0.0,1006.4,2.3
2001-03-31T09:00,27.0,71,0.0,1006.9,3.2
2001-03-31T10:00,28.9,62,0.0,1007.0,3.6
2001-03-31T11:00,30.8,54,0.0,1006.7,4.4
2001-03-31T12:00,31.8,52,0.3,1005.9,6.5
2001-03-31T13:00,31.5,54,1.4,1004.9,9.3
2001-03-31T14:00,30.3,59,0.9,1004.4,9.8
2001-03-31T15:00,28.7,68,0.9,1004.2,7.5
2001-03-31T16:00,27.3,73,2.4,1004.5,2.2
2001-03-31T17:00,26.7,78,0.2,1004.4,2.5
2001-03-31T18:00,26.2,80,0.0,1004.5,2.7
2001-03-31T19:00,26.2,79,0.0,1004.6,3.3
2001-03-31T20:00,26.1,78,0.0,1004.5,2.9
2001-03-31T21:00,25.7,81,0.0,1005.1,0.8
2001-03-31T22:00,25.7,82,0.0,1005.7,0.5
2001-03-31T23:00,25.5,82,0.0,1006.3,1.8
2001-04-01T00:00,24.5,88,0.0,1006.4,2.5
2001-04-01T01:00,24.2,89,0.0,1006.0,1.9
2001-04-01T02:00,25.4,83,0.0,1005.5,1.1
2001-04-01T03:00,25.1,84,0.0,1005.0,1.1
2001-04-01T04:00,24.8,85,0.0,1004.6,1.5
2001-04-01T05:00,24.5,87,0.0,1005.3,2.3
2001-04-01T06:00,23.2,93,0.0,1005.5,4.1
2001-04-01T07:00,23.2,93,0.0,1005.9,4.5
2001-04-01T08:00,25.1,84,0.0,1006.5,1.9
2001-04-01T09:00,26.7,78,0.2,1007.1,2.7
2001-04-01T10:00,28.1,71,0.2,1007.2,4.3
2001-04-01T11:00,28.6,69,0.4,1006.8,5.6
2001-04-01T12:00,29.4,66,0.2,1006.0,5.6
2001-04-01T13:00,30.3,63,0.0,1005.5,6.2
2001-04-01T14:00,30.3,61,0.7,1005.0,7.2
2001-04-01T15:00,30.0,63,0.2,1004.7,6.2
2001-04-01T16:00,27.1,75,2.1,1004.5,4.7
2001-04-01T17:00,25.0,87,1.3,1004.8,3.4
2001-04-01T18:00,24.9,85,0.2,1005.0,2.2
2001-04-01T19:00,24.9,84,0.0,1004.7,3.6
2001-04-01T20:00,25.0,81,0.0,1004.9,2.5
2001-04-01T21:00,24.6,86,0.0,1005.7,2.5
2001-04-01T22:00,24.5,86,0.0,1006.6,2.3
2001-04-01T23:00,24.4,86,0.0,1007.1,2.5
2001-04-02T00:00,23.9,89,0.0,1006.8,3.4
2001-04-02T01:00,23.4,91,0.0,1006.1,4.0
2001-04-02T02:00,23.5,91,0.0,1005.5,4.3
2001-04-02T03:00,22.8,93,0.0,1004.9,5.2
2001-04-02T04:00,21.7,96,0.0,1004.8,6.6
2001-04-02T05:00,21.7,96,0.0,1005.7,7.2
2001-04-02T06:00,22.0,95,0.0,1006.2,7.2
2001-04-02T07:00,22.2,94,0.0,1006.5,7.2
2001-04-02T08:00,24.1,89,0.0,1006.9,5.6
2001-04-02T09:00,26.3,79,0.0,1007.0,4.1
2001-04-02T10:00,28.6,66,0.0,1007.1,5.8
2001-04-02T11:00,30.5,56,0.0,1006.6,6.8
2001-04-02T12:00,32.0,49,0.0,1005.9,7.2
2001-04-02T13:00,33.0,44,0.0,1004.7,7.0
2001-04-02T14:00,33.1,44,0.0,1003.8,6.2
2001-04-02T15:00,33.1,43,0.0,1003.1,4.7
2001-04-02T16:00,32.8,43,0.0,1002.8,2.9
2001-04-02T17:00,31.8,44,0.0,1003.0,3.1
2001-04-02T18:00,30.6,48,0.1,1003.6,1.8
2001-04-02T19:00,29.1,55,0.0,1004.1,2.1
2001-04-02T20:00,28.0,58,0.0,1004.7,4.0
2001-04-02T21:00,27.3,61,0.0,1005.1,5.4
2001-04-02T22:00,26.6,63,0.0,1005.5,7.6
2001-04-02T23:00,26.1,65,0.0,1005.6,8.7
2001-04-03T00:00,25.5,68,0.0,1005.2,9.3
2001-04-03T01:00,24.9,69,0.0,1004.7,8.9
2001-04-03T02:00,24.4,71,0.0,1004.2,8.2
2001-04-03T03:00,23.8,72,0.0,1003.9,8.7
2001-04-03T04:00,23.3,73,0.0,1004.1,9.7
2001-04-03T05:00,22.9,73,0.0,1005.3,9.8
2001-04-03T06:00,22.5,74,0.0,1005.7,9.9
2001-04-03T07:00,22.5,74,0.0,1006.5,10.4
2001-04-03T08:00,24.1,68,0.0,1007.3,8.7
2001-04-03T09:00,26.7,57,0.0,1007.8,8.2
2001-04-03T10:00,28.9,47,0.0,1008.0,7.1
2001-04-03T11:00,30.7,39,0.0,1007.7,6.2
2001-04-03T12:00,32.1,34,0.0,1007.1,5.7
2001-04-03T13:00,33.1,30,0.0,1005.9,5.4
2001-04-03T14:00,33.5,27,0.0,1004.9,4.8
2001-04-03T15:00,33.4,27,0.0,1004.0,4.1
2001-04-03T16:00,32.8,29,0.0,1003.6,3.9
2001-04-03T17:00,31.6,33,0.0,1003.5,4.7
2001-04-03T18:00,30.1,38,0.0,1004.1,5.2
2001-04-03T19:00,28.3,44,0.0,1004.9,5.9
2001-04-03T20:00,26.7,49,0.0,1005.3,7.9
2001-04-03T21:00,25.4,54,0.0,1006.1,9.2
2001-04-03T22:00,24.5,59,0.0,1006.6,9.4
2001-04-03T23:00,23.8,62,0.0,1007.1,9.5
2001-04-04T00:00,23.4,64,0.0,1006.8,10.0
2001-04-04T01:00,23.0,65,0.0,1005.9,10.2
2001-04-04T02:00,22.5,69,0.0,1005.1,10.4
2001-04-04T03:00,22.3,68,0.0,1004.5,10.6
2001-04-04T04:00,22.0,67,0.0,1004.4,10.7
2001-04-04T05:00,21.9,65,0.0,1004.8,11.0
2001-04-04T06:00,21.8,64,0.0,1005.2,11.2
2001-04-04T07:00,21.9,64,0.0,1005.5,12.0
2001-04-04T08:00,23.9,59,0.0,1005.7,10.8
2001-04-04T09:00,27.0,50,0.0,1006.5,10.4
2001-04-04T10:00,29.5,43,0.0,1006.5,9.4
2001-04-04T11:00,31.3,36,0.0,1005.9,8.9
2001-04-04T12:00,32.7,32,0.0,1005.1,8.9
2001-04-04T13:00,33.4,30,0.0,1004.1,8.9
2001-04-04T14:00,33.8,30,0.0,1003.0,8.7
2001-04-04T15:00,33.4,31,0.0,1002.2,8.5
2001-04-04T16:00,32.6,33,0.0,1002.0,8.4
2001-04-04T17:00,31.5,35,0.0,1002.4,5.9
2001-04-04T18:00,29.8,40,0.0,1002.7,5.6
2001-04-04T19:00,28.0,45,0.0,1003.3,6.4
2001-04-04T20:00,26.5,52,0.0,1004.1,8.5
2001-04-04T21:00,25.4,57,0.0,1004.8,9.8
2001-04-04T22:00,24.6,60,0.0,1005.5,9.7
2001-04-04T23:00,23.9,62,0.0,1005.7,10.9
2001-04-05T00:00,23.5,63,0.0,1005.6,11.3
2001-04-05T01:00,23.2,61,0.0,1005.0,11.6
2001-04-05T02:00,22.7,65,0.0,1004.3,11.6
2001-04-05T03:00,22.5,64,0.0,1003.9,11.4
2001-04-05T04:00,22.3,63,0.0,1003.9,12.0
2001-04-05T05:00,22.2,63,0.0,1004.3,12.1
2001-04-05T06:00,22.2,62,0.0,1004.4,12.1
2001-04-05T07:00,22.4,63,0.0,1005.0,12.1
2001-04-05T08:00,24.5,57,0.0,1005.4,11.2
2001-04-05T09:00,27.5,46,0.0,1005.9,10.8
2001-04-05T10:00,30.0,36,0.0,1006.1,10.9
2001-04-05T11:00,31.9,30,0.0,1005.3,11.1
2001-04-05T12:00,33.2,26,0.0,1005.0,12.2
2001-04-05T13:00,33.8,25,0.0,1003.8,12.8
2001-04-05T14:00,34.1,25,0.0,1002.6,12.3
2001-04-05T15:00,33.8,27,0.0,1001.9,10.9
2001-04-05T16:00,33.1,28,0.0,1001.6,10.0
2001-04-05T17:00,31.7,32,0.0,1001.6,7.2
2001-04-05T18:00,30.0,37,0.0,1002.2,7.1
2001-04-05T19:00,28.1,43,0.0,1002.6,7.0
2001-04-05T20:00,26.7,49,0.0,1003.0,8.7
2001-04-05T21:00,25.6,56,0.0,1004.0,10.2
2001-04-05T22:00,24.9,58,0.0,1004.8,10.7
2001-04-05T23:00,24.5,59,0.0,1005.2,11.0
2001-04-06T00:00,24.0,58,0.0,1005.0,11.7
2001-04-06T01:00,23.8,58,0.0,1004.2,12.1
2001-04-06T02:00,23.5,57,0.0,1003.5,12.8
2001-04-06T03:00,23.3,57,0.0,1002.7,13.0
2001-04-06T04:00,23.2,58,0.0,1002.8,13.0
2001-04-06T05:00,23.0,58,0.0,1003.9,12.3
2001-04-06T06:00,22.9,59,0.0,1004.5,11.4
2001-04-06T07:00,23.0,60,0.0,1005.0,11.8
2001-04-06T08:00,24.9,56,0.0,1005.5,11.5
2001-04-06T09:00,27.5,50,0.0,1005.9,11.1
2001-04-06T10:00,29.9,43,0.0,1006.0,10.3
2001-04-06T11:00,31.7,37,0.0,1005.7,10.1
2001-04-06T12:00,33.1,33,0.0,1005.2,11.1
2001-04-06T13:00,33.8,31,0.0,1004.0,11.6
2001-04-06T14:00,34.3,28,0.0,1002.9,11.7
2001-04-06T15:00,33.9,29,0.0,1002.2,12.3
2001-04-06T16:00,33.1,31,0.0,1001.8,12.5
2001-04-06T17:00,31.7,36,0.0,1002.2,9.2
2001-04-06T18:00,29.8,42,0.0,1002.5,8.9
2001-04-06T19:00,28.1,48,0.0,1002.7,10.7
2001-04-06T20:00,26.7,54,0.0,1003.5,12.4
2001-04-06T21:00,25.8,58,0.0,1003.6,12.6
2001-04-06T22:00,25.3,60,0.0,1004.1,13.7
2001-04-06T23:00,24.8,61,0.0,1004.2,13.7
2001-04-07T00:00,24.5,61,0.0,1004.2,13.4
2001-04-07T01:00,24.2,62,0.0,1003.7,12.9
2001-04-07T02:00,24.0,62,0.0,1003.0,13.0
2001-04-07T03:00,24.0,60,0.0,1002.7,12.8
2001-04-07T04:00,23.8,60,0.0,1002.6,12.0
2001-04-07T05:00,23.7,59,0.0,1004.0,12.1
2001-04-07T06:00,23.9,58,0.0,1004.5,11.3
2001-04-07T07:00,24.0,58,0.0,1005.1,11.3
2001-04-07T08:00,25.7,55,0.0,1005.8,10.7
2001-04-07T09:00,28.0,51,0.0,1006.2,10.0
2001-04-07T10:00,30.2,47,0.0,1006.5,10.0
2001-04-07T11:00,31.7,44,0.0,1006.4,9.9
2001-04-07T12:00,32.7,42,0.0,1006.4,9.7
2001-04-07T13:00,33.6,39,0.0,1005.6,8.9
2001-04-07T14:00,33.3,40,0.0,1004.6,7.7
2001-04-07T15:00,33.3,41,0.0,1003.7,6.0
2001-04-07T16:00,32.7,42,0.0,1003.3,5.2
2001-04-07T17:00,31.7,44,0.2,1004.3,5.8
2001-04-07T18:00,30.4,48,0.0,1005.4,5.5
2001-04-07T19:00,28.9,54,0.0,1005.5,3.8
2001-04-07T20:00,27.9,59,0.0,1006.1,3.6
2001-04-07T21:00,27.3,61,0.0,1007.2,4.5
2001-04-07T22:00,26.8,63,0.0,1007.6,6.6
2001-04-07T23:00,26.3,64,0.0,1007.8,6.8
2001-04-08T00:00,26.1,65,0.0,1007.5,7.0
2001-04-08T01:00,25.7,66,0.0,1007.0,6.2
2001-04-08T02:00,25.4,68,0.0,1006.2,6.6
2001-04-08T03:00,25.3,68,0.0,1005.6,6.6
2001-04-08T04:00,25.1,69,0.0,1005.3,5.9
2001-04-08T05:00,25.0,68,0.0,1006.0,6.9
2001-04-08T06:00,24.8,69,0.0,1006.0,6.3
2001-04-08T07:00,24.7,70,0.0,1006.5,6.4
2001-04-08T08:00,25.6,68,0.0,1007.3,6.7
2001-04-08T09:00,27.2,61,0.0,1007.3,5.2
2001-04-08T10:00,29.2,55,0.0,1007.9,3.4
2001-04-08T11:00,31.1,49,0.1,1008.0,3.1
2001-04-08T12:00,32.1,45,1.6,1007.8,3.7
2001-04-08T13:00,31.9,46,2.9,1007.1,2.9
2001-04-08T14:00,31.3,48,2.0,1006.0,3.8
2001-04-08T15:00,31.1,49,0.0,1005.3,4.1
2001-04-08T16:00,30.7,50,0.0,1004.4,5.5
2001-04-08T17:00,30.0,52,0.0,1004.3,4.7
2001-04-08T18:00,29.3,54,0.0,1004.4,5.0
2001-04-08T19:00,28.2,58,0.0,1004.7,3.6
2001-04-08T20:00,27.5,61,0.0,1005.3,2.9
2001-04-08T21:00,26.9,63,0.0,1006.0,4.3
2001-04-08T22:00,26.4,65,0.0,1006.9,5.5
2001-04-08T23:00,26.0,66,0.0,1007.1,6.6
2001-04-09T00:00,25.6,67,0.0,1007.0,6.4
2001-04-09T01:00,25.3,67,0.0,1006.1,6.0
2001-04-09T02:00,24.9,71,0.0,1005.4,5.7
2001-04-09T03:00,24.4,72,0.0,1004.7,6.1
2001-04-09T04:00,24.1,73,0.0,1004.3,6.6
2001-04-09T05:00,24.0,72,0.0,1004.3,6.8
2001-04-09T06:00,23.7,73,0.0,1004.9,6.4
2001-04-09T07:00,23.7,74,0.0,1005.4,6.8
2001-04-09T08:00,25.5,66,0.0,1005.9,4.8
2001-04-09T09:00,27.9,56,0.0,1006.6,3.1
2001-04-09T10:00,29.7,51,0.0,1006.7,2.2
2001-04-09T11:00,30.8,48,0.0,1006.4,3.1
2001-04-09T12:00,31.7,46,2.3,1005.8,2.9
2001-04-09T13:00,32.1,46,1.1,1005.1,1.8
2001-04-09T14:00,31.5,48,0.0,1003.7,3.2
2001-04-09T15:00,31.0,50,1.0,1003.1,5.1
2001-04-09T16:00,30.5,52,0.0,1002.4,4.1
2001-04-09T17:00,29.9,54,0.1,1002.8,2.2
2001-04-09T18:00,28.9,57,0.0,1003.3,4.4
2001-04-09T19:00,27.9,60,0.0,1003.8,3.6
2001-04-09T20:00,27.2,63,0.0,1004.2,3.6
2001-04-09T21:00,26.6,66,0.0,1004.6,3.9
2001-04-09T22:00,26.1,68,0.0,1005.4,4.5
2001-04-09T23:00,25.7,69,0.0,1005.6,5.1
2001-04-10T00:00,25.2,71,0.0,1005.4,6.0
2001-04-10T01:00,24.7,72,0.0,1004.5,6.3
2001-04-10T02:00,24.5,77,0.0,1003.8,6.1
2001-04-10T03:00,24.2,78,0.0,1003.4,6.1
2001-04-10T04:00,23.9,79,0.0,1003.2,6.5
2001-04-10T05:00,23.4,80,0.0,1003.6,7.8
2001-04-10T06:00,23.1,80,0.0,1003.8,8.4
2001-04-10T07:00,23.4,78,0.0,1004.0,8.7
2001-04-10T08:00,25.2,70,0.0,1004.4,7.8
2001-04-10T09:00,27.6,59,0.0,1005.0,7.7
2001-04-10T10:00,29.5,51,0.0,1004.9,6.7
2001-04-10T11:00,31.4,45,0.0,1004.8,5.1
2001-04-10T12:00,32.8,40,0.0,1004.3,4.6
2001-04-10T13:00,33.6,37,0.0,1003.5,3.5
2001-04-10T14:00,33.7,37,0.0,1002.8,2.6
2001-04-10T15:00,33.5,37,0.2,1001.8,2.2
2001-04-10T16:00,33.0,38,0.2,1001.3,1.1
2001-04-10T17:00,32.3,40,0.1,1001.8,3.6
2001-04-10T18:00,30.7,46,0.0,1001.7,4.7
2001-04-10T19:00,28.9,55,0.0,1002.8,3.6
2001-04-10T20:00,27.8,60,0.0,1003.2,3.6
2001-04-10T21:00,26.9,62,0.0,1004.0,5.9
2001-04-10T22:00,26.2,62,0.0,1005.0,7.6
2001-04-10T23:00,25.5,64,0.0,1004.8,7.6
2001-04-11T00:00,25.0,65,0.0,1004.6,8.2
2001-04-11T01:00,24.3,67,0.0,1003.7,8.8
2001-04-11T02:00,24.0,71,0.0,1003.3,8.7
2001-04-11T03:00,23.7,71,0.0,1002.7,8.8
2001-04-11T04:00,23.4,72,0.0,1002.8,8.2
2001-04-11T05:00,22.9,73,0.0,1004.2,7.0
2001-04-11T06:00,22.5,74,0.0,1004.2,7.7
2001-04-11T07:00,22.6,73,0.0,1004.6,8.8
2001-04-11T08:00,25.1,64,0.0,1005.1,7.0
2001-04-11T09:00,28.1,51,0.0,1005.4,5.6
2001-04-11T10:00,30.4,44,0.0,1005.9,3.9
2001-04-11T11:00,31.9,40,0.0,1005.4,3.4
2001-04-11T12:00,32.9,38,0.0,1005.1,2.1
2001-04-11T13:00,33.5,36,0.0,1004.2,1.1
2001-04-11T14:00,34.1,35,0.0,1003.2,1.3
2001-04-11T15:00,34.2,35,0.1,1002.6,2.2
2001-04-11T16:00,33.6,37,0.3,1002.3,4.2
2001-04-11T17:00,32.5,41,0.1,1002.6,4.8
2001-04-11T18:00,30.7,48,0.0,1002.7,5.4
2001-04-11T19:00,29.3,55,0.0,1003.1,4.8
2001-04-11T20:00,28.2,58,0.0,1003.5,5.5
2001-04-11T21:00,27.4,59,0.0,1004.4,6.3
2001-04-11T22:00,26.7,61,0.0,1005.5,7.0
2001-04-11T23:00,26.1,63,0.0,1006.3,7.4
2001-04-12T00:00,25.6,65,0.0,1006.4,7.1
2001-04-12T01:00,25.1,66,0.0,1006.4,7.1
2001-04-12T02:00,24.7,70,0.0,1005.7,7.9
2001-04-12T03:00,24.4,71,0.0,1004.9,7.5
2001-04-12T04:00,24.0,72,0.0,1004.8,7.6
2001-04-12T05:00,24.0,72,0.0,1005.4,7.9
2001-04-12T06:00,23.8,72,0.0,1005.6,7.8
2001-04-12T07:00,24.0,72,0.0,1006.1,7.9
2001-04-12T08:00,25.8,66,0.0,1006.2,6.2
2001-04-12T09:00,28.1,57,0.0,1006.5,4.8
2001-04-12T10:00,30.1,51,0.0,1006.2,3.3
2001-04-12T11:00,31.8,45,0.0,1005.9,2.6
2001-04-12T12:00,32.8,42,0.2,1005.7,2.5
2001-04-12T13:00,33.6,40,0.3,1005.1,2.4
2001-04-12T14:00,32.5,44,0.9,1004.9,1.5
2001-04-12T15:00,31.8,47,1.0,1004.3,1.1
2001-04-12T16:00,30.8,52,0.2,1003.8,1.9
2001-04-12T17:00,29.5,56,0.0,1004.0,2.4
2001-04-12T18:00,28.5,60,0.0,1004.3,2.2
2001-04-12T19:00,27.7,63,0.0,1005.0,2.1
2001-04-12T20:00,27.1,66,0.0,1005.3,1.8
2001-04-12T21:00,26.5,67,0.0,1005.7,4.0
2001-04-12T22:00,26.3,67,0.0,1006.1,6.0
2001-04-12T23:00,26.0,67,0.0,1006.5,7.1
2001-04-13T00:00,25.6,68,0.0,1006.0,7.7
2001-04-13T01:00,25.3,70,0.0,1005.6,7.7
2001-04-13T02:00,25.3,69,0.0,1005.0,7.2
2001-04-13T03:00,25.1,70,0.0,1004.9,6.8
2001-04-13T04:00,24.8,72,0.0,1004.7,6.5
2001-04-13T05:00,24.6,73,0.0,1005.6,6.2
2001-04-13T06:00,24.4,76,0.0,1006.2,6.2
2001-04-13T07:00,24.5,77,0.0,1006.4,6.8
2001-04-13T08:00,26.0,70,0.0,1006.5,6.4
2001-04-13T09:00,27.8,63,0.0,1007.2,5.4
2001-04-13T10:00,29.5,57,0.0,1006.9,5.7
2001-04-13T11:00,31.3,50,0.0,1006.6,8.1
2001-04-13T12:00,32.1,47,0.0,1005.8,7.0
2001-04-13T13:00,33.2,44,0.0,1004.9,5.3
2001-04-13T14:00,33.3,44,0.0,1004.2,2.9
2001-04-13T15:00,33.0,45,1.0,1004.0,2.9
2001-04-13T16:00,32.4,47,0.4,1003.7,6.6
2001-04-13T17:00,30.5,53,0.0,1003.7,4.7
2001-04-13T18:00,29.5,57,0.0,1004.1,1.8
2001-04-13T19:00,28.6,60,0.0,1004.9,2.6
2001-04-13T20:00,28.0,62,0.4,1005.6,4.7
2001-04-13T21:00,27.4,64,0.0,1006.1,4.7
2001-04-13T22:00,27.0,64,0.0,1006.5,5.6
2001-04-13T23:00,26.7,65,0.0,1006.6,5.4
2001-04-14T00:00,26.3,66,0.0,1006.3,4.8
2001-04-14T01:00,25.9,67,0.0,1005.8,5.1
2001-04-14T02:00,25.5,69,0.0,1005.0,5.5
2001-04-14T03:00,25.3,69,0.0,1004.6,5.8
2001-04-14T04:00,25.2,70,0.0,1004.2,5.4
2001-04-14T05:00,25.1,70,0.0,1004.9,6.2
2001-04-14T06:00,25.0,71,0.0,1005.1,5.1
2001-04-14T07:00,25.0,72,0.0,1005.9,5.1
2001-04-14T08:00,26.0,68,0.0,1006.0,4.0
2001-04-14T09:00,27.6,61,0.0,1006.6,4.9
2001-04-14T10:00,29.4,54,0.1,1006.3,4.9
2001-04-14T11:00,31.1,48,1.3,1006.1,2.5
2001-04-14T12:00,32.1,44,1.2,1005.8,3.1
2001-04-14T13:00,32.4,43,1.0,1004.9,4.9
2001-04-14T14:00,32.0,46,1.6,1004.1,4.8
2001-04-14T15:00,31.9,47,0.4,1003.2,3.7
2001-04-14T16:00,31.3,49,0.8,1002.4,3.3
2001-04-14T17:00,30.3,51,0.2,1003.1,3.5
2001-04-14T18:00,29.3,54,0.0,1003.7,1.3
2001-04-14T19:00,28.3,58,0.0,1004.5,0.8
2001-04-14T20:00,27.6,61,0.0,1005.3,1.1
2001-04-14T21:00,27.0,64,0.0,1005.9,1.8
2001-04-14T22:00,26.5,66,0.1,1006.7,2.7
2001-04-14T23:00,26.1,69,0.0,1006.7,2.3
2001-04-15T00:00,25.5,76,0.9,1006.5,2.3
2001-04-15T01:00,25.3,73,0.0,1006.1,2.8
2001-04-15T02:00,24.8,78,0.0,1005.2,3.8
2001-04-15T03:00,24.6,76,0.0,1004.7,4.0
2001-04-15T04:00,24.1,79,0.0,1004.6,4.7
2001-04-15T05:00,23.7,77,0.0,1004.9,5.6
2001-04-15T06:00,23.8,76,0.0,1005.4,5.4
2001-04-15T07:00,23.8,78,0.0,1006.1,4.9
2001-04-15T08:00,25.6,71,0.0,1006.5,5.2
2001-04-15T09:00,27.4,63,0.0,1006.6,3.8
2001-04-15T10:00,29.1,56,0.1,1006.8,1.9
2001-04-15T11:00,30.5,51,0.6,1006.5,1.8
2001-04-15T12:00,31.2,48,0.2,1006.3,1.3
2001-04-15T13:00,31.9,46,0.0,1005.3,1.3
2001-04-15T14:00,31.3,51,1.2,1004.7,0.8
2001-04-15T15:00,30.7,53,1.0,1003.7,1.8
2001-04-15T16:00,30.5,54,1.3,1003.3,1.9
2001-04-15T17:00,29.7,57,0.1,1003.0,2.5
2001-04-15T18:00,28.0,64,0.1,1003.5,1.3
2001-04-15T19:00,27.3,67,0.0,1003.5,1.8
2001-04-15T20:00,26.8,69,0.0,1004.3,3.6
2001-04-15T21:00,26.2,71,0.0,1004.9,4.4
2001-04-15T22:00,25.8,72,0.0,1005.8,5.2
2001-04-15T23:00,25.4,71,0.0,1006.1,5.5
2001-04-16T00:00,25.1,71,0.0,1006.2,6.4
2001-04-16T01:00,24.8,71,0.0,1005.8,6.3
2001-04-16T02:00,24.6,72,0.0,1005.0,6.8
2001-04-16T03:00,24.4,73,0.0,1004.6,6.7
2001-04-16T04:00,24.1,73,0.0,1004.3,7.2
2001-04-16T05:00,23.9,74,0.0,1005.1,6.8
2001-04-16T06:00,23.8,75,0.0,1005.8,7.0
2001-04-16T07:00,23.9,75,0.0,1006.1,7.0
2001-04-16T08:00,25.6,69,0.0,1006.5,5.8
2001-04-16T09:00,27.8,60,0.0,1007.1,4.0
2001-04-16T10:00,29.7,53,0.0,1007.2,2.6
2001-04-16T11:00,31.3,47,0.0,1007.1,1.8
2001-04-16T12:00,31.8,45,0.5,1006.8,1.3
2001-04-16T13:00,32.7,43,3.3,1005.8,1.1
2001-04-16T14:00,32.5,45,2.6,1005.1,3.3
2001-04-16T15:00,31.2,50,0.0,1004.0,2.9
2001-04-16T16:00,29.8,55,0.5,1003.9,3.3
2001-04-16T17:00,29.4,56,0.7,1004.5,1.8
2001-04-16T18:00,28.6,60,0.1,1004.7,2.4
2001-04-16T19:00,27.9,63,0.0,1005.4,0.4
2001-04-16T20:00,27.2,66,0.0,1005.8,1.5
2001-04-16T21:00,26.5,70,0.0,1006.8,3.1
2001-04-16T22:00,26.1,71,0.0,1007.4,3.7
2001-04-16T23:00,25.8,70,0.0,1007.6,4.8
2001-04-17T00:00,25.4,71,0.0,1007.9,6.3
2001-04-17T01:00,25.0,72,0.0,1006.7,6.3
2001-04-17T02:00,25.0,74,0.0,1006.2,6.8
2001-04-17T03:00,24.6,75,0.0,1005.6,7.6
2001-04-17T04:00,24.4,75,0.0,1005.1,8.1
2001-04-17T05:00,24.1,75,0.0,1005.6,8.4
2001-04-17T06:00,24.0,75,0.0,1006.3,8.0
2001-04-17T07:00,24.0,76,0.0,1007.1,7.7
2001-04-17T08:00,25.4,72,0.0,1007.6,6.2
2001-04-17T09:00,27.7,62,0.0,1007.8,4.4
2001-04-17T10:00,29.9,54,0.0,1008.2,3.1
2001-04-17T11:00,31.4,48,0.0,1007.6,3.3
2001-04-17T12:00,32.8,44,0.0,1007.2,2.6
2001-04-17T13:00,33.4,43,2.3,1006.3,1.6
2001-04-17T14:00,32.6,47,0.4,1005.7,2.2
2001-04-17T15:00,31.7,50,0.7,1004.9,1.1
2001-04-17T16:00,29.7,59,2.2,1005.5,1.6
2001-04-17T17:00,27.3,72,3.4,1005.7,2.5
2001-04-17T18:00,26.4,75,0.0,1006.2,2.9
2001-04-17T19:00,26.2,77,0.0,1006.3,1.5
2001-04-17T20:00,25.8,81,0.0,1006.8,1.3
2001-04-17T21:00,25.9,77,0.0,1007.0,2.9
2001-04-17T22:00,25.3,82,0.0,1007.6,4.2
2001-04-17T23:00,24.5,86,0.0,1007.9,4.1
2001-04-18T00:00,23.9,89,0.0,1007.6,4.3
2001-04-18T01:00,23.8,89,0.0,1007.0,4.9
2001-04-18T02:00,23.6,90,0.0,1006.5,5.2
2001-04-18T03:00,23.3,91,0.0,1006.2,6.0
2001-04-18T04:00,23.5,88,0.0,1005.7,7.1
2001-04-18T05:00,23.6,86,0.0,1006.2,7.2
2001-04-18T06:00,23.3,86,0.0,1007.3,6.6
2001-04-18T07:00,23.5,86,0.0,1007.8,7.1
2001-04-18T08:00,25.1,82,0.0,1007.9,6.2
2001-04-18T09:00,26.9,72,0.0,1008.5,3.5
2001-04-18T10:00,28.5,64,0.0,1008.9,3.7
2001-04-18T11:00,29.6,59,0.0,1008.4,3.1
2001-04-18T12:00,30.8,55,0.0,1007.6,3.4
2001-04-18T13:00,31.1,54,4.0,1006.5,1.6
2001-04-18T14:00,30.6,55,0.5,1005.2,0.4
2001-04-18T15:00,30.3,56,2.2,1004.8,1.8
2001-04-18T16:00,29.0,60,0.9,1004.5,1.9
2001-04-18T17:00,28.2,64,0.0,1005.1,1.8
2001-04-18T18:00,27.7,67,0.7,1005.3,1.3
2001-04-18T19:00,27.0,71,0.0,1005.9,3.1
2001-04-18T20:00,26.1,77,0.0,1006.0,2.5
2001-04-18T21:00,25.5,78,0.0,1006.9,3.6
2001-04-18T22:00,25.4,75,0.0,1007.4,4.8
2001-04-18T23:00,25.1,74,0.0,1007.5,5.8
2001-04-19T00:00,24.7,74,0.0,1007.0,6.2
2001-04-19T01:00,24.4,74,0.0,1006.3,6.6
2001-04-19T02:00,24.2,78,0.0,1005.7,5.9
2001-04-19T03:00,24.3,76,0.0,1005.5,5.6
2001-04-19T04:00,23.6,79,0.0,1005.2,6.0
2001-04-19T05:00,23.5,79,0.0,1005.7,5.0
2001-04-19T06:00,23.4,80,0.0,1006.2,5.8
2001-04-19T07:00,23.7,79,0.0,1006.4,6.1
2001-04-19T08:00,25.1,72,0.0,1007.1,5.5
2001-04-19T09:00,26.6,66,0.0,1007.9,4.1
2001-04-19T10:00,28.1,61,0.0,1008.3,3.2
2001-04-19T11:00,29.4,55,0.0,1008.2,4.5
2001-04-19T12:00,30.4,50,0.0,1007.5,5.5
2001-04-19T13:00,30.8,48,1.5,1006.4,4.6
2001-04-19T14:00,30.1,51,0.0,1005.8,4.3
2001-04-19T15:00,29.8,52,0.3,1005.2,3.4
2001-04-19T16:00,29.4,53,0.0,1004.9,4.0
2001-04-19T17:00,28.9,54,0.0,1005.1,2.3
2001-04-19T18:00,28.1,59,0.0,1005.9,2.2
2001-04-19T19:00,27.1,68,0.2,1006.7,1.0
2001-04-19T20:00,26.1,73,0.0,1007.1,1.5
2001-04-19T21:00,25.6,74,0.0,1007.5,2.5
2001-04-19T22:00,25.3,70,0.0,1008.1,4.8
2001-04-19T23:00,25.1,68,0.0,1008.4,5.1
2001-04-20T00:00,25.0,66,0.0,1008.2,5.4
2001-04-20T01:00,24.8,66,0.0,1007.5,6.5
2001-04-20T02:00,24.3,74,0.0,1007.2,6.1
2001-04-20T03:00,23.9,76,0.0,1006.5,6.1
2001-04-20T04:00,23.8,75,0.0,1006.2,6.1
2001-04-20T05:00,23.6,75,0.0,1006.4,6.9
2001-04-20T06:00,23.3,79,0.0,1006.9,7.0
2001-04-20T07:00,24.1,74,0.0,1007.4,6.0
2001-04-20T08:00,25.3,68,0.0,1008.0,5.8
2001-04-20T09:00,26.0,68,0.3,1008.4,5.6
2001-04-20T10:00,26.7,67,0.3,1008.8,6.1
2001-04-20T11:00,27.9,62,0.2,1008.4,8.5
2001-04-20T12:00,29.0,58,0.0,1007.9,8.4
2001-04-20T13:00,29.6,54,0.0,1006.9,8.7
2001-04-20T14:00,30.8,49,0.0,1005.8,9.2
2001-04-20T15:00,30.9,48,0.2,1005.1,8.2
2001-04-20T16:00,30.5,49,0.4,1005.0,7.5
2001-04-20T17:00,29.7,51,0.0,1004.7,8.8
2001-04-20T18:00,28.5,55,0.0,1004.7,6.9
2001-04-20T19:00,27.3,59,0.0,1005.2,6.6
2001-04-20T20:00,26.5,61,0.0,1005.8,7.7
2001-04-20T21:00,25.8,63,0.0,1005.7,8.7
2001-04-20T22:00,25.4,63,0.0,1006.5,10.5
2001-04-20T23:00,25.1,64,0.0,1006.5,10.6
2001-04-21T00:00,24.9,64,0.0,1006.2,11.5
2001-04-21T01:00,24.8,64,0.0,1005.6,10.8
2001-04-21T02:00,24.9,65,0.0,1005.1,10.3
2001-04-21T03:00,24.7,65,0.0,1005.1,9.8
2001-04-21T04:00,24.6,66,0.0,1005.0,10.0
2001-04-21T05:00,24.4,66,0.0,1005.3,11.0
2001-04-21T06:00,24.3,66,0.0,1006.0,11.2
2001-04-21T07:00,24.4,66,0.0,1006.3,12.0
2001-04-21T08:00,25.6,61,0.0,1007.0,11.2
2001-04-21T09:00,27.5,55,0.0,1007.7,10.7
2001-04-21T10:00,29.2,49,0.0,1008.0,11.5
2001-04-21T11:00,30.7,44,0.0,1007.5,12.1
2001-04-21T12:00,31.7,41,0.0,1007.1,11.8
2001-04-21T13:00,32.5,38,0.0,1006.5,11.8
2001-04-21T14:00,32.5,38,0.0,1005.5,11.6
2001-04-21T15:00,32.3,37,0.0,1005.0,10.4
2001-04-21T16:00,31.6,38,0.0,1004.6,8.7
2001-04-21T17:00,30.6,40,0.0,1004.8,7.3
2001-04-21T18:00,29.3,44,0.0,1005.0,6.5
2001-04-21T19:00,27.6,50,0.0,1005.4,5.9
2001-04-21T20:00,26.4,54,0.0,1005.6,6.9
2001-04-21T21:00,25.5,56,0.0,1006.3,7.3
2001-04-21T22:00,25.0,57,0.0,1007.2,9.0
2001-04-21T23:00,24.6,57,0.0,1007.8,8.2
2001-04-22T00:00,24.1,58,0.0,1007.5,9.9
2001-04-22T01:00,23.8,58,0.0,1007.0,10.2
2001-04-22T02:00,23.5,57,0.0,1006.5,10.2
2001-04-22T03:00,23.1,57,0.0,1006.0,10.3
2001-04-22T04:00,23.0,55,0.0,1005.8,11.0
2001-04-22T05:00,22.9,56,0.0,1006.0,10.7
2001-04-22T06:00,23.0,57,0.0,1006.1,11.3
2001-04-22T07:00,23.1,59,0.0,1006.8,10.1
2001-04-22T08:00,24.8,56,0.0,1007.3,8.9
2001-04-22T09:00,27.4,50,0.0,1008.0,8.5
2001-04-22T10:00,29.5,46,0.0,1008.3,8.1
2001-04-22T11:00,30.8,43,0.0,1007.8,8.4
2001-04-22T12:00,31.7,41,0.0,1007.6,8.2
2001-04-22T13:00,32.5,38,0.0,1007.0,7.1
2001-04-22T14:00,32.6,36,0.0,1006.1,5.4
2001-04-22T15:00,32.5,36,0.0,1005.3,5.4
2001-04-22T16:00,32.0,37,0.0,1004.8,4.5
2001-04-22T17:00,31.0,40,0.0,1004.7,4.3
2001-04-22T18:00,29.7,44,0.0,1005.0,2.9
2001-04-22T19:00,28.3,48,0.0,1005.8,2.5
2001-04-22T20:00,27.0,52,0.0,1006.2,3.3
2001-04-22T21:00,25.9,55,0.0,1007.0,4.3
2001-04-22T22:00,25.1,58,0.0,1007.6,6.1
2001-04-22T23:00,24.3,59,0.0,1007.3,7.3
2001-04-23T00:00,23.8,60,0.0,1007.4,8.3
2001-04-23T01:00,23.4,60,0.0,1006.6,8.9
2001-04-23T02:00,22.8,63,0.0,1006.1,9.2
2001-04-23T03:00,22.4,63,0.0,1005.3,9.4
2001-04-23T04:00,22.1,63,0.0,1005.2,9.7
2001-04-23T05:00,21.8,65,0.0,1005.2,9.7
2001-04-23T06:00,21.7,66,0.0,1005.4,9.9
2001-04-23T07:00,22.0,67,0.0,1005.6,10.1
2001-04-23T08:00,24.2,60,0.0,1006.0,8.0
2001-04-23T09:00,27.1,52,0.0,1006.6,5.7
2001-04-23T10:00,29.3,45,0.0,1006.9,4.7
2001-04-23T11:00,31.0,41,0.0,1006.4,5.0
2001-04-23T12:00,32.2,37,0.0,1006.1,5.5
2001-04-23T13:00,32.8,36,0.0,1005.2,5.8
2001-04-23T14:00,32.8,36,0.0,1003.7,4.7
2001-04-23T15:00,32.7,36,0.0,1003.1,2.9
2001-04-23T16:00,32.1,37,0.0,1002.5,2.2
2001-04-23T17:00,31.3,40,0.0,1003.0,2.0
2001-04-23T18:00,30.1,43,0.0,1003.4,2.2
2001-04-23T19:00,28.7,49,0.0,1004.0,2.6
2001-04-23T20:00,27.2,55,0.0,1004.6,3.0
2001-04-23T21:00,26.1,59,0.0,1005.3,4.7
2001-04-23T22:00,25.2,62,0.0,1006.0,6.1
2001-04-23T23:00,24.5,64,0.0,1006.5,6.7
2001-04-24T00:00,24.0,65,0.0,1006.7,7.6
2001-04-24T01:00,23.4,67,0.0,1006.2,8.0
2001-04-24T02:00,22.9,67,0.0,1005.3,8.2
2001-04-24T03:00,22.4,68,0.0,1005.0,8.9
2001-04-24T04:00,22.0,67,0.0,1004.6,8.9
2001-04-24T05:00,21.7,67,0.0,1004.7,9.6
2001-04-24T06:00,21.5,67,0.0,1005.0,9.3
2001-04-24T07:00,21.5,68,0.0,1005.5,9.4
2001-04-24T08:00,24.0,60,0.0,1006.4,7.3
2001-04-24T09:00,27.0,50,0.0,1007.0,4.3
2001-04-24T10:00,29.3,43,0.0,1007.3,3.6
2001-04-24T11:00,30.9,40,0.0,1006.7,4.1
2001-04-24T12:00,32.3,37,0.0,1006.1,4.7
2001-04-24T13:00,33.0,34,0.0,1004.9,4.8
2001-04-24T14:00,33.5,34,0.0,1004.0,4.2
2001-04-24T15:00,33.5,33,0.0,1002.9,2.3
2001-04-24T16:00,33.0,34,0.0,1002.7,1.0
2001-04-24T17:00,31.9,39,0.0,1002.9,1.4
2001-04-24T18:00,30.3,46,0.0,1003.2,1.8
2001-04-24T19:00,28.6,53,0.0,1003.9,2.0
2001-04-24T20:00,27.2,60,0.0,1004.5,4.0
2001-04-24T21:00,26.2,63,0.0,1004.8,5.8
2001-04-24T22:00,25.5,63,0.0,1005.7,6.8
2001-04-24T23:00,24.8,63,0.0,1006.0,7.3
2001-04-25T00:00,24.2,65,0.0,1006.2,8.4
2001-04-25T01:00,23.6,68,0.0,1005.6,8.8
2001-04-25T02:00,23.3,70,0.0,1005.1,8.8
2001-04-25T03:00,23.1,71,0.0,1004.8,9.0
2001-04-25T04:00,22.9,72,0.0,1004.6,9.3
2001-04-25T05:00,22.7,72,0.0,1004.7,9.7
2001-04-25T06:00,22.6,72,0.0,1005.1,9.4
2001-04-25T07:00,22.8,73,0.0,1005.7,9.7
2001-04-25T08:00,25.1,65,0.0,1006.3,7.7
2001-04-25T09:00,27.7,55,0.0,1006.7,6.1
2001-04-25T10:00,29.8,48,0.0,1006.8,5.6
2001-04-25T11:00,31.4,43,0.0,1006.4,4.9
2001-04-25T12:00,32.2,40,0.0,1006.1,4.1
2001-04-25T13:00,33.1,37,0.0,1005.0,4.1
2001-04-25T14:00,33.7,35,0.0,1004.3,2.4
2001-04-25T15:00,33.8,35,0.0,1003.5,2.3
2001-04-25T16:00,33.2,36,0.0,1003.1,1.3
2001-04-25T17:00,32.2,39,0.0,1003.3,0.7
2001-04-25T18:00,30.8,44,0.0,1003.8,0.7
2001-04-25T19:00,29.3,51,0.2,1004.4,0.5
2001-04-25T20:00,28.0,57,0.0,1005.3,3.5
2001-04-25T21:00,27.0,59,0.0,1006.1,5.8
2001-04-25T22:00,26.1,61,0.0,1006.9,7.4
2001-04-25T23:00,25.3,64,0.0,1007.3,7.9
2001-04-26T00:00,24.8,66,0.0,1007.0,8.6
2001-04-26T01:00,24.1,69,0.0,1006.6,9.6
2001-04-26T02:00,23.8,71,0.0,1005.7,10.0
2001-04-26T03:00,23.4,72,0.0,1004.8,9.6
2001-04-26T04:00,23.1,73,0.0,1004.4,9.3
2001-04-26T05:00,23.0,72,0.0,1005.6,8.7
2001-04-26T06:00,22.8,72,0.0,1005.8,8.7
2001-04-26T07:00,23.1,71,0.0,1006.0,9.1
2001-04-26T08:00,25.4,62,0.0,1006.4,7.4
2001-04-26T09:00,28.0,50,0.0,1006.8,6.2
2001-04-26T10:00,30.1,42,0.0,1007.0,4.9
2001-04-26T11:00,31.8,38,0.0,1006.8,4.3
2001-04-26T12:00,33.0,35,0.0,1006.5,3.1
2001-04-26T13:00,33.7,34,0.0,1005.4,2.9
2001-04-26T14:00,33.8,35,0.0,1004.2,2.9
2001-04-26T15:00,33.8,36,0.0,1003.2,1.5
2001-04-26T16:00,33.3,37,0.0,1002.5,0.8
2001-04-26T17:00,32.3,40,0.0,1003.1,2.8
2001-04-26T18:00,31.0,44,0.0,1003.2,2.7
2001-04-26T19:00,29.6,49,0.0,1004.1,2.6
2001-04-26T20:00,28.4,53,0.0,1004.5,3.9
2001-04-26T21:00,27.3,56,0.0,1005.0,6.7
2001-04-26T22:00,26.5,59,0.0,1005.7,8.4
2001-04-26T23:00,25.7,61,0.0,1005.7,8.2
2001-04-27T00:00,25.1,63,0.0,1005.6,9.0
2001-04-27T01:00,24.5,65,0.0,1005.0,9.2
2001-04-27T02:00,24.3,66,0.0,1004.6,9.4
2001-04-27T03:00,24.1,65,0.0,1004.1,9.6
2001-04-27T04:00,23.9,65,0.0,1003.8,9.9
2001-04-27T05:00,23.9,64,0.0,1004.4,10.7
2001-04-27T06:00,23.8,64,0.0,1004.2,10.2
2001-04-27T07:00,24.1,64,0.0,1004.6,10.4
2001-04-27T08:00,25.8,59,0.0,1004.9,9.5
2001-04-27T09:00,28.4,51,0.0,1005.5,9.0
2001-04-27T10:00,30.4,46,0.0,1005.5,8.4
2001-04-27T11:00,32.0,42,0.0,1005.3,7.8
2001-04-27T12:00,33.4,38,0.0,1004.7,7.1
2001-04-27T13:00,34.2,37,0.0,1003.7,6.3
2001-04-27T14:00,34.2,36,0.0,1002.6,5.9
2001-04-27T15:00,34.1,36,0.0,1001.8,5.4
2001-04-27T16:00,33.4,38,0.0,1001.8,5.1
2001-04-27T17:00,32.2,41,0.0,1001.8,5.5
2001-04-27T18:00,30.8,45,0.0,1002.3,5.2
2001-04-27T19:00,29.3,50,0.1,1002.7,5.2
2001-04-27T20:00,28.1,54,0.0,1003.5,5.5
2001-04-27T21:00,27.3,57,0.0,1003.6,6.4
2001-04-27T22:00,26.7,59,0.0,1004.3,6.6
2001-04-27T23:00,26.3,61,0.0,1004.8,7.2
2001-04-28T00:00,26.1,63,0.0,1004.4,7.3
2001-04-28T01:00,25.9,64,0.0,1004.1,7.3
2001-04-28T02:00,25.8,64,0.0,1003.5,8.0
2001-04-28T03:00,25.7,65,0.0,1003.2,7.6
2001-04-28T04:00,25.4,67,0.0,1003.0,6.1
2001-04-28T05:00,25.0,72,0.0,1003.7,6.2
2001-04-28T06:00,24.7,76,0.0,1004.1,6.8
2001-04-28T07:00,24.8,77,0.0,1004.5,6.6
2001-04-28T08:00,26.6,65,0.0,1005.0,6.3
2001-04-28T09:00,28.2,59,0.0,1005.7,6.0
2001-04-28T10:00,29.6,55,0.0,1005.5,6.8
2001-04-28T11:00,31.2,50,0.0,1005.1,6.4
2001-04-28T12:00,32.6,46,0.0,1004.5,7.3
2001-04-28T13:00,33.8,43,0.0,1003.9,4.7
2001-04-28T14:00,33.7,42,1.1,1003.1,3.4
2001-04-28T15:00,32.4,46,0.3,1003.0,5.2
2001-04-28T16:00,31.6,48,0.0,1002.2,3.3
2001-04-28T17:00,31.1,50,0.0,1002.7,3.3
2001-04-28T18:00,30.1,53,0.0,1002.4,2.5
2001-04-28T19:00,29.1,57,0.1,1003.5,2.9
2001-04-28T20:00,28.3,60,0.0,1003.9,3.7
2001-04-28T21:00,27.5,63,0.0,1004.5,5.1
2001-04-28T22:00,27.1,65,0.0,1005.1,4.3
2001-04-28T23:00,26.7,66,0.0,1005.5,4.7
2001-04-29T00:00,26.4,67,0.0,1005.4,5.5
2001-04-29T01:00,26.1,68,0.0,1004.9,5.0
2001-04-29T02:00,25.7,73,0.0,1004.6,4.9
2001-04-29T03:00,25.5,75,0.0,1004.3,5.2
2001-04-29T04:00,25.1,77,0.0,1004.1,4.7
2001-04-29T05:00,24.8,80,0.0,1004.0,4.7
2001-04-29T06:00,24.6,81,0.3,1004.5,4.5
2001-04-29T07:00,24.9,80,0.4,1005.3,4.6
2001-04-29T08:00,26.0,74,0.0,1005.7,2.9
2001-04-29T09:00,27.4,67,0.0,1006.4,4.0
2001-04-29T10:00,29.0,60,0.0,1006.3,3.8
2001-04-29T11:00,30.8,52,0.1,1006.2,4.0
2001-04-29T12:00,31.8,48,0.2,1005.8,3.6
2001-04-29T13:00,33.1,44,0.0,1005.3,4.1
2001-04-29T14:00,32.7,45,0.7,1004.2,5.9
2001-04-29T15:00,32.2,46,0.0,1003.3,4.8
2001-04-29T16:00,31.6,48,0.2,1003.7,4.7
2001-04-29T17:00,30.4,52,0.8,1004.2,2.5
2001-04-29T18:00,29.2,56,0.0,1004.9,1.6
2001-04-29T19:00,28.1,60,0.1,1005.7,1.8
2001-04-29T20:00,27.6,63,0.0,1006.8,1.0
2001-04-29T21:00,27.1,65,0.0,1007.3,1.1
2001-04-29T22:00,26.6,68,0.0,1007.3,1.9
2001-04-29T23:00,26.2,71,0.0,1006.2,5.0
2001-04-30T00:00,25.7,74,0.0,1005.5,4.3
2001-04-30T01:00,25.4,78,0.0,1004.9,3.2
2001-04-30T02:00,25.1,79,0.0,1004.5,3.8
2001-04-30T03:00,25.1,80,0.0,1004.2,3.1
2001-04-30T04:00,24.8,82,0.0,1004.2,2.6
2001-04-30T05:00,24.6,83,0.0,1004.7,3.6
2001-04-30T06:00,24.5,85,0.0,1005.7,3.2
2001-04-30T07:00,24.8,82,0.0,1005.9,4.3
2001-04-30T08:00,26.0,75,0.0,1006.7,3.7
2001-04-30T09:00,27.4,69,0.1,1007.1,3.1
2001-04-30T10:00,29.1,61,1.0,1007.0,4.0
2001-04-30T11:00,30.0,57,1.3,1006.9,3.6
2001-04-30T12:00,30.8,54,0.5,1006.3,2.5
2001-04-30T13:00,31.1,54,1.5,1005.8,1.1
2001-04-30T14:00,30.1,60,2.4,1004.7,1.1
2001-04-30T15:00,29.1,66,3.2,1004.9,2.2
2001-04-30T16:00,27.2,72,2.2,1004.4,2.5
2001-04-30T17:00,26.9,74,0.0,1003.1,4.2
2001-04-30T18:00,26.9,73,0.0,1003.6,2.9
2001-04-30T19:00,26.6,74,0.0,1004.0,2.3
2001-04-30T20:00,26.0,82,0.0,1004.1,1.8
2001-04-30T21:00,25.8,77,0.0,1004.8,1.8
2001-04-30T22:00,25.6,77,0.0,1005.4,2.3
2001-04-30T23:00,25.2,80,0.1,1005.5,2.3
2001-05-01T00:00,24.7,82,0.2,1005.3,3.1
2001-05-01T01:00,24.4,85,0.2,1004.9,3.4
2001-05-01T02:00,25.1,82,0.0,1004.3,3.5
2001-05-01T03:00,25.1,82,0.0,1003.9,3.4
2001-05-01T04:00,23.9,89,0.1,1003.6,3.9
2001-05-01T05:00,23.9,90,0.2,1004.4,6.2
2001-05-01T06:00,23.7,92,0.1,1004.4,5.2
2001-05-01T07:00,24.2,91,0.1,1005.2,4.8
2001-05-01T08:00,26.1,81,0.4,1005.3,3.7
2001-05-01T09:00,27.0,76,1.6,1006.1,3.1
2001-05-01T10:00,28.3,69,1.5,1006.1,3.4
2001-05-01T11:00,29.5,63,0.0,1005.6,2.6
2001-05-01T12:00,30.3,59,0.6,1005.0,1.4
2001-05-01T13:00,30.5,59,3.9,1004.8,3.6
2001-05-01T14:00,30.8,59,0.2,1003.5,3.3
2001-05-01T15:00,30.1,62,0.2,1003.6,0.8
2001-05-01T16:00,27.1,74,2.0,1003.0,1.3
2001-05-01T17:00,27.2,73,0.2,1003.2,2.4
2001-05-01T18:00,26.9,74,0.2,1003.5,2.5
2001-05-01T19:00,26.2,78,0.1,1003.9,1.5
2001-05-01T20:00,25.7,82,0.0,1004.2,2.3
2001-05-01T21:00,25.0,88,0.0,1004.6,2.4
2001-05-01T22:00,24.7,88,0.0,1005.5,3.6
2001-05-01T23:00,24.3,89,0.0,1005.8,4.2
2001-05-02T00:00,23.6,92,0.0,1005.8,4.0
2001-05-02T01:00,23.3,92,0.0,1004.8,5.0
2001-05-02T02:00,23.5,90,0.0,1004.2,4.8
2001-05-02T03:00,23.5,89,0.0,1003.3,4.5
2001-05-02T04:00,23.2,89,0.0,1003.3,4.3
2001-05-02T05:00,23.0,88,0.0,1004.0,5.8
2001-05-02T06:00,23.0,87,1.1,1004.4,5.6
2001-05-02T07:00,23.3,85,0.6,1004.6,5.9
2001-05-02T08:00,25.2,78,0.4,1005.7,2.6
2001-05-02T09:00,26.8,70,0.1,1006.4,0.4
2001-05-02T10:00,28.4,64,0.1,1006.7,0.8
2001-05-02T11:00,29.8,59,0.2,1006.1,1.5
2001-05-02T12:00,30.6,57,0.1,1005.2,3.2
2001-05-02T13:00,31.1,56,0.2,1005.2,4.3
2001-05-02T14:00,29.4,62,0.7,1004.6,4.3
2001-05-02T15:00,29.4,61,0.2,1003.8,4.7
2001-05-02T16:00,29.1,64,0.1,1002.7,3.8
2001-05-02T17:00,28.7,65,0.0,1002.9,5.1
2001-05-02T18:00,27.9,69,0.0,1003.1,4.2
2001-05-02T19:00,26.8,74,0.0,1003.9,3.8
2001-05-02T20:00,26.1,79,0.4,1004.7,2.1
2001-05-02T21:00,25.5,84,0.2,1005.6,1.8
2001-05-02T22:00,24.9,87,0.0,1006.3,3.3
2001-05-02T23:00,25.3,82,0.0,1006.8,2.6
2001-05-03T00:00,24.8,84,0.0,1006.9,3.2
2001-05-03T01:00,24.1,88,0.0,1006.5,4.1
2001-05-03T02:00,24.2,87,0.0,1005.7,4.5
2001-05-03T03:00,24.4,84,0.0,1005.1,4.3
2001-05-03T04:00,23.7,87,0.0,1004.8,4.7
2001-05-03T05:00,22.7,91,0.0,1004.6,5.8
2001-05-03T06:00,22.4,91,0.0,1005.5,5.5
2001-05-03T07:00,22.8,89,0.0,1006.3,5.2
2001-05-03T08:00,25.6,75,0.0,1006.8,3.7
2001-05-03T09:00,27.4,68,0.0,1007.8,0.7
2001-05-03T10:00,29.3,60,0.2,1007.8,1.3
2001-05-03T11:00,30.2,56,0.2,1007.6,3.2
2001-05-03T12:00,31.0,53,0.0,1007.1,6.2
2001-05-03T13:00,30.9,53,0.5,1006.6,8.8
2001-05-03T14:00,30.4,57,1.3,1006.3,7.8
2001-05-03T15:00,29.5,62,0.5,1005.6,8.6
2001-05-03T16:00,29.2,64,0.2,1005.2,8.2
2001-05-03T17:00,28.7,67,0.3,1004.9,8.2
2001-05-03T18:00,27.7,73,0.0,1005.3,5.9
2001-05-03T19:00,26.8,79,0.0,1005.6,3.3
2001-05-03T20:00,26.1,83,0.0,1006.1,2.8
2001-05-03T21:00,25.3,90,0.0,1006.4,1.1
2001-05-03T22:00,25.4,86,0.0,1007.0,0.5
2001-05-03T23:00,24.9,88,0.1,1007.1,2.5
2001-05-04T00:00,24.1,92,0.0,1006.9,2.9
2001-05-04T01:00,23.8,91,0.0,1006.3,1.8
2001-05-04T02:00,23.9,90,0.0,1005.6,2.2
2001-05-04T03:00,23.2,93,0.0,1005.2,4.0
2001-05-04T04:00,22.9,93,0.0,1004.9,5.1
2001-05-04T05:00,22.6,93,0.0,1005.4,6.1
2001-05-04T06:00,22.2,93,0.0,1005.6,6.2
2001-05-04T07:00,22.5,91,0.0,1006.0,5.6
2001-05-04T08:00,25.5,76,0.0,1006.4,2.7
2001-05-04T09:00,27.4,66,0.1,1007.1,1.5
2001-05-04T10:00,29.2,59,0.2,1007.6,3.1
2001-05-04T11:00,30.5,54,0.1,1007.5,4.6
2001-05-04T12:00,31.1,53,0.4,1007.0,5.8
2001-05-04T13:00,31.5,52,0.3,1005.9,7.9
2001-05-04T14:00,30.8,56,0.3,1004.9,8.3
2001-05-04T15:00,30.1,59,0.2,1004.5,7.2
2001-05-04T16:00,29.4,63,0.2,1004.2,5.2
2001-05-04T17:00,28.4,69,0.2,1004.0,7.6
2001-05-04T18:00,27.6,73,0.0,1004.2,5.1
2001-05-04T19:00,26.8,78,0.0,1004.6,3.9
2001-05-04T20:00,26.1,82,0.0,1005.2,3.1
2001-05-04T21:00,25.5,88,0.0,1006.0,1.4
2001-05-04T22:00,25.8,84,0.0,1006.5,0.8
2001-05-04T23:00,25.5,84,0.0,1006.8,2.5
2001-05-05T00:00,24.5,89,0.0,1006.3,4.0
2001-05-05T01:00,23.8,92,0.0,1005.8,4.0
2001-05-05T02:00,23.6,92,0.0,1005.0,4.0
2001-05-05T03:00,23.4,92,0.0,1004.4,4.3
2001-05-05T04:00,23.3,90,0.0,1004.1,5.1
2001-05-05T05:00,23.2,89,0.0,1003.9,5.8
2001-05-05T06:00,23.1,88,0.0,1004.3,5.9
2001-05-05T07:00,23.2,88,0.0,1004.9,5.6
2001-05-05T08:00,25.5,77,0.0,1005.4,3.2
2001-05-05T09:00,27.5,68,0.0,1005.7,2.2
2001-05-05T10:00,29.3,60,0.0,1005.8,3.1
2001-05-05T11:00,30.7,54,0.1,1005.2,4.7
2001-05-05T12:00,31.5,52,0.1,1004.8,5.6
2001-05-05T13:00,31.8,52,0.3,1003.9,7.2
2001-05-05T14:00,31.5,52,0.2,1003.1,8.4
2001-05-05T15:00,31.4,53,0.1,1002.2,8.2
2001-05-05T16:00,30.4,58,0.3,1002.1,8.7
2001-05-05T17:00,28.9,66,0.6,1002.8,8.4
2001-05-05T18:00,27.2,74,0.2,1003.1,5.6
2001-05-05T19:00,26.6,78,0.1,1003.6,3.6
2001-05-05T20:00,26.1,81,0.2,1004.5,1.8
2001-05-05T21:00,25.5,86,0.1,1005.0,2.3
2001-05-05T22:00,25.4,85,0.0,1005.2,0.5
2001-05-05T23:00,25.2,85,0.0,1005.2,0.8
2001-05-06T00:00,25.0,86,0.0,1005.0,1.5
2001-05-06T01:00,24.2,89,0.0,1004.9,2.4
2001-05-06T02:00,23.6,92,0.0,1004.6,3.1
2001-05-06T03:00,23.2,93,0.0,1004.0,4.3
2001-05-06T04:00,23.1,92,0.0,1003.8,4.8
2001-05-06T05:00,22.9,91,0.0,1004.3,4.6
2001-05-06T06:00,23.1,88,0.0,1004.8,5.5
2001-05-06T07:00,23.6,85,0.0,1004.8,4.6
2001-05-06T08:00,24.9,80,0.0,1005.8,1.8
2001-05-06T09:00,27.1,68,0.0,1006.2,1.6
2001-05-06T10:00,28.6,62,0.1,1006.4,2.2
2001-05-06T11:00,30.0,56,0.2,1006.2,4.0
2001-05-06T12:00,30.9,53,0.1,1005.6,6.8
2001-05-06T13:00,31.6,51,0.2,1005.0,8.8
2001-05-06T14:00,31.0,53,0.3,1004.1,8.0
2001-05-06T15:00,31.1,53,0.2,1003.0,9.5
2001-05-06T16:00,30.2,58,0.2,1002.1,7.7
2001-05-06T17:00,29.1,64,0.1,1002.2,8.2
2001-05-06T18:00,28.0,69,0.0,1002.0,5.2
2001-05-06T19:00,26.8,76,0.0,1002.7,4.2
2001-05-06T20:00,25.9,81,0.3,1003.4,3.8
2001-05-06T21:00,25.3,86,0.4,1004.7,1.1
2001-05-06T22:00,25.0,88,0.2,1005.2,2.5
2001-05-06T23:00,24.5,89,0.0,1005.4,4.9
2001-05-07T00:00,23.9,89,0.0,1004.8,5.7
2001-05-07T01:00,23.3,92,0.0,1004.5,6.3
2001-05-07T02:00,23.2,87,0.0,1003.8,6.0
2001-05-07T03:00,22.9,88,0.0,1003.7,5.7
2001-05-07T04:00,22.9,86,0.0,1003.8,5.6
2001-05-07T05:00,22.7,85,0.0,1003.9,6.2
2001-05-07T06:00,22.5,84,0.0,1004.0,6.4
2001-05-07T07:00,22.7,82,0.0,1004.7,6.2
2001-05-07T08:00,25.1,71,0.0,1005.1,3.6
2001-05-07T09:00,27.3,64,0.0,1005.8,3.3
2001-05-07T10:00,29.1,58,0.0,1006.0,3.1
2001-05-07T11:00,30.5,53,0.0,1005.7,4.0
2001-05-07T12:00,31.6,49,0.0,1005.2,5.2
2001-05-07T13:00,32.2,46,0.2,1004.5,5.7
2001-05-07T14:00,31.5,49,0.0,1003.6,7.1
2001-05-07T15:00,31.8,49,0.2,1003.1,7.8
2001-05-07T16:00,30.8,55,0.2,1002.2,5.9
2001-05-07T17:00,29.4,62,0.3,1003.0,7.7
2001-05-07T18:00,28.1,65,0.3,1003.7,5.9
2001-05-07T19:00,26.7,74,1.6,1004.7,4.3
2001-05-07T20:00,26.2,78,3.1,1005.6,1.4
2001-05-07T21:00,26.0,79,0.5,1005.8,3.6
2001-05-07T22:00,25.6,84,0.0,1005.9,1.9
2001-05-07T23:00,25.3,82,0.0,1006.1,1.5
2001-05-08T00:00,25.5,80,0.0,1006.2,3.7
2001-05-08T01:00,25.4,80,0.0,1005.6,4.3
2001-05-08T02:00,24.6,83,0.0,1005.1,4.0
2001-05-08T03:00,23.9,86,0.0,1004.6,4.4
2001-05-08T04:00,23.7,85,0.0,1004.1,6.4
2001-05-08T05:00,23.7,83,0.0,1003.9,6.1
2001-05-08T06:00,23.5,82,0.0,1004.2,7.1
2001-05-08T07:00,23.6,82,0.0,1004.6,6.9
2001-05-08T08:00,25.2,76,0.0,1005.6,4.8
2001-05-08T09:00,27.3,64,0.0,1006.2,3.3
2001-05-08T10:00,29.1,56,0.0,1006.7,4.3
2001-05-08T11:00,30.6,50,0.0,1006.8,6.1
2001-05-08T12:00,31.2,48,0.2,1006.0,8.0
2001-05-08T13:00,30.8,51,0.1,1005.6,9.2
2001-05-08T14:00,30.2,55,0.3,1004.7,11.3
2001-05-08T15:00,29.6,59,0.2,1003.9,9.5
2001-05-08T16:00,29.1,63,0.1,1003.4,6.6
2001-05-08T17:00,28.2,66,0.9,1003.9,7.2
2001-05-08T18:00,26.0,79,2.7,1005.1,4.4
2001-05-08T19:00,24.6,88,3.2,1006.2,2.4
2001-05-08T20:00,23.6,99,1.7,1006.5,3.2
2001-05-08T21:00,23.5,99,1.2,1007.0,2.0
2001-05-08T22:00,23.6,98,1.2,1007.4,1.9
2001-05-08T23:00,23.1,98,1.0,1007.7,2.5
2001-05-09T00:00,23.1,98,1.1,1007.8,1.5
2001-05-09T01:00,23.2,98,0.4,1007.4,2.2
2001-05-09T02:00,22.8,99,3.3,1006.6,4.0
2001-05-09T03:00,22.7,99,4.4,1006.3,4.3
2001-05-09T04:00,22.6,99,4.9,1006.0,4.3
2001-05-09T05:00,22.4,99,5.3,1007.5,4.0
2001-05-09T06:00,22.4,99,4.7,1007.4,5.8
2001-05-09T07:00,22.5,99,3.9,1007.7,7.1
2001-05-09T08:00,22.7,98,2.6,1007.7,6.4
2001-05-09T09:00,23.2,98,1.5,1008.3,5.5
2001-05-09T10:00,24.0,89,0.2,1008.7,6.5
2001-05-09T11:00,24.8,80,0.1,1008.8,7.6
2001-05-09T12:00,24.9,74,0.2,1008.2,6.9
2001-05-09T13:00,24.4,76,0.1,1007.9,6.5
2001-05-09T14:00,25.9,72,0.0,1007.1,6.4
2001-05-09T15:00,25.9,73,0.0,1006.4,7.5
2001-05-09T16:00,25.8,74,0.0,1005.9,7.7
2001-05-09T17:00,25.6,76,0.0,1005.5,7.6
2001-05-09T18:00,25.3,78,0.0,1005.5,5.2
2001-05-09T19:00,24.6,83,0.0,1006.3,2.5
2001-05-09T20:00,24.0,86,0.0,1006.3,0.8
2001-05-09T21:00,23.6,88,0.0,1006.8,2.6
2001-05-09T22:00,23.4,89,0.0,1008.0,3.5
2001-05-09T23:00,23.2,90,0.0,1008.4,4.4
2001-05-10T00:00,23.1,90,0.0,1008.3,5.1
2001-05-10T01:00,22.9,91,0.0,1007.5,5.4
2001-05-10T02:00,23.0,93,0.0,1006.8,5.1
2001-05-10T03:00,23.1,92,0.2,1006.3,4.8
2001-05-10T04:00,22.9,92,0.1,1005.8,4.7
2001-05-10T05:00,22.7,92,0.0,1006.5,4.4
2001-05-10T06:00,22.5,92,0.0,1007.0,6.0
2001-05-10T07:00,22.7,92,0.0,1006.7,5.4
2001-05-10T08:00,24.7,85,0.0,1007.2,4.0
2001-05-10T09:00,26.2,75,0.0,1007.5,3.6
2001-05-10T10:00,27.5,69,0.0,1007.7,5.4
2001-05-10T11:00,28.8,63,0.0,1007.6,5.7
2001-05-10T12:00,29.6,59,0.0,1006.6,5.8
2001-05-10T13:00,29.9,59,0.0,1005.9,7.7
2001-05-10T14:00,29.8,61,0.1,1004.6,8.3
2001-05-10T15:00,29.8,61,0.0,1003.8,7.3
2001-05-10T16:00,28.7,66,0.3,1003.9,9.5
2001-05-10T17:00,27.5,72,1.3,1004.6,7.6
2001-05-10T18:00,26.8,77,0.0,1004.5,3.8
2001-05-10T19:00,26.1,82,0.2,1005.1,2.3
2001-05-10T20:00,25.5,89,0.0,1005.4,0.8
2001-05-10T21:00,25.2,88,0.0,1005.9,1.8
2001-05-10T22:00,24.8,89,0.0,1006.3,3.2
2001-05-10T23:00,24.5,89,0.0,1006.5,4.1
2001-05-11T00:00,24.0,90,0.0,1006.7,4.4
2001-05-11T01:00,23.8,89,0.0,1006.0,5.0
2001-05-11T02:00,23.5,90,0.0,1005.3,5.4
2001-05-11T03:00,23.3,90,0.0,1004.5,5.6
2001-05-11T04:00,23.3,89,0.0,1004.0,6.3
2001-05-11T05:00,23.1,89,0.0,1004.6,6.0
2001-05-11T06:00,23.1,87,0.0,1004.7,6.6
2001-05-11T07:00,23.5,85,0.0,1005.0,6.6
2001-05-11T08:00,25.0,79,0.0,1005.4,4.3
2001-05-11T09:00,26.9,69,0.0,1005.8,2.8
2001-05-11T10:00,28.5,60,0.0,1005.7,2.6
2001-05-11T11:00,29.9,55,0.0,1005.5,4.3
2001-05-11T12:00,31.0,52,0.0,1004.7,4.9
2001-05-11T13:00,31.6,52,0.0,1003.8,5.4
2001-05-11T14:00,32.0,51,0.1,1002.6,5.9
2001-05-11T15:00,30.9,57,0.1,1002.3,4.7
2001-05-11T16:00,29.7,62,0.1,1002.2,3.8
2001-05-11T17:00,28.8,65,0.0,1002.8,4.4
2001-05-11T18:00,27.9,70,0.1,1003.1,2.3
2001-05-11T19:00,26.9,76,0.3,1003.7,2.0
2001-05-11T20:00,25.9,83,0.0,1004.2,1.5
2001-05-11T21:00,25.3,86,0.0,1005.2,1.6
2001-05-11T22:00,24.9,86,0.0,1005.7,3.3
2001-05-11T23:00,24.3,88,0.0,1005.7,5.1
2001-05-12T00:00,24.5,84,0.0,1005.5,5.4
2001-05-12T01:00,24.8,81,0.0,1004.9,5.4
2001-05-12T02:00,23.1,89,0.0,1004.2,6.1
2001-05-12T03:00,22.9,87,0.0,1003.7,6.9
2001-05-12T04:00,22.8,86,0.0,1003.7,7.0
2001-05-12T05:00,22.6,86,0.0,1004.4,7.1
2001-05-12T06:00,22.2,87,0.0,1004.8,7.3
2001-05-12T07:00,22.8,84,0.3,1005.2,6.9
2001-05-12T08:00,25.0,77,0.4,1006.1,5.4
2001-05-12T09:00,26.8,68,0.0,1005.8,3.2
2001-05-12T10:00,28.6,61,0.0,1006.0,2.8
2001-05-12T11:00,29.9,57,0.0,1005.4,2.4
2001-05-12T12:00,30.8,55,0.6,1005.1,0.8
2001-05-12T13:00,31.3,54,0.7,1005.1,2.0
2001-05-12T14:00,30.4,57,0.2,1004.7,3.2
2001-05-12T15:00,28.9,65,1.1,1004.4,1.1
2001-05-12T16:00,28.7,65,0.9,1004.4,0.5
2001-05-12T17:00,28.2,68,0.0,1003.6,1.5
2001-05-12T18:00,27.6,72,0.0,1004.0,0.8
2001-05-12T19:00,26.4,81,0.0,1004.4,1.6
2001-05-12T20:00,25.6,84,0.0,1005.0,3.4
2001-05-12T21:00,24.9,87,0.0,1005.6,3.3
2001-05-12T22:00,24.5,88,0.1,1006.7,3.4
2001-05-12T23:00,24.3,88,0.3,1006.9,4.0
2001-05-13T00:00,23.8,89,0.5,1006.6,4.3
2001-05-13T01:00,23.5,89,0.3,1006.2,3.6
2001-05-13T02:00,23.3,92,0.0,1005.6,3.7
2001-05-13T03:00,23.0,92,0.3,1005.4,4.5
2001-05-13T04:00,22.7,93,0.1,1005.2,5.4
2001-05-13T05:00,22.8,90,0.2,1005.0,7.2
2001-05-13T06:00,22.6,89,0.2,1005.5,5.8
2001-05-13T07:00,23.1,87,0.1,1006.0,6.2
2001-05-13T08:00,24.9,80,0.0,1006.9,3.6
2001-05-13T09:00,26.8,71,0.0,1006.9,0.8
2001-05-13T10:00,27.9,67,0.0,1006.8,1.1
2001-05-13T11:00,29.4,62,0.0,1007.1,2.5
2001-05-13T12:00,30.3,58,3.3,1006.9,2.9
2001-05-13T13:00,29.9,59,1.2,1006.0,2.3
2001-05-13T14:00,28.1,68,1.2,1005.0,1.8
2001-05-13T15:00,28.5,67,0.0,1004.2,1.1
2001-05-13T16:00,28.5,67,0.0,1003.4,2.8
2001-05-13T17:00,28.0,69,0.2,1004.7,6.5
2001-05-13T18:00,27.0,74,0.7,1005.9,4.9
2001-05-13T19:00,26.1,80,0.9,1006.6,0.8
2001-05-13T20:00,25.5,87,0.4,1007.0,4.0
2001-05-13T21:00,24.9,86,0.2,1007.4,2.8
2001-05-13T22:00,23.7,96,1.8,1008.2,3.5
2001-05-13T23:00,23.2,98,0.8,1008.6,2.4
2001-05-14T00:00,22.9,98,0.0,1007.7,3.8
2001-05-14T01:00,23.1,95,0.0,1006.8,3.4
2001-05-14T02:00,24.0,88,0.0,1006.3,1.6
2001-05-14T03:00,22.4,97,0.0,1005.7,3.2
2001-05-14T04:00,22.2,98,0.0,1005.1,4.8
2001-05-14T05:00,23.0,92,0.0,1005.4,4.4
2001-05-14T06:00,22.7,93,0.0,1006.5,4.4
2001-05-14T07:00,23.2,93,0.0,1006.2,4.3
2001-05-14T08:00,24.7,88,0.0,1006.8,3.0
2001-05-14T09:00,26.2,79,0.0,1007.2,1.3
2001-05-14T10:00,26.9,77,0.0,1007.1,2.8
2001-05-14T11:00,28.6,69,0.0,1006.9,4.9
2001-05-14T12:00,29.5,65,0.5,1006.3,7.3
2001-05-14T13:00,29.1,68,1.3,1005.7,7.9
2001-05-14T14:00,27.3,76,1.9,1005.7,9.7
2001-05-14T15:00,26.7,81,1.9,1005.4,4.7
2001-05-14T16:00,26.0,86,1.4,1005.6,2.2
2001-05-14T17:00,25.6,90,3.1,1005.4,2.5
2001-05-14T18:00,24.5,96,2.3,1005.9,1.3
2001-05-14T19:00,24.4,95,0.7,1006.8,2.1
2001-05-14T20:00,24.4,95,0.0,1007.0,1.9
2001-05-14T21:00,24.0,96,0.0,1007.2,2.3
2001-05-14T22:00,23.4,99,0.0,1007.8,1.6
2001-05-14T23:00,23.2,98,0.0,1007.7,1.5
2001-05-15T00:00,23.1,98,0.0,1007.7,0.5
2001-05-15T01:00,22.9,98,0.0,1006.9,1.1
2001-05-15T02:00,22.6,97,1.0,1006.3,2.5
2001-05-15T03:00,22.1,99,0.8,1005.9,2.9
2001-05-15T04:00,22.1,99,0.6,1005.9,2.9
2001-05-15T05:00,22.4,99,1.3,1006.3,2.9
2001-05-15T06:00,22.4,98,0.2,1006.6,1.8
2001-05-15T07:00,22.8,99,0.0,1006.9,1.1
2001-05-15T08:00,24.6,92,0.0,1007.4,2.3
2001-05-15T09:00,25.7,86,0.0,1007.6,1.9
2001-05-15T10:00,27.1,78,0.3,1008.2,3.6
2001-05-15T11:00,27.7,77,1.3,1007.5,6.6
2001-05-15T12:00,28.6,74,0.6,1007.4,8.0
2001-05-15T13:00,27.3,80,1.9,1006.9,5.7
2001-05-15T14:00,26.3,82,2.6,1006.4,4.5
2001-05-15T15:00,25.5,88,2.9,1005.7,4.7
2001-05-15T16:00,24.9,89,2.6,1005.6,3.1
2001-05-15T17:00,24.5,91,1.5,1005.9,0.5
2001-05-15T18:00,23.9,99,1.0,1005.8,1.9
2001-05-15T19:00,23.6,99,0.4,1006.4,2.6
2001-05-15T20:00,23.7,95,0.2,1006.4,2.7
2001-05-15T21:00,23.0,99,0.2,1007.0,3.0
2001-05-15T22:00,23.7,93,0.6,1007.5,2.9
2001-05-15T23:00,22.7,98,0.2,1007.3,3.3
2001-05-16T00:00,22.3,99,0.2,1006.9,3.3
2001-05-16T01:00,22.3,99,0.3,1006.3,3.1
2001-05-16T02:00,22.4,99,0.7,1005.6,4.3
2001-05-16T03:00,22.3,99,0.8,1005.0,4.0
2001-05-16T04:00,22.2,99,0.8,1004.7,2.9
2001-05-16T05:00,22.0,99,0.5,1005.6,4.7
2001-05-16T06:00,21.9,99,0.3,1005.5,4.3
2001-05-16T07:00,22.2,99,0.4,1006.1,3.2
2001-05-16T08:00,23.7,96,0.2,1006.8,1.1
2001-05-16T09:00,25.2,90,0.1,1007.6,2.5
2001-05-16T10:00,26.0,88,1.2,1007.8,5.1
2001-05-16T11:00,25.6,87,2.4,1007.7,3.9
2001-05-16T12:00,25.8,88,1.4,1006.8,1.4
2001-05-16T13:00,26.2,88,1.8,1005.7,1.8
2001-05-16T14:00,27.5,81,0.7,1004.9,4.0
2001-05-16T15:00,27.5,80,2.4,1004.2,4.0
2001-05-16T16:00,26.5,84,1.3,1004.3,3.1
2001-05-16T17:00,25.6,89,1.1,1003.8,2.7
2001-05-16T18:00,25.2,92,1.1,1004.1,1.8
2001-05-16T19:00,25.0,92,0.9,1004.6,3.8
2001-05-16T20:00,23.9,99,1.0,1005.1,5.1
2001-05-16T21:00,23.6,99,0.9,1005.4,4.1
2001-05-16T22:00,23.4,99,1.2,1005.9,3.7
2001-05-16T23:00,23.4,97,0.9,1006.1,1.8
2001-05-17T00:00,23.4,97,0.3,1006.1,2.8
2001-05-17T01:00,22.9,98,0.9,1005.4,3.4
2001-05-17T02:00,22.6,99,0.0,1004.7,3.2
2001-05-17T03:00,22.3,99,0.2,1004.5,3.3
2001-05-17T04:00,22.2,99,0.0,1004.4,3.9
2001-05-17T05:00,22.1,99,0.0,1004.5,4.7
2001-05-17T06:00,22.3,98,0.0,1004.8,5.7
2001-05-17T07:00,22.8,97,0.0,1005.6,5.7
2001-05-17T08:00,24.3,94,0.0,1006.0,4.1
2001-05-17T09:00,25.6,85,0.0,1006.2,2.9
2001-05-17T10:00,26.9,78,0.0,1006.5,3.9
2001-05-17T11:00,28.2,72,0.1,1006.1,5.3
2001-05-17T12:00,29.0,70,0.2,1005.8,7.0
2001-05-17T13:00,29.0,72,0.6,1005.4,6.6
2001-05-17T14:00,28.3,74,1.3,1004.4,6.5
2001-05-17T15:00,27.2,80,1.7,1004.0,5.4
2001-05-17T16:00,26.6,83,0.7,1004.0,3.9
2001-05-17T17:00,25.9,88,0.9,1003.9,1.1
2001-05-17T18:00,25.2,91,1.2,1003.8,0.7
2001-05-17T19:00,24.9,93,0.0,1004.1,1.9
2001-05-17T20:00,24.7,93,0.0,1004.8,1.8
2001-05-17T21:00,24.9,91,0.0,1005.4,2.0
2001-05-17T22:00,24.7,91,0.0,1006.1,1.8
2001-05-17T23:00,24.8,90,0.0,1006.3,2.1
2001-05-18T00:00,24.1,93,0.0,1006.5,3.1
2001-05-18T01:00,24.4,91,0.0,1006.0,2.8
2001-05-18T02:00,24.6,91,0.0,1005.2,1.9
2001-05-18T03:00,24.4,91,0.0,1004.9,1.8
2001-05-18T04:00,24.0,92,0.0,1004.5,2.2
2001-05-18T05:00,23.1,95,0.0,1004.8,2.9
2001-05-18T06:00,23.0,95,0.0,1005.1,3.5
2001-05-18T07:00,23.6,94,0.0,1006.0,2.6
2001-05-18T08:00,25.2,91,0.0,1006.5,0.7
2001-05-18T09:00,26.1,85,0.0,1007.2,2.2
2001-05-18T10:00,27.3,81,0.0,1007.2,2.5
2001-05-18T11:00,28.4,75,0.0,1007.0,4.8
2001-05-18T12:00,29.2,72,0.1,1006.3,6.6
2001-05-18T13:00,29.3,70,0.9,1005.9,5.7
2001-05-18T14:00,28.7,78,0.8,1005.1,4.5
2001-05-18T15:00,27.7,83,2.1,1004.5,4.8
2001-05-18T16:00,27.2,81,1.3,1004.3,4.2
2001-05-18T17:00,25.9,88,1.2,1004.7,2.1
2001-05-18T18:00,25.5,89,0.1,1005.0,2.6
2001-05-18T19:00,25.4,89,0.0,1005.6,3.1
2001-05-18T20:00,25.0,93,0.2,1006.5,2.2
2001-05-18T21:00,24.6,93,0.0,1006.9,2.5
2001-05-18T22:00,24.3,94,0.0,1007.5,2.1
2001-05-18T23:00,24.2,94,0.0,1007.4,3.5
2001-05-19T00:00,23.9,95,0.1,1007.3,3.9
2001-05-19T01:00,24.3,93,0.1,1006.9,2.7
2001-05-19T02:00,23.8,95,0.0,1006.1,3.6
2001-05-19T03:00,23.6,96,0.0,1005.6,3.6
2001-05-19T04:00,23.3,97,0.0,1005.3,2.9
2001-05-19T05:00,23.1,96,0.0,1005.4,2.6
2001-05-19T06:00,22.9,97,0.0,1005.4,3.3
2001-05-19T07:00,23.7,95,0.0,1005.8,4.9
2001-05-19T08:00,25.2,90,0.0,1006.7,4.8
2001-05-19T09:00,26.3,84,0.0,1007.1,5.0
2001-05-19T10:00,27.9,76,0.0,1006.5,3.1
2001-05-19T11:00,29.3,69,0.0,1006.2,3.6
2001-05-19T12:00,29.6,69,0.4,1005.5,8.5
2001-05-19T13:00,28.0,76,3.0,1006.6,8.0
2001-05-19T14:00,27.1,83,4.1,1005.8,6.8
2001-05-19T15:00,26.6,85,2.0,1005.1,3.6
2001-05-19T16:00,26.4,86,0.8,1004.6,3.9
2001-05-19T17:00,25.3,90,0.6,1003.7,3.4
2001-05-19T18:00,25.1,91,0.1,1004.3,2.8
2001-05-19T19:00,24.8,91,0.0,1004.5,2.5
2001-05-19T20:00,24.3,95,0.2,1005.3,2.5
2001-05-19T21:00,24.2,94,0.0,1005.8,3.3
2001-05-19T22:00,23.9,95,0.0,1006.6,2.3
2001-05-19T23:00,23.8,96,0.0,1007.0,4.3
2001-05-20T00:00,23.4,96,0.0,1006.9,3.6
2001-05-20T01:00,23.5,94,0.0,1006.3,3.2
2001-05-20T02:00,24.2,92,0.0,1005.1,1.0
2001-05-20T03:00,24.0,93,0.0,1004.7,3.8
2001-05-20T04:00,23.9,93,0.0,1004.5,4.1
2001-05-20T05:00,23.8,93,0.0,1003.9,4.1
2001-05-20T06:00,23.4,95,0.0,1003.8,4.1
2001-05-20T07:00,23.9,96,0.0,1004.5,2.5
2001-05-20T08:00,25.1,90,0.0,1006.1,4.1
2001-05-20T09:00,25.9,89,0.2,1006.8,5.4
2001-05-20T10:00,26.1,88,0.7,1007.4,4.2
2001-05-20T11:00,26.1,87,0.3,1007.2,4.9
2001-05-20T12:00,27.5,85,0.1,1006.0,6.3
2001-05-20T13:00,27.9,84,0.1,1004.8,8.0
2001-05-20T14:00,27.9,83,0.3,1003.9,10.5
2001-05-20T15:00,27.2,85,0.4,1003.9,8.0
2001-05-20T16:00,27.1,83,1.7,1003.6,6.6
2001-05-20T17:00,25.5,88,1.6,1003.0,4.0
2001-05-20T18:00,25.1,90,0.2,1003.2,4.1
2001-05-20T19:00,25.0,88,0.2,1004.7,2.9
2001-05-20T20:00,24.8,89,0.2,1005.0,1.9
2001-05-20T21:00,24.5,93,0.1,1006.1,2.5
2001-05-20T22:00,24.4,91,0.3,1006.6,4.0
2001-05-20T23:00,24.0,94,0.5,1006.9,5.2
2001-05-21T00:00,23.4,99,0.6,1006.8,6.3
2001-05-21T01:00,23.3,99,0.8,1006.1,7.2
2001-05-21T02:00,23.3,99,7.1,1005.4,8.4
2001-05-21T03:00,23.2,99,7.0,1005.0,5.9
2001-05-21T04:00,23.1,99,5.6,1005.5,4.0
2001-05-21T05:00,22.9,99,3.6,1005.3,5.6
2001-05-21T06:00,22.8,99,2.0,1005.5,4.4
2001-05-21T07:00,22.9,99,0.9,1006.3,5.6
2001-05-21T08:00,25.0,92,0.5,1007.1,6.1
2001-05-21T09:00,24.4,92,0.1,1007.4,6.5
2001-05-21T10:00,25.8,87,0.0,1007.6,10.0
2001-05-21T11:00,26.8,80,0.1,1007.9,8.9
2001-05-21T12:00,26.5,82,2.3,1007.1,10.3
2001-05-21T13:00,25.6,88,5.5,1006.7,9.8
2001-05-21T14:00,26.8,82,2.2,1005.9,10.7
2001-05-21T15:00,26.2,85,2.2,1005.6,10.7
2001-05-21T16:00,26.3,85,2.1,1005.4,10.2
2001-05-21T17:00,24.6,87,2.5,1005.8,7.4
2001-05-21T18:00,24.1,93,0.5,1006.1,6.2
2001-05-21T19:00,24.0,94,0.0,1006.4,4.8
2001-05-21T20:00,23.7,95,0.0,1006.5,2.4
2001-05-21T21:00,24.0,91,0.0,1008.0,4.1
2001-05-21T22:00,24.0,91,0.0,1008.6,2.3
2001-05-21T23:00,23.2,94,0.0,1008.6,2.7
2001-05-22T00:00,23.1,95,0.0,1008.3,3.2
2001-05-22T01:00,22.9,95,0.0,1008.0,3.4
2001-05-22T02:00,22.9,96,0.0,1007.1,2.7
2001-05-22T03:00,23.5,91,0.0,1006.6,0.4
2001-05-22T04:00,22.9,96,0.0,1006.6,3.1
2001-05-22T05:00,22.8,95,0.0,1006.4,4.7
2001-05-22T06:00,22.7,95,0.0,1006.7,2.2
2001-05-22T07:00,23.0,97,0.0,1007.1,1.5
2001-05-22T08:00,24.6,88,0.0,1008.1,2.5
2001-05-22T09:00,25.9,81,0.0,1008.5,5.2
2001-05-22T10:00,26.8,76,0.0,1008.6,5.0
2001-05-22T11:00,27.7,71,0.0,1008.8,6.6
2001-05-22T12:00,28.4,69,0.1,1008.4,7.7
2001-05-22T13:00,28.3,70,0.5,1007.7,9.7
2001-05-22T14:00,27.4,75,0.2,1006.9,8.4
2001-05-22T15:00,27.0,78,0.4,1006.0,6.3
2001-05-22T16:00,27.0,78,0.0,1004.9,4.1
2001-05-22T17:00,26.9,79,0.0,1004.7,4.6
2001-05-22T18:00,26.3,82,0.0,1005.0,5.5
2001-05-22T19:00,25.4,86,0.2,1005.6,5.1
2001-05-22T20:00,24.6,89,0.5,1006.3,5.0
2001-05-22T21:00,24.5,89,0.0,1007.3,4.7
2001-05-22T22:00,24.4,90,0.0,1007.8,3.4
2001-05-22T23:00,24.4,90,0.0,1008.0,4.6
2001-05-23T00:00,24.0,93,0.0,1007.8,2.6
2001-05-23T01:00,23.5,95,0.2,1007.1,1.8
2001-05-23T02:00,24.0,92,0.0,1006.7,1.0
2001-05-23T03:00,23.4,94,1.5,1006.5,3.2
2001-05-23T04:00,23.1,96,1.0,1006.7,3.0
2001-05-23T05:00,22.6,99,1.5,1006.3,4.0
2001-05-23T06:00,22.6,99,0.8,1006.7,4.8
2001-05-23T07:00,22.9,98,0.0,1006.5,3.8
2001-05-23T08:00,24.9,91,0.4,1007.2,0.8
2001-05-23T09:00,24.6,91,0.8,1008.1,3.3
2001-05-23T10:00,25.8,87,0.1,1008.3,2.7
2001-05-23T11:00,27.3,79,0.1,1008.0,5.5
2001-05-23T12:00,28.1,74,1.6,1007.7,8.6
2001-05-23T13:00,27.0,79,3.2,1007.8,7.9
2001-05-23T14:00,26.1,85,4.1,1006.9,5.2
2001-05-23T15:00,25.8,87,1.3,1005.9,2.6
2001-05-23T16:00,25.6,89,1.0,1005.5,3.6
2001-05-23T17:00,25.2,90,2.8,1006.4,2.6
2001-05-23T18:00,24.1,93,2.5,1006.8,3.8
2001-05-23T19:00,23.8,94,0.4,1006.5,3.2
2001-05-23T20:00,23.4,94,0.0,1006.2,3.3
2001-05-23T21:00,23.1,95,0.0,1007.0,3.3
2001-05-23T22:00,22.5,96,0.0,1007.5,4.0
2001-05-23T23:00,22.5,96,0.0,1008.1,4.0
2001-05-24T00:00,22.4,95,0.0,1008.0,5.2
2001-05-24T01:00,22.4,95,0.0,1007.6,5.9
2001-05-24T02:00,22.5,93,0.0,1007.0,6.9
2001-05-24T03:00,22.6,92,0.0,1006.8,7.2
2001-05-24T04:00,22.5,92,0.0,1006.3,7.2
2001-05-24T05:00,22.3,92,0.0,1007.2,6.9
2001-05-24T06:00,22.2,92,0.0,1007.0,6.9
2001-05-24T07:00,22.3,93,0.0,1006.9,7.1
2001-05-24T08:00,23.8,92,0.0,1007.7,4.8
2001-05-24T09:00,25.6,84,0.0,1008.0,4.7
2001-05-24T10:00,27.1,76,0.0,1008.7,6.3
2001-05-24T11:00,28.6,70,0.0,1008.7,8.1
2001-05-24T12:00,28.9,70,0.0,1008.3,9.7
2001-05-24T13:00,28.7,71,2.7,1007.8,8.3
2001-05-24T14:00,27.1,80,7.0,1007.9,6.4
2001-05-24T15:00,27.1,80,2.7,1007.1,5.4
2001-05-24T16:00,26.4,83,1.3,1006.9,5.6
2001-05-24T17:00,24.8,93,1.4,1006.6,0.4
2001-05-24T18:00,24.7,93,0.0,1006.2,1.5
2001-05-24T19:00,24.6,92,0.0,1006.4,3.3
2001-05-24T20:00,23.9,95,0.0,1006.8,0.7
2001-05-24T21:00,23.3,96,0.0,1007.7,2.9
2001-05-24T22:00,23.1,95,0.0,1008.5,3.6
2001-05-24T23:00,22.9,95,0.0,1008.4,3.6
2001-05-25T00:00,22.7,95,0.0,1008.3,2.3
2001-05-25T01:00,22.4,97,0.0,1007.8,3.4
2001-05-25T02:00,22.4,96,0.0,1007.2,3.4
2001-05-25T03:00,22.7,94,0.0,1007.1,4.0
2001-05-25T04:00,22.8,94,0.0,1006.7,5.0
2001-05-25T05:00,22.7,94,0.0,1007.2,4.0
2001-05-25T06:00,22.5,95,0.0,1007.4,4.1
2001-05-25T07:00,22.8,96,0.0,1007.6,4.2
2001-05-25T08:00,24.8,91,0.0,1008.1,3.9
2001-05-25T09:00,26.2,82,0.0,1008.1,3.8
2001-05-25T10:00,27.2,78,0.2,1008.6,5.6
2001-05-25T11:00,27.8,75,1.0,1008.8,6.2
2001-05-25T12:00,28.0,75,0.5,1009.1,4.7
2001-05-25T13:00,27.8,75,2.8,1008.3,3.4
2001-05-25T14:00,26.3,84,2.5,1008.0,4.6
2001-05-25T15:00,25.9,88,1.1,1007.3,2.5
2001-05-25T16:00,25.5,87,0.2,1006.5,1.3
2001-05-25T17:00,25.7,87,0.9,1006.7,1.9
2001-05-25T18:00,25.0,90,0.6,1006.3,2.9
2001-05-25T19:00,24.5,90,0.4,1007.2,3.2
2001-05-25T20:00,24.0,93,0.0,1007.3,1.8
2001-05-25T21:00,24.1,91,0.0,1007.7,2.6
2001-05-25T22:00,23.5,93,0.0,1008.2,3.4
2001-05-25T23:00,23.7,91,0.0,1008.2,2.6
2001-05-26T00:00,22.1,98,0.6,1008.1,2.6
2001-05-26T01:00,21.7,99,0.9,1007.7,2.1
2001-05-26T02:00,22.0,97,0.2,1007.3,1.5
2001-05-26T03:00,22.8,92,0.3,1007.1,0.8
2001-05-26T04:00,21.7,99,0.5,1006.9,2.1
2001-05-26T05:00,21.6,99,0.2,1006.7,2.2
2001-05-26T06:00,21.8,97,0.0,1006.4,3.0
2001-05-26T07:00,22.0,97,0.0,1007.0,3.3
2001-05-26T08:00,23.7,94,0.0,1007.6,2.6
2001-05-26T09:00,25.4,84,0.0,1008.1,4.6
2001-05-26T10:00,26.3,83,0.2,1008.2,5.4
2001-05-26T11:00,26.9,83,1.1,1008.2,6.8
2001-05-26T12:00,27.9,81,0.2,1008.1,5.3
2001-05-26T13:00,27.2,82,1.8,1006.7,7.0
2001-05-26T14:00,26.1,87,4.6,1006.3,6.7
2001-05-26T15:00,26.4,83,2.6,1005.5,5.9
2001-05-26T16:00,25.9,85,0.2,1005.2,6.0
2001-05-26T17:00,25.3,86,2.9,1005.7,4.3
2001-05-26T18:00,24.5,92,1.4,1005.8,2.7
2001-05-26T19:00,23.3,99,0.7,1006.8,2.3
2001-05-26T20:00,22.8,99,0.3,1007.1,1.4
2001-05-26T21:00,22.5,99,0.3,1007.7,1.8
2001-05-26T22:00,22.6,97,0.3,1007.8,1.8
2001-05-26T23:00,22.3,96,0.2,1008.1,2.4
2001-05-27T00:00,22.2,96,0.2,1008.0,2.3
2001-05-27T01:00,22.3,95,0.3,1007.3,2.6
2001-05-27T02:00,22.1,98,0.5,1006.4,2.9
2001-05-27T03:00,22.1,98,0.5,1005.7,3.3
2001-05-27T04:00,22.8,92,0.7,1005.5,3.4
2001-05-27T05:00,22.7,92,0.8,1005.6,2.3
2001-05-27T06:00,21.9,96,1.2,1006.1,1.1
2001-05-27T07:00,21.8,99,1.2,1006.5,1.0
2001-05-27T08:00,25.2,86,1.2,1007.1,2.9
2001-05-27T09:00,24.7,93,1.5,1007.7,4.0
2001-05-27T10:00,25.3,91,2.0,1007.9,4.2
2001-05-27T11:00,26.3,89,3.3,1007.8,4.6
2001-05-27T12:00,26.6,85,1.5,1006.7,7.0
2001-05-27T13:00,26.6,84,1.1,1006.3,6.5
2001-05-27T14:00,24.8,87,4.1,1006.0,4.8
2001-05-27T15:00,24.7,88,2.3,1005.4,6.2
2001-05-27T16:00,24.9,87,1.8,1005.0,5.1
2001-05-27T17:00,24.7,88,2.4,1004.7,6.0
2001-05-27T18:00,24.4,89,2.8,1005.0,2.2
2001-05-27T19:00,24.0,90,0.3,1006.0,3.4
2001-05-27T20:00,23.5,92,0.0,1006.1,4.2
2001-05-27T21:00,23.0,95,0.0,1006.2,3.1
2001-05-27T22:00,22.8,95,0.0,1006.8,3.0
2001-05-27T23:00,22.7,95,0.0,1006.8,3.3
2001-05-28T00:00,22.6,94,0.0,1006.6,3.0
2001-05-28T01:00,22.5,94,0.0,1006.0,2.9
2001-05-28T02:00,22.0,95,0.0,1005.6,3.6
2001-05-28T03:00,22.1,95,0.0,1005.1,4.5
2001-05-28T04:00,22.1,95,0.0,1005.1,3.7
2001-05-28T05:00,22.2,94,0.3,1006.2,5.2
2001-05-28T06:00,22.3,94,0.0,1006.5,4.5
2001-05-28T07:00,22.6,94,0.0,1007.0,4.8
2001-05-28T08:00,24.0,91,0.0,1007.5,3.9
2001-05-28T09:00,25.5,82,0.0,1007.6,3.6
2001-05-28T10:00,26.7,77,0.1,1007.8,3.8
2001-05-28T11:00,27.6,76,0.2,1007.5,6.3
2001-05-28T12:00,28.1,75,0.2,1007.0,8.3
2001-05-28T13:00,28.5,73,0.1,1006.9,5.0
2001-05-28T14:00,26.3,87,2.0,1006.2,3.7
2001-05-28T15:00,26.4,86,1.6,1005.2,4.4
2001-05-28T16:00,25.7,89,2.8,1005.0,5.9
2001-05-28T17:00,24.5,89,4.5,1005.8,3.1
2001-05-28T18:00,24.0,92,0.2,1005.9,2.9
2001-05-28T19:00,23.8,93,0.0,1005.6,2.5
2001-05-28T20:00,23.5,93,0.0,1006.0,2.5
2001-05-28T21:00,23.2,94,0.0,1005.8,3.3
2001-05-28T22:00,23.2,94,0.0,1006.4,4.7
2001-05-28T23:00,23.1,93,0.0,1006.5,5.2
2001-05-29T00:00,22.8,94,0.0,1006.7,5.2
2001-05-29T01:00,22.5,95,0.0,1006.3,5.5
2001-05-29T02:00,21.5,96,0.0,1005.7,6.2
2001-05-29T03:00,21.6,96,0.0,1005.6,6.6
2001-05-29T04:00,21.5,95,0.0,1005.4,6.6
2001-05-29T05:00,21.6,94,0.0,1006.1,6.2
2001-05-29T06:00,21.7,93,0.0,1006.4,6.3
2001-05-29T07:00,22.0,95,0.0,1006.7,5.6
2001-05-29T08:00,23.6,94,0.0,1006.9,3.9
2001-05-29T09:00,25.6,83,0.0,1007.1,1.5
2001-05-29T10:00,27.4,75,0.0,1007.3,1.1
2001-05-29T11:00,28.4,71,0.0,1007.5,3.3
2001-05-29T12:00,29.1,68,0.2,1007.0,4.7
2001-05-29T13:00,28.9,71,0.7,1006.3,5.1
2001-05-29T14:00,28.7,71,1.6,1005.5,5.8
2001-05-29T15:00,27.2,79,4.1,1005.3,3.4
2001-05-29T16:00,27.0,78,1.0,1005.0,1.1
2001-05-29T17:00,26.0,85,0.2,1005.3,2.1
2001-05-29T18:00,24.9,88,0.5,1005.6,3.4
2001-05-29T19:00,24.7,88,0.0,1005.9,4.3
2001-05-29T20:00,24.5,89,0.0,1006.3,3.8
2001-05-29T21:00,24.1,92,0.0,1007.2,3.6
2001-05-29T22:00,23.5,94,0.0,1007.5,3.8
2001-05-29T23:00,24.0,91,0.0,1007.7,2.3
2001-05-30T00:00,24.1,90,0.0,1007.3,1.8
2001-05-30T01:00,23.9,91,0.0,1006.7,1.8
2001-05-30T02:00,23.0,95,0.1,1006.0,2.9
2001-05-30T03:00,22.5,96,0.5,1005.5,3.7
2001-05-30T04:00,22.3,96,1.0,1005.6,4.7
2001-05-30T05:00,22.3,96,1.5,1006.5,4.9
2001-05-30T06:00,22.0,96,1.4,1006.7,5.1
2001-05-30T07:00,22.5,95,0.6,1007.2,4.8
2001-05-30T08:00,24.0,93,0.2,1007.6,3.5
2001-05-30T09:00,25.6,84,0.0,1007.5,2.9
2001-05-30T10:00,26.8,79,0.0,1007.4,2.8
2001-05-30T11:00,27.9,75,0.0,1007.5,5.1
2001-05-30T12:00,28.1,76,0.3,1007.8,6.8
2001-05-30T13:00,27.9,78,1.9,1007.3,6.4
2001-05-30T14:00,25.5,87,2.2,1006.9,4.2
2001-05-30T15:00,24.9,91,0.7,1006.3,1.9
2001-05-30T16:00,24.8,93,0.6,1005.4,0.4
2001-05-30T17:00,24.9,94,0.4,1005.1,1.3
2001-05-30T18:00,25.0,93,0.2,1005.3,0.5
2001-05-30T19:00,24.8,94,0.4,1006.1,1.5
2001-05-30T20:00,24.3,96,0.0,1006.5,3.1
2001-05-30T21:00,23.9,96,0.0,1007.0,2.7
2001-05-30T22:00,23.6,96,0.0,1007.6,2.5
2001-05-30T23:00,22.9,96,1.1,1007.8,3.1
2001-05-31T00:00,22.3,99,0.3,1007.3,2.5
2001-05-31T01:00,22.2,99,0.3,1007.0,2.2
2001-05-31T02:00,22.5,98,0.4,1006.4,2.3
2001-05-31T03:00,22.1,98,0.2,1005.8,3.2
2001-05-31T04:00,22.4,96,0.0,1005.4,3.7
2001-05-31T05:00,22.1,96,0.0,1005.1,3.6
2001-05-31T06:00,21.6,98,0.0,1005.9,3.9
2001-05-31T07:00,22.4,96,0.1,1006.9,2.2
2001-05-31T08:00,25.0,89,0.2,1008.2,2.3
2001-05-31T09:00,24.3,92,0.4,1008.1,1.9
2001-05-31T10:00,25.9,88,0.1,1007.8,0.8
2001-05-31T11:00,27.0,82,0.0,1006.2,5.9
2001-05-31T12:00,27.9,77,0.1,1005.9,8.4
2001-05-31T13:00,27.5,77,0.5,1005.8,9.1
2001-05-31T14:00,26.9,80,7.2,1005.7,9.7
2001-05-31T15:00,24.6,91,8.2,1006.0,8.4
2001-05-31T16:00,23.9,98,6.1,1005.8,6.9
2001-05-31T17:00,23.5,99,5.6,1005.9,1.1
2001-05-31T18:00,23.5,99,3.1,1006.3,2.7
2001-05-31T19:00,23.3,99,2.5,1007.2,2.8
2001-05-31T20:00,23.0,99,1.9,1007.3,2.5
2001-05-31T21:00,22.8,99,0.9,1007.8,2.4
2001-05-31T22:00,22.6,98,0.8,1008.3,2.7
2001-05-31T23:00,22.5,98,1.0,1008.6,3.7
2001-06-01T00:00,22.6,99,1.5,1008.2,5.6
2001-06-01T01:00,22.4,99,1.7,1007.2,5.8
2001-06-01T02:00,22.2,98,1.3,1006.5,6.3
2001-06-01T03:00,22.0,98,1.3,1006.1,6.8
2001-06-01T04:00,21.9,99,0.9,1006.3,6.5
2001-06-01T05:00,21.9,99,1.0,1006.2,6.0
2001-06-01T06:00,21.8,99,0.7,1006.9,5.4
2001-06-01T07:00,21.9,99,0.5,1007.2,4.1
2001-06-01T08:00,23.1,99,0.3,1007.8,3.6
2001-06-01T09:00,24.6,92,0.1,1008.1,2.6
2001-06-01T10:00,25.4,89,0.0,1008.6,3.1
2001-06-01T11:00,25.6,85,0.0,1008.2,2.6
2001-06-01T12:00,26.7,77,0.2,1007.9,3.3
2001-06-01T13:00,26.9,78,0.0,1007.3,3.3
2001-06-01T14:00,27.2,77,0.9,1006.5,3.3
2001-06-01T15:00,27.5,78,0.3,1005.7,3.2
2001-06-01T16:00,27.2,78,0.0,1005.1,5.9
2001-06-01T17:00,26.2,81,1.8,1006.5,5.8
2001-06-01T18:00,24.3,91,2.7,1007.5,3.3
2001-06-01T19:00,23.6,96,1.2,1008.1,1.5
2001-06-01T20:00,23.0,99,1.1,1008.4,2.0
2001-06-01T21:00,22.9,96,0.6,1008.5,3.5
2001-06-01T22:00,22.9,95,0.0,1008.5,3.4
2001-06-01T23:00,22.8,95,0.0,1008.5,2.1
2001-06-02T00:00,22.8,95,0.0,1008.4,1.4
2001-06-02T01:00,22.8,93,0.0,1008.1,3.1
2001-06-02T02:00,22.5,93,0.0,1007.5,2.3
2001-06-02T03:00,22.5,92,0.0,1007.1,2.6
2001-06-02T04:00,22.3,93,0.0,1006.6,3.3
2001-06-02T05:00,22.1,94,0.0,1007.1,5.4
2001-06-02T06:00,22.0,94,0.0,1006.2,5.2
2001-06-02T07:00,22.2,96,0.0,1006.8,4.7
2001-06-02T08:00,24.1,93,0.0,1007.7,2.0
2001-06-02T09:00,25.7,85,0.0,1008.2,2.2
2001-06-02T10:00,26.9,77,0.0,1009.2,5.9
2001-06-02T11:00,26.7,77,4.5,1009.2,7.4
2001-06-02T12:00,26.6,79,2.8,1009.2,6.9
2001-06-02T13:00,26.5,81,0.5,1008.4,7.3
2001-06-02T14:00,25.6,84,2.9,1008.1,3.6
2001-06-02T15:00,25.5,87,1.0,1006.8,2.1
2001-06-02T16:00,25.0,90,1.0,1006.3,1.1
2001-06-02T17:00,24.9,91,0.3,1006.1,0.8
2001-06-02T18:00,24.6,92,0.2,1006.3,1.1
2001-06-02T19:00,24.1,92,0.3,1007.1,2.6
2001-06-02T20:00,23.6,92,0.6,1007.5,5.8
2001-06-02T21:00,22.5,96,0.5,1008.2,7.7
2001-06-02T22:00,22.4,94,0.4,1009.1,5.9
2001-06-02T23:00,22.3,95,0.0,1008.8,5.2
2001-06-03T00:00,22.2,95,0.0,1008.8,3.9
2001-06-03T01:00,21.8,95,0.0,1008.1,1.9
2001-06-03T02:00,21.5,97,0.2,1007.4,4.1
2001-06-03T03:00,21.1,99,0.2,1006.9,6.3
2001-06-03T04:00,21.3,96,0.0,1005.8,4.8
2001-06-03T05:00,21.6,93,0.0,1005.9,5.5
2001-06-03T06:00,21.3,94,0.0,1006.4,5.2
2001-06-03T07:00,21.5,96,0.0,1007.4,5.0
2001-06-03T08:00,23.8,93,0.0,1008.5,4.1
2001-06-03T09:00,25.2,84,0.0,1008.4,4.0
2001-06-03T10:00,26.2,79,0.0,1008.4,3.3
2001-06-03T11:00,27.0,77,0.0,1007.9,3.4
2001-06-03T12:00,27.1,76,0.7,1007.4,6.4
2001-06-03T13:00,27.3,76,1.0,1006.6,3.4
2001-06-03T14:00,28.3,70,0.0,1005.7,4.1
2001-06-03T15:00,27.9,73,1.6,1005.1,4.7
2001-06-03T16:00,26.8,75,1.6,1005.0,3.6
2001-06-03T17:00,25.8,79,1.1,1005.5,1.6
2001-06-03T18:00,25.0,86,2.4,1005.2,2.2
2001-06-03T19:00,24.6,87,0.2,1005.8,2.5
2001-06-03T20:00,24.1,89,0.0,1006.5,1.1
2001-06-03T21:00,23.8,92,0.2,1007.5,1.5
2001-06-03T22:00,23.8,89,0.4,1008.5,1.9
2001-06-03T23:00,24.0,87,0.2,1008.3,2.4
2001-06-04T00:00,23.5,88,0.1,1008.4,1.1
2001-06-04T01:00,21.8,95,0.0,1007.6,1.6
2001-06-04T02:00,21.8,97,0.0,1007.1,2.1
2001-06-04T03:00,21.8,97,0.0,1006.6,2.7
2001-06-04T04:00,21.8,97,0.0,1006.5,3.3
2001-06-04T05:00,21.7,96,0.0,1006.9,4.7
2001-06-04T06:00,21.4,96,0.0,1007.4,5.1
2001-06-04T07:00,21.7,96,0.0,1007.4,5.4
2001-06-04T08:00,23.6,92,0.0,1008.3,2.5
2001-06-04T09:00,25.4,81,0.0,1008.4,1.8
2001-06-04T10:00,26.4,76,0.1,1008.3,3.3
2001-06-04T11:00,27.3,73,0.1,1008.6,6.5
2001-06-04T12:00,27.1,77,2.6,1008.6,7.3
2001-06-04T13:00,26.2,83,3.4,1008.1,5.7
2001-06-04T14:00,25.9,84,5.7,1007.4,5.1
2001-06-04T15:00,26.1,86,3.8,1006.0,3.3
2001-06-04T16:00,25.5,89,2.9,1005.6,3.6
2001-06-04T17:00,25.0,89,2.2,1006.2,1.3
2001-06-04T18:00,24.7,92,1.3,1006.3,0.0
2001-06-04T19:00,23.7,93,0.2,1006.8,1.8
2001-06-04T20:00,23.3,94,0.0,1006.8,2.9
2001-06-04T21:00,23.1,94,0.0,1007.3,3.4
2001-06-04T22:00,22.8,94,0.0,1008.0,4.0
2001-06-04T23:00,22.7,94,0.0,1007.9,3.6
2001-06-05T00:00,22.5,94,0.0,1007.9,4.0
2001-06-05T01:00,22.1,95,0.0,1007.1,4.0
2001-06-05T02:00,21.8,95,0.0,1006.8,4.1
2001-06-05T03:00,22.0,94,0.0,1006.3,4.4
2001-06-05T04:00,22.0,93,0.0,1006.1,4.7
2001-06-05T05:00,22.0,93,0.0,1006.3,4.8
2001-06-05T06:00,21.8,94,0.0,1006.8,5.7
2001-06-05T07:00,22.1,95,0.0,1007.3,5.8
2001-06-05T08:00,23.6,93,0.0,1008.1,3.8
2001-06-05T09:00,25.0,84,0.0,1008.7,3.0
2001-06-05T10:00,26.4,76,0.0,1008.6,3.2
2001-06-05T11:00,27.7,70,0.1,1009.0,3.6
2001-06-05T12:00,28.1,69,0.3,1008.5,4.3
2001-06-05T13:00,27.3,76,2.1,1008.4,5.2
2001-06-05T14:00,26.8,79,2.3,1007.8,2.3
2001-06-05T15:00,25.9,83,1.2,1006.9,1.1
2001-06-05T16:00,25.8,85,0.0,1005.8,3.6
2001-06-05T17:00,25.5,84,0.2,1006.3,2.6
2001-06-05T18:00,24.7,89,0.8,1006.6,2.9
2001-06-05T19:00,24.4,91,0.0,1006.7,1.8
2001-06-05T20:00,23.7,95,0.0,1006.7,1.5
2001-06-05T21:00,23.2,96,0.0,1007.1,2.2
2001-06-05T22:00,22.9,96,0.0,1007.7,2.7
2001-06-05T23:00,22.7,96,0.0,1007.6,3.7
2001-06-06T00:00,22.4,96,0.0,1007.4,3.7
2001-06-06T01:00,22.5,94,0.0,1007.2,3.1
2001-06-06T02:00,22.0,96,0.0,1006.6,3.0
2001-06-06T03:00,21.9,96,0.0,1006.3,2.9
2001-06-06T04:00,21.9,96,0.0,1006.1,3.2
2001-06-06T05:00,21.9,95,0.0,1006.0,5.4
2001-06-06T06:00,22.0,93,0.0,1006.1,5.8
2001-06-06T07:00,22.4,94,0.0,1007.0,5.5
2001-06-06T08:00,23.9,91,0.0,1007.4,2.6
2001-06-06T09:00,25.5,83,0.0,1007.9,1.1
2001-06-06T10:00,27.1,76,0.0,1008.0,3.6
2001-06-06T11:00,28.2,72,0.0,1008.1,6.1
2001-06-06T12:00,28.2,73,1.8,1007.5,5.7
2001-06-06T13:00,28.2,75,1.1,1006.8,4.5
2001-06-06T14:00,28.0,77,0.6,1005.7,4.3
2001-06-06T15:00,28.3,76,0.2,1004.9,4.8
2001-06-06T16:00,27.8,78,0.4,1004.8,4.6
2001-06-06T17:00,26.2,85,1.5,1006.2,1.5
2001-06-06T18:00,25.2,90,1.1,1006.1,1.8
2001-06-06T19:00,24.9,91,0.0,1006.1,2.8
2001-06-06T20:00,24.4,94,0.0,1006.4,0.7
2001-06-06T21:00,24.0,94,0.1,1006.7,1.5
2001-06-06T22:00,24.1,93,0.0,1006.6,2.6
2001-06-06T23:00,24.1,92,0.0,1006.5,1.8
2001-06-07T00:00,23.7,92,0.0,1006.1,4.0
2001-06-07T01:00,23.3,93,0.0,1005.7,4.5
2001-06-07T02:00,22.0,96,0.0,1005.0,4.6
2001-06-07T03:00,21.9,95,0.1,1004.7,4.8
2001-06-07T04:00,21.7,95,0.4,1004.7,5.4
2001-06-07T05:00,21.8,94,0.5,1005.1,5.1
2001-06-07T06:00,21.5,94,0.9,1005.3,5.1
2001-06-07T07:00,21.8,97,1.9,1005.1,7.5
2001-06-07T08:00,24.2,90,0.7,1005.4,4.6
2001-06-07T09:00,25.4,83,0.0,1006.1,2.5
2001-06-07T10:00,26.7,78,0.0,1006.6,2.1
2001-06-07T11:00,28.0,72,0.0,1006.1,2.4
2001-06-07T12:00,28.4,71,1.7,1006.2,1.5
2001-06-07T13:00,28.4,73,0.5,1005.8,0.8
2001-06-07T14:00,27.8,75,0.1,1005.0,2.3
2001-06-07T15:00,27.4,76,2.5,1004.6,3.9
2001-06-07T16:00,25.4,86,3.1,1004.3,2.4
2001-06-07T17:00,25.2,87,0.0,1004.6,1.5
2001-06-07T18:00,25.0,91,0.0,1004.7,1.1
2001-06-07T19:00,24.8,90,0.0,1004.5,2.3
2001-06-07T20:00,24.4,92,0.0,1004.2,2.6
2001-06-07T21:00,23.9,92,0.0,1004.7,3.3
2001-06-07T22:00,23.7,92,0.0,1005.1,3.6
2001-06-07T23:00,22.9,95,0.0,1005.4,4.0
2001-06-08T00:00,22.9,95,0.0,1005.5,3.3
2001-06-08T01:00,22.9,94,0.0,1005.4,2.2
2001-06-08T02:00,22.7,95,0.0,1005.0,3.0
2001-06-08T03:00,22.7,94,0.3,1004.6,4.0
2001-06-08T04:00,22.5,94,0.3,1004.5,4.9
2001-06-08T05:00,22.3,94,0.3,1004.4,6.1
2001-06-08T06:00,22.0,94,0.0,1004.5,5.8
2001-06-08T07:00,22.2,94,0.0,1005.0,5.1
2001-06-08T08:00,24.6,88,0.0,1005.4,1.8
2001-06-08T09:00,25.8,81,0.0,1006.0,1.1
2001-06-08T10:00,27.3,74,0.0,1005.8,2.3
2001-06-08T11:00,28.3,71,0.0,1005.6,4.2
2001-06-08T12:00,29.0,71,1.2,1005.1,5.2
2001-06-08T13:00,28.7,73,1.2,1004.8,5.9
2001-06-08T14:00,26.9,81,4.9,1004.6,6.1
2001-06-08T15:00,26.0,88,4.5,1004.5,4.3
2001-06-08T16:00,25.1,94,2.7,1005.0,1.9
2001-06-08T17:00,24.6,92,0.8,1004.5,4.1
2001-06-08T18:00,24.7,91,0.0,1004.0,3.6
2001-06-08T19:00,24.3,93,0.0,1004.5,1.9
2001-06-08T20:00,23.7,94,0.0,1004.7,2.5
2001-06-08T21:00,23.7,93,0.0,1004.7,4.1
2001-06-08T22:00,23.4,93,0.0,1005.0,3.9
2001-06-08T23:00,23.8,91,0.0,1005.3,3.3
2001-06-09T00:00,23.7,91,0.0,1005.7,1.8
2001-06-09T01:00,22.5,95,0.1,1005.8,3.6
2001-06-09T02:00,22.4,95,0.5,1005.3,4.7
2001-06-09T03:00,21.6,99,0.8,1004.6,5.4
2001-06-09T04:00,22.0,97,1.1,1004.9,2.5
2001-06-09T05:00,22.4,94,0.8,1004.9,3.0
2001-06-09T06:00,21.4,98,0.8,1005.0,4.3
2001-06-09T07:00,22.0,98,0.3,1005.7,4.7
2001-06-09T08:00,24.4,92,0.0,1006.1,2.7
2001-06-09T09:00,25.0,87,0.0,1006.3,1.8
2001-06-09T10:00,26.5,80,0.1,1007.0,3.8
2001-06-09T11:00,27.4,76,2.3,1007.3,5.5
2001-06-09T12:00,27.7,76,0.6,1007.0,4.7
2001-06-09T13:00,27.9,76,0.1,1006.1,3.4
2001-06-09T14:00,26.7,81,1.1,1005.6,2.6
2001-06-09T15:00,26.7,81,0.7,1004.7,2.1
2001-06-09T16:00,25.0,90,2.7,1005.0,1.8
2001-06-09T17:00,24.3,94,0.6,1003.6,1.1
2001-06-09T18:00,24.1,94,0.2,1003.7,1.6
2001-06-09T19:00,24.0,93,0.0,1004.0,3.1
2001-06-09T20:00,23.4,96,0.0,1005.0,2.3
2001-06-09T21:00,23.2,95,0.0,1006.2,1.4
2001-06-09T22:00,22.9,95,0.0,1006.4,2.9
2001-06-09T23:00,23.0,94,0.1,1006.8,3.1
2001-06-10T00:00,22.8,94,0.2,1006.9,4.6
2001-06-10T01:00,22.8,94,0.2,1006.4,5.9
2001-06-10T02:00,22.8,96,0.2,1005.9,4.3
2001-06-10T03:00,22.4,96,0.3,1005.7,4.0
2001-06-10T04:00,22.2,95,0.0,1005.4,5.1
2001-06-10T05:00,22.0,95,0.0,1005.6,5.4
2001-06-10T06:00,21.9,94,0.0,1006.1,4.7
2001-06-10T07:00,22.2,95,0.0,1006.6,4.7
2001-06-10T08:00,24.0,93,0.0,1006.8,3.2
2001-06-10T09:00,25.4,87,0.0,1006.7,1.0
2001-06-10T10:00,27.0,77,0.0,1007.0,1.9
2001-06-10T11:00,28.2,71,0.3,1007.1,2.9
2001-06-10T12:00,28.6,69,2.4,1006.5,4.6
2001-06-10T13:00,28.6,71,1.3,1006.2,5.5
2001-06-10T14:00,27.0,80,3.3,1006.2,0.5
2001-06-10T15:00,25.8,86,2.4,1005.2,3.0
2001-06-10T16:00,24.7,91,2.4,1005.5,3.7
2001-06-10T17:00,24.4,94,0.7,1005.2,2.4
2001-06-10T18:00,24.3,93,0.0,1005.7,1.6
2001-06-10T19:00,24.3,92,0.0,1006.1,2.1
2001-06-10T20:00,23.9,94,0.2,1006.7,4.5
2001-06-10T21:00,23.5,93,1.3,1007.9,4.1
2001-06-10T22:00,23.0,94,0.9,1007.8,4.3
2001-06-10T23:00,22.4,97,0.0,1007.3,5.5
2001-06-11T00:00,22.6,95,0.0,1006.9,3.7
2001-06-11T01:00,22.4,96,0.0,1006.5,2.5
2001-06-11T02:00,21.9,97,0.0,1006.1,3.0
2001-06-11T03:00,21.8,97,0.0,1005.4,3.3
2001-06-11T04:00,21.8,97,0.0,1005.2,4.0
2001-06-11T05:00,21.9,96,0.0,1006.2,3.2
2001-06-11T06:00,21.2,99,0.2,1006.5,3.3
2001-06-11T07:00,22.1,98,0.9,1007.0,3.6
2001-06-11T08:00,24.1,94,0.0,1007.6,2.5
2001-06-11T09:00,25.2,87,0.0,1007.8,2.0
2001-06-11T10:00,26.5,79,1.7,1008.3,2.0
2001-06-11T11:00,26.8,78,0.8,1008.3,3.3
2001-06-11T12:00,27.4,76,0.1,1007.9,4.0
2001-06-11T13:00,27.9,74,0.6,1007.6,4.3
2001-06-11T14:00,26.1,86,2.6,1007.1,4.1
2001-06-11T15:00,25.9,86,2.5,1006.6,1.8
2001-06-11T16:00,25.4,90,0.3,1005.6,2.1
2001-06-11T17:00,25.5,91,0.2,1005.5,0.7
2001-06-11T18:00,25.2,89,0.4,1006.2,2.6
2001-06-11T19:00,24.6,91,0.9,1006.6,2.2
2001-06-11T20:00,24.1,92,0.1,1006.9,2.3
2001-06-11T21:00,23.8,93,0.0,1007.2,2.1
2001-06-11T22:00,23.6,95,0.0,1007.6,1.3
2001-06-11T23:00,23.5,94,0.0,1007.7,2.3
2001-06-12T00:00,23.4,95,0.0,1007.2,3.4
2001-06-12T01:00,23.1,95,0.0,1007.1,2.6
2001-06-12T02:00,23.2,95,0.0,1006.5,4.0
2001-06-12T03:00,22.7,96,0.0,1006.0,4.7
2001-06-12T04:00,22.4,96,0.0,1005.5,4.3
2001-06-12T05:00,22.2,96,0.0,1006.5,5.8
2001-06-12T06:00,22.1,95,0.0,1006.9,5.4
2001-06-12T07:00,22.3,95,0.0,1006.9,5.4
2001-06-12T08:00,23.8,94,0.8,1007.6,2.2
2001-06-12T09:00,25.5,87,0.4,1008.0,1.9
2001-06-12T10:00,26.5,81,1.6,1008.2,3.6
2001-06-12T11:00,28.0,74,1.2,1008.3,4.0
2001-06-12T12:00,27.5,78,0.4,1007.0,3.6
2001-06-12T13:00,27.4,79,1.0,1006.6,6.1
2001-06-12T14:00,28.1,80,1.2,1005.6,6.9
2001-06-12T15:00,27.0,84,1.7,1005.4,4.4
2001-06-12T16:00,26.9,84,0.1,1004.8,6.0
2001-06-12T17:00,26.7,86,0.4,1005.3,4.9
2001-06-12T18:00,25.4,87,0.7,1006.1,1.8
2001-06-12T19:00,24.4,90,0.8,1006.5,1.6
2001-06-12T20:00,23.7,95,0.1,1006.6,0.7
2001-06-12T21:00,23.1,99,0.0,1007.4,1.1
2001-06-12T22:00,23.1,99,0.0,1007.5,0.8
2001-06-12T23:00,23.7,92,0.0,1007.5,2.5
2001-06-13T00:00,23.6,92,0.0,1006.8,4.2
2001-06-13T01:00,22.2,97,0.0,1006.3,4.3
2001-06-13T02:00,21.7,98,0.0,1005.4,4.5
2001-06-13T03:00,21.3,98,0.0,1005.5,4.6
2001-06-13T04:00,20.9,99,0.0,1005.4,5.1
2001-06-13T05:00,20.7,99,0.1,1006.6,5.2
2001-06-13T06:00,20.7,99,0.0,1006.8,5.2
2001-06-13T07:00,22.1,96,0.0,1006.7,4.1
2001-06-13T08:00,23.7,95,0.0,1007.3,2.6
2001-06-13T09:00,25.4,86,0.0,1007.2,2.3
2001-06-13T10:00,26.5,83,0.1,1007.5,4.5
2001-06-13T11:00,26.8,79,0.7,1007.4,5.4
2001-06-13T12:00,27.2,77,2.2,1007.6,4.7
2001-06-13T13:00,25.5,85,8.4,1007.3,4.9
2001-06-13T14:00,25.1,88,2.9,1006.6,4.6
2001-06-13T15:00,25.5,87,0.2,1005.7,1.5
2001-06-13T16:00,25.5,87,0.2,1005.0,3.1
2001-06-13T17:00,25.2,87,0.8,1005.0,0.4
2001-06-13T18:00,25.0,89,0.0,1005.0,1.4
2001-06-13T19:00,24.5,88,0.0,1005.4,2.1
2001-06-13T20:00,24.0,90,0.0,1005.9,1.5
2001-06-13T21:00,23.7,92,0.0,1005.9,1.4
2001-06-13T22:00,23.1,93,0.0,1006.8,3.0
2001-06-13T23:00,22.5,94,0.0,1006.9,4.1
2001-06-14T00:00,22.1,95,0.0,1006.5,4.2
2001-06-14T01:00,21.8,96,0.0,1005.8,5.1
2001-06-14T02:00,22.0,95,0.0,1005.3,5.4
2001-06-14T03:00,21.4,95,0.0,1004.7,6.1
2001-06-14T04:00,21.5,95,0.0,1004.3,6.5
2001-06-14T05:00,21.8,93,0.0,1004.8,6.6
2001-06-14T06:00,21.6,92,0.0,1004.7,6.6
2001-06-14T07:00,21.7,92,0.0,1005.7,4.8
2001-06-14T08:00,23.7,87,0.1,1006.7,1.3
2001-06-14T09:00,25.1,81,0.3,1007.1,0.8
2001-06-14T10:00,26.2,75,0.5,1007.1,1.8
2001-06-14T11:00,27.1,71,0.2,1006.5,0.8
2001-06-14T12:00,27.8,69,0.2,1006.2,2.4
2001-06-14T13:00,28.3,68,1.2,1005.7,3.9
2001-06-14T14:00,28.6,69,1.1,1005.4,2.3
2001-06-14T15:00,28.0,71,0.2,1004.5,0.8
2001-06-14T16:00,27.5,73,0.4,1004.2,1.5
2001-06-14T17:00,27.0,73,0.0,1004.2,3.3
2001-06-14T18:00,26.4,78,0.0,1004.8,1.6
2001-06-14T19:00,25.6,85,0.1,1004.9,1.9
2001-06-14T20:00,25.1,83,0.0,1005.1,2.3
2001-06-14T21:00,24.5,85,0.0,1005.8,2.5
2001-06-14T22:00,24.1,86,0.0,1006.2,3.6
2001-06-14T23:00,23.5,88,0.0,1006.5,4.0
2001-06-15T00:00,21.8,93,0.4,1006.2,5.4
2001-06-15T01:00,21.2,93,0.4,1005.8,6.2
2001-06-15T02:00,21.2,92,0.0,1005.1,6.2
2001-06-15T03:00,21.2,91,0.0,1004.7,6.7
2001-06-15T04:00,21.1,89,0.0,1004.3,6.7
2001-06-15T05:00,21.2,87,0.0,1004.3,6.6
2001-06-15T06:00,21.1,85,0.0,1004.9,6.3
2001-06-15T07:00,21.2,85,0.0,1005.2,7.1
2001-06-15T08:00,23.3,83,0.0,1005.4,5.6
2001-06-15T09:00,25.7,72,0.0,1005.7,2.4
2001-06-15T10:00,27.1,67,0.0,1006.0,3.9
2001-06-15T11:00,28.3,65,0.0,1005.8,4.4
2001-06-15T12:00,29.3,62,0.0,1005.4,2.8
2001-06-15T13:00,30.0,60,0.0,1004.8,4.3
2001-06-15T14:00,29.8,61,0.0,1004.0,7.2
2001-06-15T15:00,28.5,67,2.0,1004.1,6.3
2001-06-15T16:00,26.7,77,2.1,1004.1,2.8
2001-06-15T17:00,25.8,82,0.2,1004.2,4.3
2001-06-15T18:00,25.2,87,0.2,1004.6,2.4
2001-06-15T19:00,25.0,89,0.0,1003.9,1.9
2001-06-15T20:00,24.8,87,0.0,1004.3,3.4
2001-06-15T21:00,24.5,88,0.0,1004.6,4.5
2001-06-15T22:00,24.3,88,0.0,1005.1,4.7
2001-06-15T23:00,24.0,88,0.0,1005.7,4.8
2001-06-16T00:00,23.2,91,0.0,1005.6,4.4
2001-06-16T01:00,21.9,95,0.0,1005.5,4.7
2001-06-16T02:00,22.2,94,0.0,1005.2,5.5
2001-06-16T03:00,22.2,93,0.0,1004.6,5.9
2001-06-16T04:00,22.3,92,0.0,1004.1,6.5
2001-06-16T05:00,22.1,93,0.0,1004.5,6.8
2001-06-16T06:00,21.6,93,0.0,1004.8,6.8
2001-06-16T07:00,22.2,92,0.0,1005.2,5.9
2001-06-16T08:00,24.6,85,0.0,1005.4,4.4
2001-06-16T09:00,26.2,77,0.0,1005.5,2.5
2001-06-16T10:00,27.6,71,0.0,1005.6,1.1
2001-06-16T11:00,28.7,68,0.0,1005.7,2.6
2001-06-16T12:00,29.3,68,2.2,1005.2,3.9
2001-06-16T13:00,29.5,69,1.8,1005.2,3.4
2001-06-16T14:00,28.8,71,0.2,1004.4,1.1
2001-06-16T15:00,28.7,72,0.0,1004.0,3.0
2001-06-16T16:00,27.3,79,0.9,1003.5,1.4
2001-06-16T17:00,26.4,81,1.5,1003.5,2.9
2001-06-16T18:00,26.2,81,0.0,1003.3,1.9
2001-06-16T19:00,25.6,87,0.0,1004.0,1.0
2001-06-16T20:00,24.9,87,0.0,1004.5,1.8
2001-06-16T21:00,24.3,91,0.0,1005.3,2.9
2001-06-16T22:00,23.8,91,0.0,1006.0,3.8
2001-06-16T23:00,23.4,91,0.7,1006.7,5.4
2001-06-17T00:00,23.1,92,0.9,1006.5,6.4
2001-06-17T01:00,23.2,89,0.0,1005.7,6.2
2001-06-17T02:00,23.1,89,0.0,1005.1,5.8
2001-06-17T03:00,22.5,91,0.0,1004.1,6.8
2001-06-17T04:00,22.1,92,0.0,1004.4,6.8
2001-06-17T05:00,22.0,91,0.0,1004.3,7.6
2001-06-17T06:00,22.0,91,0.0,1005.2,7.2
2001-06-17T07:00,22.6,89,0.0,1005.6,5.9
2001-06-17T08:00,24.2,86,0.0,1006.7,3.3
2001-06-17T09:00,25.0,82,0.0,1006.8,1.6
2001-06-17T10:00,26.6,75,0.0,1006.5,2.3
2001-06-17T11:00,28.1,69,0.0,1006.1,3.3
2001-06-17T12:00,29.4,63,0.1,1005.8,3.6
2001-06-17T13:00,29.7,61,0.2,1004.8,3.9
2001-06-17T14:00,29.8,60,1.0,1004.4,2.9
2001-06-17T15:00,28.3,67,2.0,1003.9,3.1
2001-06-17T16:00,26.8,75,1.3,1004.2,0.5
2001-06-17T17:00,26.0,79,0.4,1004.1,4.4
2001-06-17T18:00,25.4,84,0.0,1004.3,2.7
2001-06-17T19:00,24.8,90,0.0,1004.2,0.7
2001-06-17T20:00,23.6,92,0.0,1004.3,3.3
2001-06-17T21:00,22.9,94,0.0,1005.2,3.8
2001-06-17T22:00,22.5,94,0.0,1005.6,4.0
2001-06-17T23:00,22.0,94,0.0,1006.1,4.3
2001-06-18T00:00,21.6,93,0.0,1005.8,5.4
2001-06-18T01:00,21.6,92,0.0,1005.5,6.8
2001-06-18T02:00,21.7,91,0.0,1004.7,7.2
2001-06-18T03:00,21.4,90,0.0,1004.4,6.9
2001-06-18T04:00,21.3,87,0.0,1004.0,7.3
2001-06-18T05:00,21.5,83,0.0,1004.2,8.0
2001-06-18T06:00,21.5,82,0.1,1004.5,7.7
2001-06-18T07:00,21.8,81,0.3,1005.1,7.3
2001-06-18T08:00,23.5,80,0.0,1005.9,5.8
2001-06-18T09:00,25.4,71,0.0,1005.9,3.0
2001-06-18T10:00,27.1,64,0.0,1005.9,2.6
2001-06-18T11:00,28.2,61,0.0,1005.5,1.1
2001-06-18T12:00,29.2,59,0.0,1005.0,1.1
2001-06-18T13:00,29.7,59,2.6,1004.5,2.3
2001-06-18T14:00,29.6,59,3.3,1004.2,0.8
2001-06-18T15:00,29.0,62,0.8,1003.9,2.6
2001-06-18T16:00,28.2,67,0.0,1003.4,1.1
2001-06-18T17:00,27.5,72,0.0,1003.2,1.1
2001-06-18T18:00,26.7,80,0.2,1003.7,1.1
2001-06-18T19:00,25.9,84,0.8,1004.5,2.1
2001-06-18T20:00,25.0,88,0.0,1004.4,2.6
2001-06-18T21:00,24.2,92,0.0,1005.1,3.6
2001-06-18T22:00,23.8,92,0.0,1005.6,4.2
2001-06-18T23:00,23.4,93,0.0,1005.7,4.7
2001-06-19T00:00,23.4,92,0.0,1005.4,4.8
2001-06-19T01:00,23.5,90,0.0,1004.8,4.8
2001-06-19T02:00,23.4,92,0.0,1004.2,4.5
2001-06-19T03:00,23.3,90,0.0,1004.1,4.5
2001-06-19T04:00,23.2,90,0.4,1003.5,4.4
2001-06-19T05:00,24.0,84,1.0,1003.9,4.9
2001-06-19T06:00,23.7,86,1.6,1005.1,3.3
2001-06-19T07:00,22.9,94,2.4,1005.3,5.2
2001-06-19T08:00,24.3,89,1.6,1006.0,2.7
2001-06-19T09:00,25.0,84,0.9,1006.8,1.8
2001-06-19T10:00,25.1,84,1.0,1007.0,1.1
2001-06-19T11:00,25.5,84,1.6,1007.0,2.6
2001-06-19T12:00,25.6,84,1.2,1006.9,0.5
2001-06-19T13:00,26.2,80,1.4,1006.3,1.1
2001-06-19T14:00,27.0,78,0.4,1004.8,2.1
2001-06-19T15:00,27.4,75,0.1,1004.4,1.4
2001-06-19T16:00,27.3,75,1.0,1004.1,1.4
2001-06-19T17:00,26.6,79,0.0,1003.9,2.3
2001-06-19T18:00,25.5,85,0.2,1004.7,1.1
2001-06-19T19:00,25.2,87,0.0,1005.5,2.2
2001-06-19T20:00,24.7,88,0.0,1005.8,2.9
2001-06-19T21:00,24.1,90,0.0,1006.1,4.5
2001-06-19T22:00,23.7,90,0.0,1006.6,4.9
2001-06-19T23:00,23.4,90,0.0,1006.7,5.2
2001-06-20T00:00,23.5,87,0.0,1006.4,5.5
2001-06-20T01:00,23.6,85,0.0,1006.0,5.5
2001-06-20T02:00,23.5,87,0.0,1005.7,5.1
2001-06-20T03:00,23.1,89,0.2,1005.3,5.4
2001-06-20T04:00,23.0,89,0.6,1005.2,5.8
2001-06-20T05:00,22.8,89,0.9,1004.9,6.9
2001-06-20T06:00,22.9,87,0.2,1005.5,5.8
2001-06-20T07:00,22.8,90,0.0,1006.1,4.7
2001-06-20T08:00,24.1,86,0.0,1007.4,4.4
2001-06-20T09:00,25.0,83,0.2,1007.5,2.5
2001-06-20T10:00,25.9,79,0.4,1007.5,1.1
2001-06-20T11:00,26.3,78,0.6,1007.5,1.1
2001-06-20T12:00,26.7,77,0.4,1007.3,0.0
2001-06-20T13:00,27.2,74,0.0,1006.7,0.7
2001-06-20T14:00,27.8,70,1.1,1006.0,1.1
2001-06-20T15:00,28.0,69,0.1,1005.5,2.9
2001-06-20T16:00,27.7,71,0.6,1004.7,2.1
2001-06-20T17:00,26.9,76,0.4,1004.9,1.8
2001-06-20T18:00,26.1,83,0.0,1005.2,1.3
2001-06-20T19:00,25.4,87,0.0,1005.7,1.5
2001-06-20T20:00,24.7,88,0.0,1006.5,2.0
2001-06-20T21:00,24.2,90,0.0,1006.9,3.7
2001-06-20T22:00,23.9,90,0.0,1007.3,5.1
2001-06-20T23:00,23.6,90,0.0,1007.0,5.0
2001-06-21T00:00,23.3,89,0.0,1007.1,4.7
2001-06-21T01:00,23.0,88,0.0,1006.6,6.2
2001-06-21T02:00,23.2,88,0.0,1005.8,6.1
2001-06-21T03:00,23.1,87,0.0,1005.4,5.8
2001-06-21T04:00,22.9,86,0.0,1005.5,4.7
2001-06-21T05:00,22.8,86,1.0,1006.4,4.8
2001-06-21T06:00,22.4,89,1.1,1006.6,6.0
2001-06-21T07:00,23.0,85,0.6,1007.2,5.4
2001-06-21T08:00,24.0,85,1.2,1007.8,4.3
2001-06-21T09:00,25.6,78,0.4,1008.3,1.4
2001-06-21T10:00,26.6,75,0.0,1008.5,2.5
2001-06-21T11:00,27.4,73,0.0,1008.4,3.5
2001-06-21T12:00,28.4,68,0.2,1007.3,3.8
2001-06-21T13:00,28.7,68,2.7,1006.5,6.0
2001-06-21T14:00,27.7,74,0.5,1005.9,8.2
2001-06-21T15:00,26.5,83,3.4,1005.8,7.1
2001-06-21T16:00,25.6,85,2.8,1005.7,5.6
2001-06-21T17:00,25.5,87,0.5,1006.2,0.8
2001-06-21T18:00,25.2,88,1.0,1006.6,0.8
2001-06-21T19:00,24.7,91,0.9,1007.1,0.7
2001-06-21T20:00,24.3,92,0.7,1007.2,2.3
2001-06-21T21:00,23.8,95,0.0,1007.3,3.6
2001-06-21T22:00,23.1,96,0.0,1008.1,3.6
2001-06-21T23:00,22.5,99,0.4,1007.7,3.6
2001-06-22T00:00,22.5,98,0.1,1007.5,4.3
2001-06-22T01:00,22.2,99,0.4,1006.9,4.0
2001-06-22T02:00,22.0,99,0.0,1006.3,4.4
2001-06-22T03:00,21.9,98,0.0,1005.9,4.7
2001-06-22T04:00,21.8,99,0.0,1005.3,4.4
2001-06-22T05:00,21.6,98,0.0,1005.4,5.8
2001-06-22T06:00,21.3,98,0.3,1006.0,6.4
2001-06-22T07:00,22.0,98,0.8,1006.7,6.3
2001-06-22T08:00,23.7,93,0.3,1007.2,4.4
2001-06-22T09:00,24.9,87,0.1,1007.4,2.6
2001-06-22T10:00,25.9,81,0.0,1007.6,2.9
2001-06-22T11:00,27.0,77,0.1,1007.3,4.1
2001-06-22T12:00,27.4,76,0.4,1006.7,4.5
2001-06-22T13:00,27.3,78,1.8,1006.3,5.5
2001-06-22T14:00,25.6,88,9.7,1005.6,6.5
2001-06-22T15:00,24.5,89,4.7,1006.3,2.2
2001-06-22T16:00,24.0,98,1.6,1005.5,2.3
2001-06-22T17:00,23.6,99,1.3,1005.6,2.9
2001-06-22T18:00,24.3,98,0.8,1005.6,2.1
2001-06-22T19:00,23.8,95,0.2,1006.2,2.6
2001-06-22T20:00,23.6,95,0.0,1006.7,1.8
2001-06-22T21:00,22.9,97,0.0,1007.3,1.3
2001-06-22T22:00,22.8,97,0.0,1007.7,2.1
2001-06-22T23:00,23.0,96,0.0,1007.4,1.8
2001-06-23T00:00,22.7,96,0.0,1007.3,1.6
2001-06-23T01:00,22.4,96,0.2,1007.0,2.8
2001-06-23T02:00,22.8,95,0.1,1006.3,3.6
2001-06-23T03:00,23.2,92,0.0,1006.1,2.9
2001-06-23T04:00,23.2,92,0.0,1005.7,2.9
2001-06-23T05:00,22.4,97,0.0,1006.3,2.5
2001-06-23T06:00,23.2,92,0.0,1006.6,2.3
2001-06-23T07:00,22.4,97,0.2,1007.1,3.3
2001-06-23T08:00,24.8,91,0.5,1007.7,2.8
2001-06-23T09:00,24.4,89,0.3,1008.0,1.6
2001-06-23T10:00,25.3,87,0.7,1008.5,3.4
2001-06-23T11:00,26.1,84,1.1,1008.0,4.0
2001-06-23T12:00,26.9,78,2.4,1007.7,6.6
2001-06-23T13:00,26.6,80,3.3,1007.3,4.7
2001-06-23T14:00,24.8,91,0.4,1006.3,3.3
2001-06-23T15:00,25.6,86,0.0,1005.5,3.9
2001-06-23T16:00,25.7,86,0.4,1005.1,4.7
2001-06-23T17:00,25.4,88,1.3,1005.6,1.9
2001-06-23T18:00,24.5,93,2.5,1005.9,1.4
2001-06-23T19:00,23.8,96,1.1,1006.6,2.5
2001-06-23T20:00,23.3,99,0.7,1007.3,1.5
2001-06-23T21:00,22.9,99,0.4,1007.7,1.1
2001-06-23T22:00,22.4,99,0.0,1008.1,2.9
2001-06-23T23:00,22.2,99,0.0,1007.6,2.3
2001-06-24T00:00,22.1,99,0.0,1007.4,2.9
2001-06-24T01:00,21.8,98,0.0,1006.9,3.4
2001-06-24T02:00,21.7,98,0.0,1006.2,4.5
2001-06-24T03:00,21.7,98,0.0,1005.5,5.2
2001-06-24T04:00,21.6,98,0.2,1005.4,4.7
2001-06-24T05:00,21.5,98,0.7,1005.6,4.5
2001-06-24T06:00,21.4,98,1.0,1005.9,4.3
2001-06-24T07:00,21.8,98,0.9,1006.4,4.1
2001-06-24T08:00,23.9,96,0.2,1007.3,3.8
2001-06-24T09:00,23.8,95,0.0,1007.4,1.8
2001-06-24T10:00,24.7,89,0.7,1008.1,2.7
2001-06-24T11:00,25.0,88,1.9,1008.3,1.9
2001-06-24T12:00,25.5,85,1.4,1007.6,1.8
2001-06-24T13:00,26.1,82,0.6,1006.4,3.4
2001-06-24T14:00,26.9,77,0.1,1005.4,2.5
2001-06-24T15:00,27.2,75,0.2,1004.5,4.3
2001-06-24T16:00,27.1,75,0.7,1004.2,3.9
2001-06-24T17:00,26.5,79,0.0,1004.9,3.2
2001-06-24T18:00,25.7,83,0.2,1005.7,3.3
2001-06-24T19:00,25.1,87,0.1,1006.2,2.9
2001-06-24T20:00,24.9,86,0.3,1006.5,1.8
2001-06-24T21:00,24.7,87,0.1,1007.1,1.5
2001-06-24T22:00,24.6,87,0.4,1007.2,1.5
2001-06-24T23:00,24.5,87,0.3,1007.4,3.1
2001-06-25T00:00,24.4,87,0.0,1006.7,4.4
2001-06-25T01:00,23.5,90,0.0,1006.0,4.8
2001-06-25T02:00,22.8,94,0.0,1005.0,5.4
2001-06-25T03:00,22.5,94,0.0,1004.5,4.8
2001-06-25T04:00,22.7,93,0.0,1004.6,3.9
2001-06-25T05:00,22.6,93,0.0,1005.1,3.6
2001-06-25T06:00,22.6,94,0.0,1005.7,3.1
2001-06-25T07:00,22.8,95,0.0,1006.2,3.7
2001-06-25T08:00,24.4,92,0.0,1006.5,3.8
2001-06-25T09:00,25.2,88,0.1,1007.0,2.9
2001-06-25T10:00,26.1,85,0.0,1007.0,2.4
2001-06-25T11:00,27.2,81,0.1,1007.1,3.1
2001-06-25T12:00,28.0,78,0.2,1006.6,3.0
2001-06-25T13:00,28.9,76,0.3,1005.8,2.5
2001-06-25T14:00,28.6,69,0.1,1005.1,1.8
2001-06-25T15:00,28.4,71,0.2,1004.5,2.2
2001-06-25T16:00,26.8,77,0.8,1004.4,4.3
2001-06-25T17:00,26.4,81,0.0,1004.0,2.8
2001-06-25T18:00,26.1,82,0.0,1004.0,2.5
2001-06-25T19:00,25.6,87,0.0,1005.1,1.6
2001-06-25T20:00,25.5,85,0.2,1005.0,1.8
2001-06-25T21:00,25.5,84,0.0,1005.4,1.8
2001-06-25T22:00,25.5,83,0.2,1005.7,1.9
2001-06-25T23:00,25.3,84,0.2,1005.8,2.9
2001-06-26T00:00,25.1,85,0.1,1005.8,3.6
2001-06-26T01:00,25.0,85,0.1,1005.1,4.0
2001-06-26T02:00,24.2,90,0.0,1004.5,4.1
2001-06-26T03:00,24.1,89,0.0,1004.0,4.2
2001-06-26T04:00,24.4,87,0.0,1003.7,4.3
2001-06-26T05:00,23.6,92,0.0,1004.1,5.1
2001-06-26T06:00,23.6,92,0.0,1004.5,5.4
2001-06-26T07:00,24.0,92,0.0,1004.7,5.0
2001-06-26T08:00,25.3,87,0.0,1005.2,4.1
2001-06-26T09:00,26.4,81,0.0,1005.1,4.1
2001-06-26T10:00,27.9,74,0.0,1005.2,4.8
2001-06-26T11:00,29.0,68,0.0,1005.0,6.1
2001-06-26T12:00,29.5,65,0.1,1004.3,5.2
2001-06-26T13:00,30.2,63,0.2,1003.5,4.5
2001-06-26T14:00,30.2,63,0.0,1003.3,2.9
2001-06-26T15:00,30.2,63,0.1,1002.8,2.3
2001-06-26T16:00,29.7,65,0.0,1002.9,2.2
2001-06-26T17:00,28.9,69,0.0,1002.9,0.7
2001-06-26T18:00,27.8,77,0.0,1003.2,0.7
2001-06-26T19:00,26.8,81,0.0,1003.8,1.0
2001-06-26T20:00,26.0,84,0.0,1003.9,1.9
2001-06-26T21:00,25.3,86,0.0,1004.9,2.1
2001-06-26T22:00,24.9,88,0.0,1005.3,1.9
2001-06-26T23:00,24.6,88,0.0,1005.5,3.7
2001-06-27T00:00,24.4,89,0.0,1005.2,4.0
2001-06-27T01:00,24.2,89,0.2,1004.7,4.0
2001-06-27T02:00,24.3,90,0.0,1004.3,4.0
2001-06-27T03:00,24.8,87,0.4,1004.7,3.6
2001-06-27T04:00,24.1,90,1.1,1004.1,5.9
2001-06-27T05:00,24.1,88,0.6,1003.9,6.6
2001-06-27T06:00,24.5,85,0.0,1004.5,3.4
2001-06-27T07:00,24.6,86,0.0,1004.9,3.7
2001-06-27T08:00,25.6,85,0.0,1005.1,3.0
2001-06-27T09:00,26.7,79,0.0,1005.6,2.1
2001-06-27T10:00,28.0,73,0.1,1006.1,2.9
2001-06-27T11:00,28.8,70,0.2,1006.2,3.7
2001-06-27T12:00,29.6,68,0.4,1005.4,2.5
2001-06-27T13:00,29.9,67,0.0,1004.6,2.6
2001-06-27T14:00,29.8,70,0.9,1004.3,3.1
2001-06-27T15:00,28.9,73,0.8,1004.2,2.9
2001-06-27T16:00,28.5,76,0.0,1003.8,2.2
2001-06-27T17:00,27.0,81,1.0,1003.5,3.9
2001-06-27T18:00,26.8,83,0.0,1004.0,1.8
2001-06-27T19:00,26.3,86,0.0,1003.9,1.8
2001-06-27T20:00,25.9,87,0.0,1004.7,2.3
2001-06-27T21:00,26.0,85,0.0,1004.9,2.0
2001-06-27T22:00,25.9,85,0.3,1005.8,1.1
2001-06-27T23:00,25.5,86,0.6,1006.7,2.4
2001-06-28T00:00,24.4,91,0.9,1006.2,3.4
2001-06-28T01:00,24.1,91,1.1,1005.2,3.0
2001-06-28T02:00,23.7,97,0.6,1005.0,2.3
2001-06-28T03:00,23.4,99,1.2,1005.1,2.7
2001-06-28T04:00,23.2,99,0.3,1004.8,1.3
2001-06-28T05:00,23.6,96,0.0,1005.0,3.0
2001-06-28T06:00,22.9,98,0.0,1005.4,3.6
2001-06-28T07:00,23.3,99,0.0,1005.9,4.5
2001-06-28T08:00,24.9,90,0.0,1005.4,5.2
2001-06-28T09:00,25.9,85,0.0,1005.3,3.6
2001-06-28T10:00,27.6,77,0.0,1005.6,2.7
2001-06-28T11:00,28.6,72,0.4,1005.6,2.6
2001-06-28T12:00,28.8,73,2.0,1005.7,3.3
2001-06-28T13:00,29.2,72,1.0,1005.5,1.3
2001-06-28T14:00,29.3,68,0.1,1004.8,1.4
2001-06-28T15:00,29.4,70,0.1,1003.8,1.8
2001-06-28T16:00,28.6,73,0.8,1004.1,3.7
2001-06-28T17:00,26.9,80,0.6,1004.0,4.1
2001-06-28T18:00,26.5,82,0.0,1004.5,5.1
2001-06-28T19:00,25.7,86,0.1,1005.2,4.5
2001-06-28T20:00,25.2,90,0.2,1005.7,2.3
2001-06-28T21:00,25.0,90,0.4,1006.2,1.5
2001-06-28T22:00,25.0,88,0.6,1006.5,1.1
2001-06-28T23:00,24.9,88,0.7,1007.1,1.5
2001-06-29T00:00,24.4,91,0.3,1006.8,2.3
2001-06-29T01:00,24.2,91,0.0,1006.1,2.7
2001-06-29T02:00,23.8,93,0.0,1005.1,3.6
2001-06-29T03:00,24.3,88,0.0,1004.3,2.9
2001-06-29T04:00,24.3,88,0.0,1004.1,2.2
2001-06-29T05:00,23.7,90,0.0,1003.8,3.8
2001-06-29T06:00,23.6,90,0.1,1004.1,4.2
2001-06-29T07:00,23.8,90,0.4,1004.7,3.2
2001-06-29T08:00,25.0,89,0.9,1005.9,1.1
2001-06-29T09:00,26.3,82,0.6,1006.4,1.8
2001-06-29T10:00,27.2,77,0.0,1006.2,2.2
2001-06-29T11:00,28.3,72,0.2,1005.6,3.7
2001-06-29T12:00,28.7,70,0.4,1004.3,6.1
2001-06-29T13:00,28.6,71,0.3,1003.8,3.1
2001-06-29T14:00,28.9,70,1.6,1003.4,2.4
2001-06-29T15:00,27.5,76,4.1,1004.2,4.8
2001-06-29T16:00,25.7,87,3.3,1005.0,4.7
2001-06-29T17:00,25.5,89,1.2,1004.9,3.3
2001-06-29T18:00,25.1,92,0.0,1004.7,3.2
2001-06-29T19:00,24.9,91,0.0,1005.2,1.0
2001-06-29T20:00,24.4,89,0.3,1005.7,2.3
2001-06-29T21:00,24.0,92,0.2,1006.6,1.1
2001-06-29T22:00,23.5,94,0.0,1006.7,2.5
2001-06-29T23:00,23.6,92,0.0,1006.5,3.4
2001-06-30T00:00,23.9,90,0.0,1006.2,3.1
2001-06-30T01:00,23.2,94,0.0,1006.1,2.9
2001-06-30T02:00,22.7,95,0.0,1005.4,3.4
2001-06-30T03:00,22.9,93,0.2,1004.6,5.0
2001-06-30T04:00,22.5,94,0.3,1004.4,4.5
2001-06-30T05:00,21.9,96,0.9,1004.8,1.4
2001-06-30T06:00,21.6,97,1.3,1005.4,2.7
2001-06-30T07:00,21.7,98,2.2,1005.0,5.1
2001-06-30T08:00,24.2,93,2.3,1005.6,2.2
2001-06-30T09:00,24.6,91,2.6,1006.3,1.8
2001-06-30T10:00,25.7,85,3.6,1006.5,2.6
2001-06-30T11:00,26.1,84,1.1,1006.4,3.3
2001-06-30T12:00,26.7,79,1.9,1005.9,5.4
2001-06-30T13:00,25.9,83,2.6,1005.9,6.2
2001-06-30T14:00,24.6,90,3.5,1005.8,5.2
2001-06-30T15:00,23.8,99,1.2,1005.0,4.3
2001-06-30T16:00,23.7,99,0.6,1004.7,5.1
2001-06-30T17:00,23.9,99,0.4,1004.8,1.3
2001-06-30T18:00,24.1,99,0.4,1005.2,1.1
2001-06-30T19:00,24.4,92,0.4,1005.5,2.3
2001-06-30T20:00,23.2,99,0.3,1005.0,4.7
2001-06-30T21:00,24.0,92,0.6,1005.4,3.3
2001-06-30T22:00,23.5,94,0.7,1006.1,2.7
2001-06-30T23:00,23.9,91,0.6,1006.4,3.1
2001-07-01T00:00,22.7,98,0.6,1006.8,3.4
2001-07-01T01:00,22.2,99,0.5,1005.8,4.3
2001-07-01T02:00,22.3,98,0.0,1004.9,3.9
2001-07-01T03:00,23.1,92,0.0,1004.8,2.3
2001-07-01T04:00,23.1,92,0.0,1004.7,2.5
2001-07-01T05:00,21.8,99,0.0,1005.0,4.3
2001-07-01T06:00,21.6,99,0.0,1005.1,5.2
2001-07-01T07:00,22.5,94,0.0,1005.2,5.8
2001-07-01T08:00,23.3,94,0.0,1005.1,3.1
2001-07-01T09:00,24.7,88,0.0,1005.4,1.8
2001-07-01T10:00,26.0,82,0.0,1006.3,3.9
2001-07-01T11:00,27.1,76,0.0,1006.1,4.3
2001-07-01T12:00,27.9,73,2.9,1005.9,4.6
2001-07-01T13:00,27.7,76,1.8,1004.8,7.2
2001-07-01T14:00,27.3,82,3.2,1004.1,7.4
2001-07-01T15:00,25.8,88,6.9,1004.4,2.9
2001-07-01T16:00,25.2,96,3.3,1004.4,1.0
2001-07-01T17:00,24.2,96,1.7,1003.9,1.5
2001-07-01T18:00,23.9,96,0.2,1003.8,2.9
2001-07-01T19:00,23.8,95,0.0,1004.0,4.6
2001-07-01T20:00,23.4,96,0.0,1004.7,3.6
2001-07-01T21:00,23.2,96,0.0,1005.6,3.6
2001-07-01T22:00,22.8,97,0.0,1005.9,3.7
2001-07-01T23:00,22.4,98,0.2,1006.0,3.3
2001-07-02T00:00,23.4,91,0.8,1006.1,3.0
2001-07-02T01:00,22.3,98,0.0,1005.5,4.3
2001-07-02T02:00,21.6,99,0.0,1004.7,5.2
2001-07-02T03:00,21.6,99,0.0,1004.5,5.0
2001-07-02T04:00,21.4,99,0.0,1003.8,4.8
2001-07-02T05:00,21.4,98,0.0,1004.2,5.8
2001-07-02T06:00,21.4,97,0.2,1004.6,4.6
2001-07-02T07:00,21.7,97,0.3,1005.0,4.3
2001-07-02T08:00,24.4,94,0.3,1005.6,3.1
2001-07-02T09:00,24.5,92,0.0,1006.0,3.0
2001-07-02T10:00,26.2,87,0.0,1006.3,3.6
2001-07-02T11:00,27.0,82,0.1,1006.3,4.6
2001-07-02T12:00,27.2,81,0.1,1005.9,5.5
2001-07-02T13:00,27.3,81,0.2,1005.3,4.2
2001-07-02T14:00,27.8,77,1.0,1005.1,2.6
2001-07-02T15:00,26.6,79,2.4,1004.1,1.8
2001-07-02T16:00,26.0,81,1.7,1004.5,3.0
2001-07-02T17:00,25.8,83,0.0,1003.4,3.3
2001-07-02T18:00,25.7,84,0.0,1003.8,1.1
2001-07-02T19:00,25.1,87,0.0,1004.2,1.8
2001-07-02T20:00,24.4,89,0.0,1004.8,0.8
2001-07-02T21:00,24.3,88,0.0,1005.5,1.9
2001-07-02T22:00,24.0,89,0.0,1006.1,3.5
2001-07-02T23:00,23.0,91,0.2,1006.0,5.0
2001-07-03T00:00,22.1,93,0.2,1005.9,5.6
2001-07-03T01:00,21.6,93,0.0,1004.9,5.8
2001-07-03T02:00,21.9,93,0.0,1004.6,6.1
2001-07-03T03:00,21.4,93,0.0,1004.3,6.8
2001-07-03T04:00,21.1,93,0.0,1004.2,7.3
2001-07-03T05:00,21.6,89,0.0,1004.6,7.6
2001-07-03T06:00,21.9,85,0.0,1004.8,7.2
2001-07-03T07:00,22.1,84,0.0,1004.8,7.1
2001-07-03T08:00,23.5,84,0.0,1005.3,6.5
2001-07-03T09:00,25.4,76,0.0,1005.9,4.1
2001-07-03T10:00,26.8,69,0.0,1005.9,3.7
2001-07-03T11:00,28.0,66,0.0,1005.9,4.4
2001-07-03T12:00,29.6,61,0.0,1005.2,4.4
2001-07-03T13:00,30.4,58,0.0,1004.2,6.6
2001-07-03T14:00,30.6,59,0.0,1003.7,4.4
2001-07-03T15:00,30.4,62,0.2,1003.1,3.2
2001-07-03T16:00,29.7,64,0.2,1002.8,1.6
2001-07-03T17:00,28.8,70,0.0,1002.7,0.7
2001-07-03T18:00,27.9,76,0.0,1002.9,3.3
2001-07-03T19:00,26.6,82,0.0,1003.1,1.1
2001-07-03T20:00,25.4,89,0.0,1004.1,0.5
2001-07-03T21:00,24.4,92,0.0,1004.5,1.4
2001-07-03T22:00,24.0,92,0.0,1005.1,2.9
2001-07-03T23:00,23.8,92,0.0,1005.4,4.0
2001-07-04T00:00,23.4,92,0.0,1005.1,4.4
2001-07-04T01:00,23.1,93,0.0,1005.0,4.3
2001-07-04T02:00,23.5,90,0.0,1004.7,4.3
2001-07-04T03:00,22.9,92,0.1,1004.4,5.1
2001-07-04T04:00,22.7,92,0.4,1004.2,6.1
2001-07-04T05:00,22.7,91,0.7,1005.1,7.2
2001-07-04T06:00,22.7,90,1.2,1005.3,6.9
2001-07-04T07:00,23.3,87,1.8,1004.7,7.6
2001-07-04T08:00,24.6,85,0.0,1005.2,5.2
2001-07-04T09:00,26.4,78,0.0,1005.7,0.5
2001-07-04T10:00,27.3,76,0.1,1005.9,0.8
2001-07-04T11:00,28.7,70,0.0,1005.7,0.5
2001-07-04T12:00,29.2,68,0.2,1005.6,3.6
2001-07-04T13:00,28.9,71,0.5,1005.0,4.9
2001-07-04T14:00,29.5,69,0.7,1004.6,2.8
2001-07-04T15:00,29.5,70,0.0,1002.7,4.2
2001-07-04T16:00,29.5,69,0.0,1002.4,2.8
2001-07-04T17:00,28.9,72,0.2,1002.4,2.0
2001-07-04T18:00,27.2,79,0.2,1003.0,1.8
2001-07-04T19:00,26.6,83,0.4,1004.0,2.2
2001-07-04T20:00,25.6,89,0.2,1004.6,4.3
2001-07-04T21:00,25.1,90,0.0,1005.0,3.6
2001-07-04T22:00,25.6,85,0.0,1005.2,1.8
2001-07-04T23:00,24.5,91,0.0,1005.2,1.8
2001-07-05T00:00,24.2,92,0.0,1005.3,2.6
2001-07-05T01:00,24.2,91,0.0,1005.0,3.6
2001-07-05T02:00,23.6,91,0.0,1004.5,4.0
2001-07-05T03:00,23.3,92,0.0,1004.1,4.5
2001-07-05T04:00,24.1,88,0.3,1004.2,4.3
2001-07-05T05:00,24.0,88,0.5,1003.8,4.8
2001-07-05T06:00,23.8,88,0.5,1004.2,5.2
2001-07-05T07:00,23.2,92,0.8,1004.2,5.1
2001-07-05T08:00,24.7,90,1.0,1004.5,3.8
2001-07-05T09:00,25.8,83,0.1,1005.7,2.0
2001-07-05T10:00,26.9,78,0.0,1006.0,2.9
2001-07-05T11:00,28.2,70,0.1,1006.0,2.7
2001-07-05T12:00,28.3,70,1.1,1005.6,1.5
2001-07-05T13:00,28.1,73,2.6,1005.0,1.3
2001-07-05T14:00,28.0,76,0.1,1004.3,2.0
2001-07-05T15:00,27.9,76,0.6,1003.8,1.4
2001-07-05T16:00,26.5,81,4.7,1003.8,0.7
2001-07-05T17:00,25.4,88,1.4,1004.7,3.3
2001-07-05T18:00,24.7,91,0.0,1005.0,2.3
2001-07-05T19:00,24.7,90,0.0,1005.1,1.8
2001-07-05T20:00,24.3,91,0.0,1004.8,4.5
2001-07-05T21:00,23.8,93,0.0,1004.9,4.3
2001-07-05T22:00,23.4,93,0.0,1005.4,4.2
2001-07-05T23:00,23.1,94,0.0,1005.6,4.3
2001-07-06T00:00,23.7,88,0.0,1005.8,4.0
2001-07-06T01:00,23.6,88,0.4,1005.7,3.6
2001-07-06T02:00,22.3,93,0.5,1005.2,4.0
2001-07-06T03:00,22.3,93,0.1,1004.7,4.4
2001-07-06T04:00,22.2,91,0.0,1004.4,4.4
2001-07-06T05:00,22.1,90,0.0,1004.6,5.9
2001-07-06T06:00,22.0,90,0.0,1004.7,6.5
2001-07-06T07:00,22.2,91,0.0,1005.3,6.2
2001-07-06T08:00,24.0,89,0.0,1005.9,2.3
2001-07-06T09:00,25.7,81,0.0,1006.7,1.5
2001-07-06T10:00,26.9,74,0.4,1007.1,4.1
2001-07-06T11:00,27.5,73,2.7,1007.2,4.0
2001-07-06T12:00,28.3,71,1.3,1006.7,3.1
2001-07-06T13:00,28.7,71,0.7,1005.8,5.6
2001-07-06T14:00,27.0,79,2.4,1005.6,4.7
2001-07-06T15:00,26.5,82,2.6,1005.3,5.4
2001-07-06T16:00,25.0,89,4.5,1005.6,5.4
2001-07-06T17:00,24.1,98,4.6,1007.1,2.1
2001-07-06T18:00,23.6,99,1.9,1006.7,4.7
2001-07-06T19:00,23.5,96,1.0,1006.7,2.0
2001-07-06T20:00,23.7,93,0.5,1007.0,0.5
2001-07-06T21:00,23.6,93,0.3,1007.2,2.2
2001-07-06T22:00,22.6,98,0.1,1007.7,2.7
2001-07-06T23:00,22.4,98,0.0,1008.0,2.3
2001-07-07T00:00,22.1,99,0.0,1007.6,3.0
2001-07-07T01:00,21.7,99,0.0,1007.4,3.9
2001-07-07T02:00,21.6,99,0.0,1007.0,4.3
2001-07-07T03:00,21.6,99,0.0,1006.5,5.1
2001-07-07T04:00,22.0,95,0.0,1006.3,4.4
2001-07-07T05:00,21.5,98,0.2,1006.6,4.8
2001-07-07T06:00,21.5,98,1.0,1006.3,5.4
2001-07-07T07:00,21.6,98,0.1,1006.4,4.0
2001-07-07T08:00,24.1,92,0.0,1006.9,1.3
2001-07-07T09:00,24.8,86,0.0,1007.2,2.7
2001-07-07T10:00,26.1,80,0.1,1007.2,3.9
2001-07-07T11:00,27.0,75,0.0,1007.1,4.2
2001-07-07T12:00,27.8,73,0.3,1006.9,4.8
2001-07-07T13:00,28.2,73,1.7,1006.6,3.3
2001-07-07T14:00,27.8,77,1.0,1006.0,3.3
2001-07-07T15:00,27.8,78,0.5,1006.1,2.5
2001-07-07T16:00,27.7,79,0.3,1005.4,1.3
2001-07-07T17:00,27.4,80,0.0,1005.4,0.5
2001-07-07T18:00,26.4,85,0.2,1006.0,2.7
2001-07-07T19:00,25.8,88,0.0,1006.4,2.7
2001-07-07T20:00,24.6,92,1.4,1007.3,3.9
2001-07-07T21:00,24.2,88,1.0,1008.3,0.8
2001-07-07T22:00,22.9,96,0.4,1008.7,3.3
2001-07-07T23:00,22.5,98,0.0,1008.6,4.6
2001-07-08T00:00,22.4,99,0.0,1008.4,4.1
2001-07-08T01:00,22.4,99,0.0,1007.7,3.9
2001-07-08T02:00,22.2,99,0.0,1007.2,4.4
2001-07-08T03:00,22.3,97,0.0,1006.8,2.1
2001-07-08T04:00,22.9,94,0.0,1006.7,1.4
2001-07-08T05:00,22.2,96,0.3,1006.7,4.1
2001-07-08T06:00,22.9,90,1.3,1007.1,4.4
2001-07-08T07:00,22.9,90,1.0,1008.1,2.1
2001-07-08T08:00,24.3,89,1.2,1008.6,0.5
2001-07-08T09:00,24.3,88,2.2,1008.7,2.1
2001-07-08T10:00,25.7,82,2.1,1008.9,3.5
2001-07-08T11:00,26.5,78,3.3,1008.5,4.2
2001-07-08T12:00,26.9,77,2.5,1008.6,3.7
2001-07-08T13:00,26.7,79,1.2,1007.5,4.6
2001-07-08T14:00,26.5,81,1.4,1007.0,6.0
2001-07-08T15:00,25.2,87,5.7,1007.0,4.8
2001-07-08T16:00,24.6,91,4.7,1006.9,2.9
2001-07-08T17:00,24.0,96,0.6,1006.7,1.8
2001-07-08T18:00,23.9,96,0.4,1006.5,1.6
2001-07-08T19:00,23.9,94,0.1,1007.1,4.0
2001-07-08T20:00,23.4,97,0.0,1007.3,3.2
2001-07-08T21:00,22.7,99,0.0,1007.8,3.6
2001-07-08T22:00,22.4,99,0.0,1008.2,3.4
2001-07-08T23:00,22.6,96,0.0,1008.0,4.2
2001-07-09T00:00,22.4,96,0.0,1007.8,3.5
2001-07-09T01:00,22.3,95,0.0,1007.4,3.8
2001-07-09T02:00,22.0,99,0.0,1007.4,3.1
2001-07-09T03:00,22.1,99,0.2,1007.0,3.5
2001-07-09T04:00,21.9,99,0.2,1006.5,4.2
2001-07-09T05:00,22.4,94,0.0,1006.7,4.2
2001-07-09T06:00,22.3,94,0.0,1006.6,4.1
2001-07-09T07:00,22.3,95,0.0,1006.8,3.7
2001-07-09T08:00,23.6,94,0.0,1007.2,2.3
2001-07-09T09:00,25.2,85,0.0,1008.0,2.2
2001-07-09T10:00,26.2,78,0.1,1008.2,3.0
2001-07-09T11:00,26.8,78,2.0,1008.3,2.8
2001-07-09T12:00,26.4,82,1.8,1007.7,5.4
2001-07-09T13:00,26.8,80,2.7,1007.3,8.5
2001-07-09T14:00,25.6,85,8.5,1006.8,9.6
2001-07-09T15:00,25.0,87,2.9,1006.5,8.3
2001-07-09T16:00,24.4,94,3.8,1006.6,5.2
2001-07-09T17:00,23.8,99,2.4,1006.8,3.2
2001-07-09T18:00,23.6,99,1.8,1006.9,1.5
2001-07-09T19:00,23.6,97,1.2,1007.0,1.5
2001-07-09T20:00,22.9,98,0.8,1007.2,2.4
2001-07-09T21:00,22.5,99,0.6,1007.7,3.1
2001-07-09T22:00,22.5,99,0.7,1008.4,3.9
2001-07-09T23:00,22.4,99,0.6,1008.5,4.1
2001-07-10T00:00,22.2,99,0.8,1008.3,4.0
2001-07-10T01:00,22.1,99,0.7,1007.4,3.6
2001-07-10T02:00,22.0,99,0.0,1006.5,3.5
2001-07-10T03:00,22.0,97,0.0,1005.7,5.2
2001-07-10T04:00,22.0,96,0.0,1005.3,3.9
2001-07-10T05:00,21.7,97,0.0,1005.3,6.2
2001-07-10T06:00,21.4,99,0.1,1005.7,4.4
2001-07-10T07:00,21.6,98,0.3,1006.7,3.1
2001-07-10T08:00,22.4,97,0.2,1007.2,2.6
2001-07-10T09:00,24.3,90,0.1,1007.7,2.6
2001-07-10T10:00,24.5,89,0.2,1007.7,4.5
2001-07-10T11:00,25.7,85,0.2,1007.9,5.2
2001-07-10T12:00,25.4,88,2.7,1007.8,7.2
2001-07-10T13:00,25.0,91,5.3,1007.9,5.9
2001-07-10T14:00,25.6,87,1.8,1007.0,3.9
2001-07-10T15:00,25.6,90,1.0,1006.2,3.5
2001-07-10T16:00,26.0,86,0.3,1005.1,2.2
2001-07-10T17:00,25.9,85,0.1,1005.2,2.2
2001-07-10T18:00,24.9,89,1.4,1005.6,3.6
2001-07-10T19:00,23.8,92,3.0,1006.9,2.6
2001-07-10T20:00,22.8,95,1.7,1007.6,1.4
2001-07-10T21:00,22.3,99,1.4,1007.7,1.9
2001-07-10T22:00,22.1,99,1.2,1008.2,2.6
2001-07-10T23:00,21.8,99,1.3,1008.3,4.2
2001-07-11T00:00,21.7,99,0.9,1008.2,4.7
2001-07-11T01:00,21.7,99,0.7,1007.3,5.4
2001-07-11T02:00,21.7,99,0.3,1006.8,4.7
2001-07-11T03:00,21.3,99,0.2,1006.2,4.4
2001-07-11T04:00,21.1,99,0.2,1005.8,4.7
2001-07-11T05:00,21.1,99,0.4,1007.0,4.2
2001-07-11T06:00,21.1,99,0.0,1007.4,2.6
2001-07-11T07:00,21.6,99,0.0,1008.0,3.2
2001-07-11T08:00,23.4,97,0.1,1008.3,3.8
2001-07-11T09:00,23.8,92,0.0,1008.4,3.6
2001-07-11T10:00,25.8,84,0.0,1008.6,4.0
2001-07-11T11:00,26.5,78,0.0,1008.2,3.8
2001-07-11T12:00,27.2,74,0.1,1007.6,3.9
2001-07-11T13:00,28.0,74,0.2,1006.6,6.0
2001-07-11T14:00,27.3,76,0.3,1005.9,9.3
2001-07-11T15:00,25.9,83,0.8,1005.5,8.3
2001-07-11T16:00,25.6,83,1.5,1005.4,5.2
2001-07-11T17:00,24.6,90,1.5,1005.6,3.4
2001-07-11T18:00,24.0,92,0.9,1006.0,2.2
2001-07-11T19:00,23.8,94,0.6,1006.3,1.8
2001-07-11T20:00,23.6,94,0.4,1006.9,2.4
2001-07-11T21:00,23.4,94,0.2,1007.5,2.9
2001-07-11T22:00,23.3,93,0.0,1008.1,3.2
2001-07-11T23:00,22.9,94,0.0,1008.3,3.3
2001-07-12T00:00,22.5,95,0.0,1008.4,2.8
2001-07-12T01:00,22.0,96,0.0,1008.3,3.3
2001-07-12T02:00,21.7,98,0.1,1008.0,3.7
2001-07-12T03:00,21.5,99,0.0,1007.6,5.1
2001-07-12T04:00,21.4,99,0.4,1007.1,5.1
2001-07-12T05:00,21.3,99,0.0,1007.4,5.1
2001-07-12T06:00,21.0,99,0.0,1007.3,5.9
2001-07-12T07:00,21.7,96,0.0,1007.6,5.2
2001-07-12T08:00,23.8,94,0.0,1008.2,3.9
2001-07-12T09:00,25.3,86,0.0,1008.4,2.5
2001-07-12T10:00,26.7,78,0.0,1008.6,3.7
2001-07-12T11:00,28.3,69,0.0,1008.4,4.3
2001-07-12T12:00,28.9,68,0.0,1008.0,4.7
2001-07-12T13:00,29.3,66,0.3,1006.7,4.1
2001-07-12T14:00,28.7,69,0.9,1006.5,2.2
2001-07-12T15:00,27.8,73,0.9,1005.6,3.7
2001-07-12T16:00,27.5,75,0.1,1005.7,1.4
2001-07-12T17:00,27.0,79,0.0,1005.5,4.7
2001-07-12T18:00,26.4,81,0.0,1005.7,2.6
2001-07-12T19:00,25.6,91,0.0,1006.1,1.1
2001-07-12T20:00,25.6,84,0.0,1006.8,1.0
2001-07-12T21:00,24.3,92,0.1,1007.3,1.0
2001-07-12T22:00,24.4,90,0.2,1007.9,1.8
2001-07-12T23:00,23.6,93,0.3,1008.0,1.8
2001-07-13T00:00,23.2,94,0.4,1007.6,3.2
2001-07-13T01:00,23.1,93,0.4,1006.9,3.9
2001-07-13T02:00,22.9,94,0.0,1006.4,4.6
2001-07-13T03:00,22.4,94,0.2,1005.9,4.7
2001-07-13T04:00,22.6,93,0.6,1006.1,5.4
2001-07-13T05:00,22.1,93,1.9,1006.4,6.8
2001-07-13T06:00,22.1,93,1.6,1006.2,5.8
2001-07-13T07:00,22.3,93,0.8,1006.8,4.7
2001-07-13T08:00,23.7,90,0.0,1007.4,2.9
2001-07-13T09:00,24.8,87,0.0,1007.7,1.1
2001-07-13T10:00,26.1,80,0.0,1007.8,2.5
2001-07-13T11:00,27.1,78,0.1,1007.6,1.8
2001-07-13T12:00,27.7,75,1.5,1007.1,1.8
2001-07-13T13:00,27.1,79,2.4,1006.5,2.9
2001-07-13T14:00,27.8,75,1.9,1006.4,3.6
2001-07-13T15:00,27.4,79,0.3,1005.7,1.5
2001-07-13T16:00,26.9,82,0.9,1005.2,1.8
2001-07-13T17:00,25.9,85,1.4,1005.1,0.8
2001-07-13T18:00,24.9,92,0.7,1005.2,1.8
2001-07-13T19:00,24.5,94,0.0,1005.6,2.9
2001-07-13T20:00,24.3,94,0.0,1006.4,2.4
2001-07-13T21:00,24.1,94,0.0,1006.7,3.2
2001-07-13T22:00,23.7,94,0.0,1007.2,3.1
2001-07-13T23:00,23.2,96,0.0,1007.6,2.6
2001-07-14T00:00,22.9,95,0.0,1007.6,1.0
2001-07-14T01:00,22.1,97,0.2,1006.7,3.4
2001-07-14T02:00,22.5,95,0.2,1005.9,4.7
2001-07-14T03:00,22.3,96,0.0,1005.0,5.5
2001-07-14T04:00,22.4,95,0.0,1005.2,4.5
2001-07-14T05:00,22.2,96,0.0,1005.4,5.4
2001-07-14T06:00,21.7,98,1.0,1005.9,5.2
2001-07-14T07:00,22.3,97,0.2,1006.1,7.3
2001-07-14T08:00,23.4,91,0.0,1005.6,5.9
2001-07-14T09:00,25.2,84,0.0,1005.6,3.4
2001-07-14T10:00,27.1,76,0.0,1005.5,2.1
2001-07-14T11:00,28.5,71,0.0,1005.9,1.3
2001-07-14T12:00,29.3,68,1.2,1006.0,3.6
2001-07-14T13:00,28.9,70,1.5,1005.3,3.1
2001-07-14T14:00,27.2,78,4.3,1005.3,3.6
2001-07-14T15:00,25.0,89,4.0,1004.9,5.1
2001-07-14T16:00,24.7,88,1.1,1005.0,6.8
2001-07-14T17:00,24.5,90,0.2,1005.5,4.9
2001-07-14T18:00,24.1,92,0.0,1006.0,5.1
2001-07-14T19:00,23.8,91,0.0,1006.7,4.2
2001-07-14T20:00,23.4,94,0.0,1006.9,4.3
2001-07-14T21:00,23.0,96,0.0,1007.3,4.5
2001-07-14T22:00,22.8,95,0.0,1007.5,4.0
2001-07-14T23:00,22.5,95,0.0,1007.2,3.8
2001-07-15T00:00,22.3,95,0.0,1006.7,3.6
2001-07-15T01:00,22.3,95,0.0,1006.2,2.6
2001-07-15T02:00,21.9,95,0.0,1005.9,3.0
2001-07-15T03:00,21.0,97,0.0,1005.7,3.9
2001-07-15T04:00,20.6,97,0.0,1005.2,4.1
2001-07-15T05:00,20.5,96,0.0,1005.3,5.2
2001-07-15T06:00,20.5,96,0.0,1005.5,4.1
2001-07-15T07:00,20.9,95,0.2,1006.4,4.0
2001-07-15T08:00,23.7,93,0.3,1007.3,3.6
2001-07-15T09:00,25.0,86,0.5,1007.7,1.1
2001-07-15T10:00,26.2,81,0.2,1008.1,3.4
2001-07-15T11:00,27.1,80,1.0,1007.9,3.7
2001-07-15T12:00,27.3,80,0.6,1007.0,4.8
2001-07-15T13:00,27.3,80,0.2,1005.7,6.9
2001-07-15T14:00,28.1,76,0.0,1004.5,10.0
2001-07-15T15:00,27.2,80,0.6,1004.1,11.3
2001-07-15T16:00,26.0,83,3.2,1004.8,8.3
2001-07-15T17:00,25.5,87,1.3,1005.0,5.9
2001-07-15T18:00,25.1,90,0.8,1005.7,2.3
2001-07-15T19:00,24.4,92,0.5,1005.9,1.1
2001-07-15T20:00,24.3,93,0.0,1006.3,2.1
2001-07-15T21:00,24.1,94,0.0,1006.4,1.5
2001-07-15T22:00,23.9,96,0.0,1007.0,0.4
2001-07-15T23:00,23.8,96,0.0,1007.0,1.0
2001-07-16T00:00,23.8,96,0.0,1007.2,0.4
2001-07-16T01:00,24.5,88,0.0,1006.9,0.7
2001-07-16T02:00,22.9,96,0.0,1006.9,1.1
2001-07-16T03:00,22.4,97,0.0,1006.4,1.8
2001-07-16T04:00,22.2,97,0.0,1006.4,2.2
2001-07-16T05:00,22.2,98,0.0,1006.6,4.5
2001-07-16T06:00,21.8,98,0.2,1007.3,4.7
2001-07-16T07:00,22.7,97,0.2,1007.6,3.6
2001-07-16T08:00,25.0,88,0.3,1008.4,2.7
2001-07-16T09:00,25.2,87,0.3,1008.8,2.9
2001-07-16T10:00,26.3,84,0.6,1009.0,4.6
2001-07-16T11:00,26.8,81,0.7,1008.7,5.6
2001-07-16T12:00,27.6,78,0.0,1008.4,6.6
2001-07-16T13:00,28.3,75,0.3,1007.5,6.9
2001-07-16T14:00,26.7,81,1.3,1006.4,5.9
2001-07-16T15:00,27.1,80,0.7,1005.6,5.9
2001-07-16T16:00,26.8,80,1.6,1005.6,4.1
2001-07-16T17:00,26.3,83,1.6,1005.6,3.1
2001-07-16T18:00,25.6,86,0.5,1005.7,2.5
2001-07-16T19:00,25.1,89,0.0,1005.7,2.2
2001-07-16T20:00,24.5,92,0.0,1006.2,1.1
2001-07-16T21:00,24.1,94,0.0,1006.5,1.8
2001-07-16T22:00,23.9,93,0.0,1007.2,1.1
2001-07-16T23:00,23.6,93,0.0,1007.4,2.2
2001-07-17T00:00,23.1,95,0.1,1007.2,4.0
2001-07-17T01:00,23.0,95,0.0,1006.3,4.1
2001-07-17T02:00,22.8,95,0.3,1005.7,4.4
2001-07-17T03:00,22.6,95,0.5,1005.1,4.5
2001-07-17T04:00,22.5,94,0.6,1004.6,4.7
2001-07-17T05:00,22.3,94,0.7,1005.2,5.4
2001-07-17T06:00,22.2,94,1.2,1005.6,5.9
2001-07-17T07:00,22.4,94,1.6,1006.1,5.2
2001-07-17T08:00,24.4,91,2.1,1006.9,3.3
2001-07-17T09:00,25.3,86,0.7,1006.7,2.2
2001-07-17T10:00,26.4,80,0.0,1006.8,0.5
2001-07-17T11:00,27.8,72,0.0,1006.6,1.5
2001-07-17T12:00,28.6,69,0.0,1006.2,2.3
2001-07-17T13:00,29.1,66,0.1,1006.0,3.3
2001-07-17T14:00,28.0,73,1.1,1005.6,5.1
2001-07-17T15:00,27.2,76,0.8,1006.1,5.1
2001-07-17T16:00,25.4,86,2.1,1005.7,3.7
2001-07-17T17:00,24.8,88,0.6,1006.1,3.8
2001-07-17T18:00,24.5,91,0.0,1005.3,0.7
2001-07-17T19:00,24.4,91,0.0,1005.7,0.4
2001-07-17T20:00,23.5,95,0.0,1005.7,1.6
2001-07-17T21:00,23.3,94,0.0,1006.3,3.2
2001-07-17T22:00,22.3,96,0.0,1006.3,4.7
2001-07-17T23:00,22.0,95,0.0,1006.0,5.4
2001-07-18T00:00,22.3,93,0.0,1005.8,6.1
2001-07-18T01:00,21.9,94,0.1,1005.2,6.2
2001-07-18T02:00,21.2,95,0.0,1004.2,6.1
2001-07-18T03:00,21.2,94,0.0,1003.8,5.4
2001-07-18T04:00,21.2,93,0.0,1003.9,5.2
2001-07-18T05:00,21.3,92,0.3,1003.2,6.5
2001-07-18T06:00,21.4,92,0.2,1003.1,6.2
2001-07-18T07:00,21.5,92,0.2,1003.6,6.2
2001-07-18T08:00,23.8,89,0.4,1004.4,2.7
2001-07-18T09:00,25.0,83,0.6,1005.1,1.1
2001-07-18T10:00,25.8,80,3.2,1005.8,3.3
2001-07-18T11:00,27.1,74,5.0,1005.9,4.0
2001-07-18T12:00,25.7,82,5.6,1005.6,4.5
2001-07-18T13:00,25.2,86,1.8,1005.0,3.6
2001-07-18T14:00,24.3,96,9.5,1004.1,1.9
2001-07-18T15:00,23.9,99,11.3,1003.4,1.5
2001-07-18T16:00,24.0,99,12.6,1003.1,3.5
2001-07-18T17:00,23.9,99,12.1,1003.1,3.6
2001-07-18T18:00,23.6,99,11.4,1004.2,1.1
2001-07-18T19:00,23.3,99,8.3,1004.8,2.3
2001-07-18T20:00,22.9,99,6.0,1005.6,1.8
2001-07-18T21:00,22.9,98,6.1,1006.4,2.2
2001-07-18T22:00,23.0,97,8.2,1006.8,3.3
2001-07-18T23:00,22.8,98,7.8,1006.7,3.1
2001-07-19T00:00,22.5,98,7.7,1006.8,4.0
2001-07-19T01:00,22.5,98,6.8,1006.4,5.4
2001-07-19T02:00,22.1,99,4.7,1005.8,4.1
2001-07-19T03:00,22.0,100,3.6,1005.0,2.0
2001-07-19T04:00,21.9,99,1.9,1004.8,1.9
2001-07-19T05:00,21.6,99,0.6,1005.7,1.4
2001-07-19T06:00,21.3,99,0.3,1005.6,2.2
2001-07-19T07:00,21.6,99,0.7,1006.6,4.0
2001-07-19T08:00,23.2,99,1.4,1007.3,4.8
2001-07-19T09:00,23.6,96,0.7,1007.5,4.3
2001-07-19T10:00,29.1,70,1.0,1008.3,4.2
2001-07-19T11:00,27.1,80,1.4,1007.8,3.1
2001-07-19T12:00,25.3,88,3.9,1007.2,4.8
2001-07-19T13:00,24.9,94,3.7,1006.5,6.3
2001-07-19T14:00,24.7,89,0.8,1005.8,6.3
2001-07-19T15:00,24.7,89,1.4,1006.0,3.9
2001-07-19T16:00,24.3,91,0.6,1005.3,6.0
2001-07-19T17:00,23.8,94,1.8,1005.4,3.5
2001-07-19T18:00,23.1,99,0.5,1005.8,3.6
2001-07-19T19:00,22.7,99,0.2,1006.1,3.6
2001-07-19T20:00,22.4,98,0.0,1006.4,4.1
2001-07-19T21:00,22.1,99,0.0,1007.2,2.9
2001-07-19T22:00,22.5,95,0.0,1008.0,3.9
2001-07-19T23:00,22.4,95,0.0,1008.1,5.3
2001-07-20T00:00,22.3,95,0.0,1007.8,5.8
2001-07-20T01:00,22.4,94,0.0,1007.3,6.2
2001-07-20T02:00,22.3,95,0.0,1006.7,6.0
2001-07-20T03:00,22.1,95,0.0,1005.8,6.0
2001-07-20T04:00,22.0,94,0.0,1005.4,5.8
2001-07-20T05:00,22.1,93,0.0,1006.3,5.8
2001-07-20T06:00,22.1,93,0.0,1006.6,5.7
2001-07-20T07:00,22.2,93,0.0,1006.9,5.9
2001-07-20T08:00,23.1,94,0.0,1007.6,3.4
2001-07-20T09:00,24.5,88,0.2,1008.0,2.4
2001-07-20T10:00,25.4,84,0.1,1008.3,2.6
2001-07-20T11:00,26.5,79,0.3,1008.0,3.9
2001-07-20T12:00,26.9,78,2.9,1007.6,4.6
2001-07-20T13:00,26.0,82,3.1,1007.2,5.8
2001-07-20T14:00,26.9,78,0.9,1006.2,6.5
2001-07-20T15:00,25.7,83,3.4,1005.7,5.9
2001-07-20T16:00,25.1,86,1.8,1006.0,1.8
2001-07-20T17:00,24.8,87,1.0,1005.7,0.5
2001-07-20T18:00,24.5,91,0.8,1005.9,1.8
2001-07-20T19:00,24.1,92,0.1,1006.3,3.1
2001-07-20T20:00,23.6,93,0.0,1005.9,3.7
2001-07-20T21:00,23.3,94,0.0,1006.6,3.3
2001-07-20T22:00,23.0,94,0.0,1007.4,3.9
2001-07-20T23:00,22.7,94,0.0,1007.7,3.4
2001-07-21T00:00,22.5,94,0.0,1007.4,4.0
2001-07-21T01:00,22.3,94,0.0,1006.4,4.7
2001-07-21T02:00,22.0,96,0.0,1005.6,4.0
2001-07-21T03:00,22.2,94,0.5,1005.2,4.0
2001-07-21T04:00,22.1,94,0.4,1005.0,5.2
2001-07-21T05:00,21.2,99,1.2,1005.2,4.4
2001-07-21T06:00,21.1,99,2.7,1006.0,4.3
2001-07-21T07:00,21.3,98,2.0,1006.2,4.0
2001-07-21T08:00,24.2,91,1.1,1006.6,2.6
2001-07-21T09:00,24.3,86,0.9,1007.0,1.5
2001-07-21T10:00,25.6,81,0.3,1007.3,2.2
2001-07-21T11:00,26.6,76,0.9,1007.2,1.5
2001-07-21T12:00,26.8,75,1.7,1006.8,1.3
2001-07-21T13:00,26.7,76,0.9,1006.4,1.6
2001-07-21T14:00,26.2,80,1.7,1005.7,4.6
2001-07-21T15:00,25.4,85,2.1,1005.3,3.1
2001-07-21T16:00,24.8,91,2.1,1005.2,2.6
2001-07-21T17:00,24.2,92,0.5,1005.8,3.3
2001-07-21T18:00,23.8,99,0.7,1005.8,1.9
2001-07-21T19:00,23.3,99,0.7,1005.7,1.8
2001-07-21T20:00,23.8,94,0.2,1006.4,4.1
2001-07-21T21:00,22.7,97,1.6,1007.4,2.2
2001-07-21T22:00,22.7,93,1.9,1008.1,1.5
2001-07-21T23:00,21.9,99,0.9,1007.7,4.0
2001-07-22T00:00,21.8,99,0.4,1007.8,5.1
2001-07-22T01:00,21.8,99,0.3,1006.8,5.4
2001-07-22T02:00,21.5,99,0.7,1006.4,5.4
2001-07-22T03:00,21.6,99,0.6,1006.1,3.6
2001-07-22T04:00,21.6,99,0.5,1006.1,2.9
2001-07-22T05:00,21.5,99,0.6,1006.2,6.6
2001-07-22T06:00,21.5,99,0.7,1005.9,7.8
2001-07-22T07:00,21.5,99,0.5,1006.1,8.3
2001-07-22T08:00,22.2,99,0.4,1006.6,7.1
2001-07-22T09:00,23.3,99,0.4,1007.1,3.9
2001-07-22T10:00,24.5,91,0.4,1007.4,2.8
2001-07-22T11:00,25.8,86,0.2,1007.4,5.4
2001-07-22T12:00,26.7,80,0.0,1007.1,6.4
2001-07-22T13:00,27.5,76,0.0,1007.0,8.2
2001-07-22T14:00,26.2,80,2.3,1006.8,9.3
2001-07-22T15:00,25.6,85,0.5,1006.0,5.1
2001-07-22T16:00,25.8,84,0.0,1006.0,5.8
2001-07-22T17:00,26.0,84,0.0,1005.5,4.8
2001-07-22T18:00,25.7,86,0.0,1005.6,4.5
2001-07-22T19:00,25.0,89,0.0,1005.9,4.0
2001-07-22T20:00,24.4,90,0.0,1006.2,3.2
2001-07-22T21:00,23.8,92,0.0,1007.0,3.6
2001-07-22T22:00,23.2,95,0.0,1007.2,3.8
2001-07-22T23:00,22.9,96,0.0,1007.4,2.8
2001-07-23T00:00,22.7,96,0.0,1007.7,2.4
2001-07-23T01:00,22.3,96,0.0,1007.2,3.1
2001-07-23T02:00,22.2,96,0.0,1007.1,3.8
2001-07-23T03:00,22.4,95,0.1,1006.7,4.8
2001-07-23T04:00,22.5,94,0.0,1006.3,5.7
2001-07-23T05:00,22.4,94,0.2,1007.2,5.3
2001-07-23T06:00,22.2,93,0.0,1006.7,4.7
2001-07-23T07:00,22.1,94,0.0,1007.2,5.0
2001-07-23T08:00,23.9,93,0.0,1007.6,2.6
2001-07-23T09:00,25.5,84,0.0,1008.0,2.3
2001-07-23T10:00,26.9,78,0.0,1008.1,4.9
2001-07-23T11:00,28.1,73,0.0,1007.9,6.4
2001-07-23T12:00,28.4,73,0.1,1007.4,7.2
2001-07-23T13:00,28.7,73,0.2,1006.9,8.0
2001-07-23T14:00,28.2,76,1.0,1006.3,8.3
2001-07-23T15:00,26.6,79,3.6,1006.3,5.4
2001-07-23T16:00,25.6,86,1.7,1005.7,2.2
2001-07-23T17:00,24.8,88,0.2,1005.6,3.5
2001-07-23T18:00,24.4,89,0.0,1005.4,2.5
2001-07-23T19:00,24.1,91,0.0,1005.6,2.9
2001-07-23T20:00,23.5,95,0.0,1006.3,2.6
2001-07-23T21:00,23.0,96,0.0,1006.8,1.5
2001-07-23T22:00,23.0,96,0.0,1007.4,1.4
2001-07-23T23:00,23.0,96,0.0,1007.5,1.5
2001-07-24T00:00,23.1,95,0.0,1007.3,2.2
2001-07-24T01:00,22.6,94,0.0,1006.8,3.3
2001-07-24T02:00,22.4,96,0.0,1006.4,3.9
2001-07-24T03:00,22.0,96,0.0,1005.8,4.5
2001-07-24T04:00,21.9,96,0.0,1005.5,4.6
2001-07-24T05:00,21.6,95,0.0,1005.7,6.5
2001-07-24T06:00,21.6,95,0.1,1006.0,6.1
2001-07-24T07:00,21.9,94,0.3,1006.5,4.7
2001-07-24T08:00,23.7,89,0.2,1007.3,2.5
2001-07-24T09:00,25.0,84,0.0,1007.7,0.4
2001-07-24T10:00,26.3,77,0.0,1007.4,1.8
2001-07-24T11:00,27.0,74,0.3,1007.6,5.1
2001-07-24T12:00,27.1,76,1.3,1007.1,3.2
2001-07-24T13:00,27.3,78,0.6,1006.3,3.7
2001-07-24T14:00,28.0,72,0.3,1006.0,4.8
2001-07-24T15:00,27.3,76,0.2,1005.2,5.9
2001-07-24T16:00,26.3,80,1.1,1005.1,5.2
2001-07-24T17:00,24.9,87,1.5,1005.6,4.6
2001-07-24T18:00,24.4,91,0.2,1005.4,1.1
2001-07-24T19:00,24.1,92,0.0,1005.1,0.5
2001-07-24T20:00,23.7,93,0.0,1005.9,2.1
2001-07-24T21:00,22.9,96,0.0,1006.4,2.9
2001-07-24T22:00,22.6,95,0.0,1006.5,3.6
2001-07-24T23:00,22.2,95,0.0,1006.5,4.0
2001-07-25T00:00,21.8,96,0.0,1006.5,4.1
2001-07-25T01:00,21.4,96,0.0,1006.5,4.9
2001-07-25T02:00,21.8,94,0.0,1005.9,5.5
2001-07-25T03:00,21.9,94,0.0,1005.6,5.4
2001-07-25T04:00,21.7,93,0.0,1005.5,6.1
2001-07-25T05:00,21.6,93,0.0,1005.3,7.2
2001-07-25T06:00,21.3,92,0.0,1005.8,6.6
2001-07-25T07:00,21.6,92,0.0,1006.1,6.0
2001-07-25T08:00,23.0,93,0.0,1006.9,2.9
2001-07-25T09:00,24.9,85,0.0,1007.6,0.8
2001-07-25T10:00,26.0,79,0.2,1007.7,2.3
2001-07-25T11:00,27.3,73,0.0,1007.7,3.3
2001-07-25T12:00,28.0,70,1.0,1007.0,4.2
2001-07-25T13:00,28.6,69,0.1,1006.5,4.8
2001-07-25T14:00,28.3,70,0.8,1005.7,7.2
2001-07-25T15:00,27.4,76,0.2,1005.4,5.3
2001-07-25T16:00,26.7,78,0.1,1005.0,5.2
2001-07-25T17:00,25.7,84,0.8,1006.2,2.5
2001-07-25T18:00,25.2,88,0.1,1006.4,1.8
2001-07-25T19:00,24.9,89,0.0,1006.5,2.8
2001-07-25T20:00,24.2,93,0.0,1006.7,2.2
2001-07-25T21:00,23.4,94,0.0,1007.2,1.6
2001-07-25T22:00,23.5,93,0.2,1008.3,2.8
2001-07-25T23:00,23.1,94,0.1,1007.8,4.5
2001-07-26T00:00,22.7,95,0.0,1007.1,4.7
2001-07-26T01:00,23.4,90,0.0,1006.6,4.3
2001-07-26T02:00,22.0,95,0.0,1005.8,5.4
2001-07-26T03:00,21.2,96,0.0,1005.2,5.8
2001-07-26T04:00,21.1,96,0.0,1005.5,5.8
2001-07-26T05:00,21.2,96,0.0,1005.7,5.6
2001-07-26T06:00,21.3,95,0.0,1006.7,4.9
2001-07-26T07:00,21.3,96,0.0,1006.5,5.6
2001-07-26T08:00,23.0,95,0.0,1007.5,2.6
2001-07-26T09:00,24.9,87,0.0,1008.5,2.6
2001-07-26T10:00,26.5,78,0.0,1008.7,2.4
2001-07-26T11:00,27.9,72,0.0,1008.6,5.2
2001-07-26T12:00,29.2,66,0.0,1007.7,4.1
2001-07-26T13:00,29.5,64,1.0,1006.8,2.8
2001-07-26T14:00,28.2,72,0.2,1006.9,5.0
2001-07-26T15:00,25.5,83,6.6,1007.1,5.4
2001-07-26T16:00,24.4,91,3.8,1007.6,3.1
2001-07-26T17:00,23.4,94,1.6,1007.8,2.0
2001-07-26T18:00,23.3,94,0.2,1006.9,4.8
2001-07-26T19:00,23.3,94,0.0,1006.2,5.5
2001-07-26T20:00,23.1,93,0.0,1005.5,5.4
2001-07-26T21:00,22.8,95,0.0,1005.6,5.8
2001-07-26T22:00,23.1,92,0.0,1006.3,5.1
2001-07-26T23:00,22.9,93,0.0,1007.4,2.9
2001-07-27T00:00,23.2,91,0.0,1008.4,0.8
2001-07-27T01:00,22.1,95,0.2,1008.6,1.5
2001-07-27T02:00,20.8,99,0.3,1008.3,2.5
2001-07-27T03:00,21.0,99,0.4,1007.7,2.5
2001-07-27T04:00,20.8,98,0.5,1007.4,1.4
2001-07-27T05:00,21.0,98,0.7,1008.1,1.8
2001-07-27T06:00,20.9,98,0.4,1008.4,2.5
2001-07-27T07:00,20.7,99,0.1,1009.0,3.4
2001-07-27T08:00,23.0,94,0.0,1009.7,2.3
2001-07-27T09:00,24.3,88,0.0,1010.0,2.8
2001-07-27T10:00,25.4,82,0.0,1009.8,3.0
2001-07-27T11:00,26.8,73,0.2,1009.7,4.5
2001-07-27T12:00,27.5,70,0.2,1008.8,5.7
2001-07-27T13:00,27.2,73,1.2,1008.5,6.6
2001-07-27T14:00,27.0,73,1.4,1008.1,6.4
2001-07-27T15:00,25.7,81,2.6,1007.6,5.2
2001-07-27T16:00,25.7,82,1.1,1006.9,4.7
2001-07-27T17:00,25.4,85,0.8,1006.3,3.9
2001-07-27T18:00,25.0,86,0.0,1006.6,2.3
2001-07-27T19:00,24.6,89,0.0,1007.0,2.6
2001-07-27T20:00,24.3,89,0.0,1007.4,0.8
2001-07-27T21:00,23.7,92,0.0,1008.1,1.5
2001-07-27T22:00,23.3,92,0.0,1008.6,1.8
2001-07-27T23:00,22.2,95,0.0,1008.9,3.2
2001-07-28T00:00,21.7,96,0.0,1009.0,4.0
2001-07-28T01:00,21.4,95,0.0,1008.4,4.4
2001-07-28T02:00,21.7,95,0.1,1008.0,5.1
2001-07-28T03:00,21.3,95,0.3,1007.7,5.4
2001-07-28T04:00,21.2,95,0.4,1007.4,5.8
2001-07-28T05:00,20.8,95,0.5,1007.6,6.1
2001-07-28T06:00,20.9,94,1.6,1008.3,6.2
2001-07-28T07:00,21.4,92,0.9,1008.8,6.3
2001-07-28T08:00,23.1,90,0.0,1009.4,4.8
2001-07-28T09:00,25.0,80,0.0,1009.7,1.4
2001-07-28T10:00,26.7,74,0.0,1009.4,1.5
2001-07-28T11:00,28.1,69,0.0,1009.2,1.1
2001-07-28T12:00,29.0,65,0.0,1008.5,1.9
2001-07-28T13:00,29.3,64,0.5,1008.0,4.7
2001-07-28T14:00,28.7,67,0.1,1007.4,5.8
2001-07-28T15:00,27.5,72,1.6,1006.9,5.2
2001-07-28T16:00,27.0,76,0.0,1006.8,3.2
2001-07-28T17:00,25.9,84,0.9,1006.5,3.3
2001-07-28T18:00,25.6,84,0.1,1006.4,3.0
2001-07-28T19:00,25.2,87,0.0,1007.0,2.9
2001-07-28T20:00,24.5,92,0.0,1007.2,2.1
2001-07-28T21:00,24.1,91,0.0,1007.6,2.2
2001-07-28T22:00,23.6,92,0.0,1007.9,4.0
2001-07-28T23:00,23.1,93,0.0,1007.9,5.0
2001-07-29T00:00,22.7,93,0.0,1007.5,5.1
2001-07-29T01:00,22.3,94,0.1,1007.0,5.0
2001-07-29T02:00,22.0,93,0.0,1006.8,5.4
2001-07-29T03:00,22.0,93,0.2,1006.4,6.5
2001-07-29T04:00,22.1,91,0.7,1006.1,6.5
2001-07-29T05:00,22.3,89,2.2,1006.9,7.3
2001-07-29T06:00,22.2,90,1.4,1006.9,6.1
2001-07-29T07:00,22.2,91,0.0,1006.9,5.8
2001-07-29T08:00,24.3,85,0.0,1007.5,4.0
2001-07-29T09:00,25.6,78,0.0,1007.5,0.4
2001-07-29T10:00,26.6,75,0.0,1007.6,0.4
2001-07-29T11:00,27.7,72,0.0,1007.5,1.3
2001-07-29T12:00,28.5,70,1.4,1007.5,1.8
2001-07-29T13:00,28.4,72,1.6,1006.5,3.5
2001-07-29T14:00,28.5,72,0.4,1005.9,3.7
2001-07-29T15:00,27.9,75,1.7,1005.4,3.2
2001-07-29T16:00,26.1,81,1.6,1005.2,2.3
2001-07-29T17:00,24.8,88,1.7,1005.1,3.2
2001-07-29T18:00,24.6,91,0.0,1005.5,1.0
2001-07-29T19:00,24.6,89,0.0,1005.7,1.1
2001-07-29T20:00,24.5,89,0.0,1006.4,0.5
2001-07-29T21:00,24.1,91,0.0,1006.9,1.8
2001-07-29T22:00,23.1,94,0.0,1007.5,2.2
2001-07-29T23:00,22.7,94,0.0,1007.6,3.1
2001-07-30T00:00,23.0,92,0.3,1007.6,4.3
2001-07-30T01:00,22.9,93,0.4,1006.8,3.9
2001-07-30T02:00,22.4,95,0.0,1006.2,4.2
2001-07-30T03:00,22.4,94,0.0,1005.7,4.8
2001-07-30T04:00,22.2,93,0.2,1005.0,4.9
2001-07-30T05:00,22.1,93,0.3,1004.9,7.2
2001-07-30T06:00,21.9,94,0.4,1005.4,5.4
2001-07-30T07:00,21.9,93,0.3,1005.8,5.1
2001-07-30T08:00,24.0,90,0.2,1006.5,2.5
2001-07-30T09:00,25.2,83,0.0,1006.8,1.1
2001-07-30T10:00,26.3,77,0.0,1007.3,1.8
2001-07-30T11:00,27.1,74,0.1,1007.1,3.1
2001-07-30T12:00,28.1,70,0.3,1007.0,2.0
2001-07-30T13:00,27.6,71,2.1,1006.5,2.7
2001-07-30T14:00,26.7,77,0.5,1005.4,2.6
2001-07-30T15:00,26.6,77,0.1,1004.1,3.6
2001-07-30T16:00,26.9,76,0.0,1003.2,3.8
2001-07-30T17:00,26.8,77,0.0,1003.8,4.9
2001-07-30T18:00,26.1,82,0.4,1004.9,3.6
2001-07-30T19:00,25.4,87,0.7,1005.9,3.3
2001-07-30T20:00,24.7,90,0.4,1006.1,2.7
2001-07-30T21:00,24.1,93,0.0,1006.6,2.3
2001-07-30T22:00,24.0,89,0.7,1007.7,2.4
2001-07-30T23:00,23.0,91,0.7,1008.3,2.3
2001-07-31T00:00,22.7,92,0.0,1007.6,4.2
2001-07-31T01:00,22.7,93,0.0,1005.7,5.8
2001-07-31T02:00,22.6,91,0.0,1005.0,4.7
2001-07-31T03:00,22.6,92,0.0,1004.8,4.0
2001-07-31T04:00,21.9,93,0.0,1005.1,4.5
2001-07-31T05:00,21.4,95,0.0,1005.0,6.1
2001-07-31T06:00,21.5,94,0.0,1005.2,5.4
2001-07-31T07:00,21.6,94,0.0,1005.5,5.0
2001-07-31T08:00,23.5,92,0.0,1006.6,2.9
2001-07-31T09:00,24.9,89,0.3,1007.2,0.8
2001-07-31T10:00,26.1,78,0.8,1007.6,1.8
2001-07-31T11:00,26.7,75,4.9,1007.5,3.8
2001-07-31T12:00,27.5,75,1.2,1006.6,5.6
2001-07-31T13:00,27.7,76,0.0,1006.6,6.2
2001-07-31T14:00,26.4,81,2.1,1006.4,4.7
2001-07-31T15:00,26.4,83,0.2,1005.1,2.6
2001-07-31T16:00,26.3,85,0.0,1004.7,2.9
2001-07-31T17:00,26.3,84,0.1,1004.5,3.5
2001-07-31T18:00,25.7,87,0.0,1004.5,2.6
2001-07-31T19:00,25.4,89,0.0,1005.2,1.8
2001-07-31T20:00,24.8,93,0.0,1006.0,0.4
2001-07-31T21:00,25.2,88,0.0,1006.5,1.8
2001-07-31T22:00,24.9,88,0.0,1007.0,2.5
2001-07-31T23:00,23.9,92,0.0,1007.0,3.2
2001-08-01T00:00,23.1,94,0.0,1007.0,3.6
2001-08-01T01:00,22.6,95,0.0,1006.8,4.0
2001-08-01T02:00,22.5,95,0.0,1006.4,4.7
2001-08-01T03:00,22.2,95,0.0,1006.0,5.5
2001-08-01T04:00,22.3,94,0.0,1005.7,6.2
2001-08-01T05:00,22.0,94,0.0,1006.0,6.5
2001-08-01T06:00,21.6,94,0.2,1006.0,5.9
2001-08-01T07:00,21.9,93,0.2,1006.4,5.4
2001-08-01T08:00,24.1,90,0.0,1007.2,3.6
2001-08-01T09:00,25.8,82,0.0,1007.7,0.8
2001-08-01T10:00,27.3,76,0.2,1008.1,2.5
2001-08-01T11:00,28.5,72,0.0,1007.8,2.7
2001-08-01T12:00,29.2,70,1.1,1007.2,3.6
2001-08-01T13:00,29.5,70,0.0,1006.5,4.5
2001-08-01T14:00,28.7,72,1.8,1006.1,4.5
2001-08-01T15:00,27.8,76,1.0,1006.0,1.6
2001-08-01T16:00,26.4,83,0.6,1005.4,2.2
2001-08-01T17:00,25.0,89,1.3,1006.1,3.3
2001-08-01T18:00,24.7,90,0.0,1006.0,2.4
2001-08-01T19:00,24.5,91,0.0,1006.2,1.3
2001-08-01T20:00,24.3,91,0.0,1006.5,1.9
2001-08-01T21:00,24.1,91,0.0,1006.8,1.1
2001-08-01T22:00,24.0,91,0.0,1007.8,2.9
2001-08-01T23:00,23.9,91,0.0,1007.5,2.8
2001-08-02T00:00,23.8,91,0.0,1007.1,2.9
2001-08-02T01:00,23.6,91,0.0,1006.6,3.3
2001-08-02T02:00,22.6,93,0.0,1006.0,3.4
2001-08-02T03:00,22.3,94,0.0,1005.5,3.8
2001-08-02T04:00,22.4,93,0.1,1005.4,4.1
2001-08-02T05:00,21.8,94,0.5,1005.9,5.8
2001-08-02T06:00,21.5,93,0.7,1005.9,5.8
2001-08-02T07:00,21.9,92,1.4,1006.7,5.8
2001-08-02T08:00,24.1,90,0.6,1006.9,3.7
2001-08-02T09:00,25.6,82,0.1,1007.3,1.1
2001-08-02T10:00,26.7,77,0.0,1007.4,2.3
2001-08-02T11:00,27.6,75,1.3,1007.6,5.0
2001-08-02T12:00,27.1,78,1.8,1008.0,5.9
2001-08-02T13:00,27.8,76,0.6,1007.7,1.8
2001-08-02T14:00,26.8,83,0.4,1006.4,3.0
2001-08-02T15:00,27.5,78,0.0,1005.8,4.8
2001-08-02T16:00,27.2,79,1.9,1005.2,5.2
2001-08-02T17:00,26.4,80,0.0,1004.9,5.2
2001-08-02T18:00,25.6,85,0.2,1005.8,3.0
2001-08-02T19:00,25.1,88,0.7,1006.4,3.8
2001-08-02T20:00,24.7,88,0.0,1006.7,3.9
2001-08-02T21:00,24.2,93,0.0,1006.4,4.0
2001-08-02T22:00,24.2,91,0.0,1006.9,2.4
2001-08-02T23:00,23.9,92,0.0,1007.6,1.6
2001-08-03T00:00,23.2,94,0.0,1007.3,4.8
2001-08-03T01:00,23.1,93,0.0,1006.9,2.5
2001-08-03T02:00,22.8,95,0.0,1006.7,3.6
2001-08-03T03:00,22.2,96,0.0,1005.9,4.3
2001-08-03T04:00,21.9,97,0.0,1005.4,4.5
2001-08-03T05:00,22.0,96,0.4,1005.2,5.7
2001-08-03T06:00,21.7,97,0.8,1006.0,4.5
2001-08-03T07:00,21.7,97,1.0,1007.2,3.9
2001-08-03T08:00,22.9,96,1.2,1008.1,4.6
2001-08-03T09:00,24.0,91,0.5,1007.9,2.6
2001-08-03T10:00,25.9,83,0.0,1007.8,3.3
2001-08-03T11:00,27.4,75,0.0,1007.8,4.7
2001-08-03T12:00,28.2,72,0.1,1007.3,4.3
2001-08-03T13:00,28.2,75,1.5,1006.7,7.4
2001-08-03T14:00,26.4,85,1.4,1006.6,5.1
2001-08-03T15:00,25.7,90,2.4,1005.6,4.3
2001-08-03T16:00,25.5,87,1.0,1005.1,4.2
2001-08-03T17:00,24.7,89,2.5,1006.8,3.4
2001-08-03T18:00,23.8,95,1.9,1006.8,3.7
2001-08-03T19:00,23.3,96,0.3,1006.9,3.2
2001-08-03T20:00,23.2,95,0.3,1006.7,3.1
2001-08-03T21:00,23.2,96,0.1,1006.7,3.4
2001-08-03T22:00,22.9,98,0.0,1007.5,2.3
2001-08-03T23:00,23.0,98,0.0,1007.6,2.5
2001-08-04T00:00,22.8,98,0.0,1007.6,4.0
2001-08-04T01:00,22.8,99,0.0,1007.3,4.7
2001-08-04T02:00,22.8,92,0.0,1006.6,5.1
2001-08-04T03:00,22.8,93,0.0,1005.9,3.4
2001-08-04T04:00,22.7,93,0.0,1006.0,3.8
2001-08-04T05:00,22.6,93,0.0,1006.1,8.1
2001-08-04T06:00,22.5,93,0.0,1006.6,6.1
2001-08-04T07:00,22.2,96,0.0,1006.6,5.4
2001-08-04T08:00,23.7,93,0.0,1007.0,3.1
2001-08-04T09:00,25.0,86,0.0,1007.4,2.2
2001-08-04T10:00,26.1,80,0.0,1007.7,4.0
2001-08-04T11:00,26.7,78,1.3,1007.9,5.4
2001-08-04T12:00,27.5,76,1.2,1007.6,5.4
2001-08-04T13:00,27.9,75,1.2,1007.3,4.5
2001-08-04T14:00,26.4,83,1.7,1006.7,5.2
2001-08-04T15:00,26.1,85,1.9,1006.0,5.1
2001-08-04T16:00,25.6,87,3.5,1006.0,2.9
2001-08-04T17:00,25.3,87,1.3,1006.5,3.4
2001-08-04T18:00,24.8,90,0.8,1006.5,2.9
2001-08-04T19:00,24.6,87,0.0,1007.2,0.7
2001-08-04T20:00,24.2,89,0.0,1007.5,0.8
2001-08-04T21:00,23.6,91,0.0,1007.5,2.9
2001-08-04T22:00,23.3,93,0.0,1007.7,4.8
2001-08-04T23:00,23.2,93,0.0,1008.0,4.7
2001-08-05T00:00,23.0,94,0.0,1008.3,4.2
2001-08-05T01:00,23.0,94,0.0,1008.1,4.5
2001-08-05T02:00,22.6,94,0.0,1007.7,4.3
2001-08-05T03:00,22.6,94,0.0,1007.3,4.0
2001-08-05T04:00,22.5,94,0.2,1007.4,5.5
2001-08-05T05:00,22.3,95,0.2,1006.8,7.2
2001-08-05T06:00,22.3,94,0.0,1007.3,6.5
2001-08-05T07:00,22.4,95,0.6,1007.0,5.1
2001-08-05T08:00,22.9,97,0.5,1007.9,3.6
2001-08-05T09:00,23.4,95,0.7,1008.4,1.1
2001-08-05T10:00,24.2,91,0.8,1009.0,0.8
2001-08-05T11:00,24.9,88,0.1,1009.0,1.6
2001-08-05T12:00,26.2,81,0.0,1008.4,3.1
2001-08-05T13:00,27.3,75,0.1,1007.9,4.3
2001-08-05T14:00,27.0,78,1.9,1007.2,6.6
2001-08-05T15:00,25.7,83,2.5,1007.4,2.9
2001-08-05T16:00,25.8,85,0.7,1006.7,4.1
2001-08-05T17:00,25.6,86,0.1,1006.5,1.0
2001-08-05T18:00,25.2,89,0.0,1006.5,0.8
2001-08-05T19:00,24.9,90,0.0,1006.9,2.1
2001-08-05T20:00,24.3,93,0.0,1007.1,1.3
2001-08-05T21:00,24.0,94,0.0,1007.7,1.1
2001-08-05T22:00,23.6,94,0.0,1008.4,2.3
2001-08-05T23:00,23.0,95,0.0,1008.4,3.2
2001-08-06T00:00,23.5,92,0.1,1008.6,2.1
2001-08-06T01:00,23.3,91,0.0,1008.3,1.8
2001-08-06T02:00,22.5,94,0.0,1007.6,3.1
2001-08-06T03:00,21.9,96,0.0,1007.1,3.7
2001-08-06T04:00,21.8,96,0.0,1006.5,4.9
2001-08-06T05:00,21.7,96,0.0,1007.2,4.9
2001-08-06T06:00,21.9,95,0.0,1007.1,4.9
2001-08-06T07:00,22.4,95,0.0,1007.4,4.6
2001-08-06T08:00,23.6,94,0.0,1007.9,4.4
2001-08-06T09:00,25.2,86,0.0,1008.2,2.6
2001-08-06T10:00,26.8,77,0.0,1008.2,3.4
2001-08-06T11:00,28.1,71,0.0,1007.9,4.5
2001-08-06T12:00,28.9,68,0.0,1007.6,5.5
2001-08-06T13:00,29.2,69,0.0,1006.9,5.9
2001-08-06T14:00,28.6,74,0.1,1006.3,8.1
2001-08-06T15:00,27.5,77,2.0,1005.8,3.2
2001-08-06T16:00,26.6,80,0.9,1005.3,4.9
2001-08-06T17:00,26.0,84,0.4,1005.6,6.8
2001-08-06T18:00,25.6,86,0.3,1005.7,2.8
2001-08-06T19:00,25.2,88,0.0,1006.2,3.2
2001-08-06T20:00,24.5,91,0.0,1006.6,2.6
2001-08-06T21:00,24.0,93,0.1,1007.3,3.4
2001-08-06T22:00,24.0,91,0.1,1008.2,3.6
2001-08-06T23:00,24.0,90,0.0,1008.0,3.0
2001-08-07T00:00,24.0,89,0.2,1008.0,1.8
2001-08-07T01:00,23.8,90,0.3,1007.4,1.9
2001-08-07T02:00,23.9,90,0.2,1007.1,1.8
2001-08-07T03:00,23.7,90,0.2,1006.5,2.9
2001-08-07T04:00,22.9,94,0.3,1006.1,1.8
2001-08-07T05:00,22.7,95,0.5,1006.4,2.6
2001-08-07T06:00,22.2,98,1.0,1006.5,4.4
2001-08-07T07:00,22.3,98,0.6,1007.0,4.1
2001-08-07T08:00,24.1,96,0.0,1007.3,3.3
2001-08-07T09:00,24.5,88,0.0,1007.4,1.8
2001-08-07T10:00,26.4,80,0.2,1007.9,2.4
2001-08-07T11:00,27.1,77,0.1,1007.6,2.6
2001-08-07T12:00,28.0,72,0.1,1007.3,2.7
2001-08-07T13:00,28.6,70,0.2,1007.5,4.5
2001-08-07T14:00,26.8,80,0.4,1006.7,2.3
2001-08-07T15:00,26.9,80,0.1,1006.0,2.8
2001-08-07T16:00,26.5,81,0.2,1005.3,2.2
2001-08-07T17:00,26.2,82,0.1,1004.9,2.9
2001-08-07T18:00,25.8,85,0.0,1005.0,2.2
2001-08-07T19:00,25.2,88,0.0,1005.1,1.8
2001-08-07T20:00,24.5,92,0.3,1006.0,1.3
2001-08-07T21:00,24.7,88,0.3,1006.6,1.3
2001-08-07T22:00,24.4,88,0.4,1007.4,2.6
2001-08-07T23:00,23.4,93,0.5,1007.8,3.1
2001-08-08T00:00,23.7,91,0.5,1007.6,2.3
2001-08-08T01:00,23.1,93,0.3,1006.5,2.7
2001-08-08T02:00,23.3,92,0.1,1006.2,2.0
2001-08-08T03:00,22.9,92,0.2,1005.7,2.4
2001-08-08T04:00,22.5,94,0.4,1005.6,3.6
2001-08-08T05:00,22.1,96,0.3,1005.1,4.8
2001-08-08T06:00,22.1,96,0.3,1005.3,6.1
2001-08-08T07:00,21.9,97,0.2,1005.6,4.9
2001-08-08T08:00,24.5,90,0.2,1006.7,0.7
2001-08-08T09:00,25.4,83,0.2,1007.3,0.8
2001-08-08T10:00,26.1,80,0.6,1007.7,0.5
2001-08-08T11:00,26.9,79,0.0,1007.4,2.1
2001-08-08T12:00,27.3,78,1.0,1006.9,3.6
2001-08-08T13:00,27.2,79,0.8,1006.2,3.1
2001-08-08T14:00,27.1,76,0.0,1004.7,3.6
2001-08-08T15:00,27.3,75,0.2,1004.1,2.6
2001-08-08T16:00,27.0,77,0.3,1003.7,2.9
2001-08-08T17:00,26.6,80,0.4,1003.9,2.6
2001-08-08T18:00,25.9,85,0.3,1004.4,2.9
2001-08-08T19:00,25.5,88,0.0,1004.9,2.6
2001-08-08T20:00,24.8,90,0.3,1005.1,3.4
2001-08-08T21:00,24.3,92,0.5,1006.1,1.5
2001-08-08T22:00,23.9,93,0.8,1006.8,1.5
2001-08-08T23:00,23.7,94,0.8,1007.0,2.5
2001-08-09T00:00,23.4,94,0.4,1006.6,3.1
2001-08-09T01:00,23.2,95,0.0,1006.1,3.2
2001-08-09T02:00,22.8,94,0.4,1005.8,3.3
2001-08-09T03:00,22.8,94,0.9,1005.4,4.2
2001-08-09T04:00,22.4,96,0.5,1005.3,4.2
2001-08-09T05:00,23.4,89,0.0,1005.5,3.4
2001-08-09T06:00,23.3,90,0.0,1005.9,2.6
2001-08-09T07:00,23.4,89,0.0,1006.4,2.3
2001-08-09T08:00,24.0,94,0.0,1006.8,1.6
2001-08-09T09:00,24.9,88,0.0,1006.9,1.6
2001-08-09T10:00,26.3,80,0.0,1007.1,2.8
2001-08-09T11:00,27.1,76,0.7,1006.9,2.6
2001-08-09T12:00,27.8,73,1.7,1006.7,4.6
2001-08-09T13:00,27.9,74,1.0,1006.2,6.6
2001-08-09T14:00,26.5,81,3.5,1005.7,5.4
2001-08-09T15:00,26.0,88,0.5,1005.6,1.1
2001-08-09T16:00,25.1,94,1.7,1005.0,3.4
2001-08-09T17:00,24.6,96,0.3,1004.8,1.9
2001-08-09T18:00,24.5,96,0.1,1005.3,0.8
2001-08-09T19:00,24.5,95,0.0,1005.8,0.7
2001-08-09T20:00,23.7,98,0.3,1005.8,1.9
2001-08-09T21:00,23.4,97,0.0,1006.1,2.9
2001-08-09T22:00,23.1,97,0.0,1006.5,3.7
2001-08-09T23:00,22.5,99,0.0,1006.5,4.3
2001-08-10T00:00,22.6,99,0.2,1006.3,5.1
2001-08-10T01:00,22.6,99,0.4,1006.2,4.7
2001-08-10T02:00,22.7,99,0.0,1005.4,4.7
2001-08-10T03:00,23.1,95,0.0,1005.2,5.4
2001-08-10T04:00,22.4,98,1.0,1004.9,5.8
2001-08-10T05:00,22.7,95,0.0,1005.2,5.0
2001-08-10T06:00,22.4,96,0.0,1005.4,4.0
2001-08-10T07:00,22.0,98,0.2,1006.0,4.8
2001-08-10T08:00,24.4,97,0.8,1006.3,3.5
2001-08-10T09:00,24.7,92,0.0,1007.1,2.2
2001-08-10T10:00,26.4,85,0.0,1007.3,3.8
2001-08-10T11:00,27.0,82,0.1,1007.4,3.4
2001-08-10T12:00,27.4,81,0.2,1006.9,3.8
2001-08-10T13:00,27.6,81,1.2,1006.4,3.6
2001-08-10T14:00,27.5,79,0.7,1005.7,5.5
2001-08-10T15:00,27.0,80,1.3,1005.2,3.3
2001-08-10T16:00,26.4,84,0.4,1005.3,2.6
2001-08-10T17:00,25.5,89,0.7,1005.5,1.9
2001-08-10T18:00,25.3,90,0.0,1005.8,0.7
2001-08-10T19:00,24.9,91,0.0,1006.3,1.4
2001-08-10T20:00,24.5,92,0.0,1006.7,2.2
2001-08-10T21:00,23.9,94,0.1,1007.4,3.4
2001-08-10T22:00,23.5,94,0.0,1007.7,4.6
2001-08-10T23:00,23.3,94,0.0,1007.5,4.3
2001-08-11T00:00,23.1,94,0.0,1007.6,4.4
2001-08-11T01:00,23.0,93,0.0,1006.6,4.4
2001-08-11T02:00,22.7,94,0.0,1006.2,4.4
2001-08-11T03:00,22.5,94,0.0,1006.0,4.3
2001-08-11T04:00,22.3,94,0.0,1006.0,4.6
2001-08-11T05:00,22.4,92,0.2,1005.9,5.1
2001-08-11T06:00,22.4,92,0.0,1006.0,5.4
2001-08-11T07:00,22.5,92,0.2,1006.3,5.2
2001-08-11T08:00,24.4,89,0.2,1007.0,4.1
2001-08-11T09:00,25.9,81,0.0,1007.3,1.9
2001-08-11T10:00,27.1,76,0.0,1007.4,2.2
2001-08-11T11:00,28.1,72,0.2,1008.0,4.8
2001-08-11T12:00,28.8,70,1.5,1007.4,3.4
2001-08-11T13:00,28.4,71,1.3,1006.7,2.7
2001-08-11T14:00,28.6,74,2.0,1006.5,4.0
2001-08-11T15:00,25.9,85,4.3,1006.3,1.5
2001-08-11T16:00,25.8,84,0.3,1005.4,2.9
2001-08-11T17:00,25.6,88,0.0,1005.6,1.3
2001-08-11T18:00,25.5,87,0.0,1005.5,1.3
2001-08-11T19:00,25.0,93,0.0,1005.3,1.9
2001-08-11T20:00,24.9,89,0.0,1006.1,1.8
2001-08-11T21:00,24.7,89,0.0,1006.9,2.2
2001-08-11T22:00,24.7,89,0.1,1007.6,3.2
2001-08-11T23:00,23.8,91,0.2,1007.6,4.2
2001-08-12T00:00,23.3,93,0.3,1007.6,4.6
2001-08-12T01:00,23.0,93,0.4,1007.1,4.4
2001-08-12T02:00,22.7,93,0.0,1006.4,4.7
2001-08-12T03:00,22.4,94,0.0,1006.0,5.5
2001-08-12T04:00,22.4,93,0.4,1005.7,5.2
2001-08-12T05:00,22.3,94,0.9,1006.0,6.4
2001-08-12T06:00,22.3,93,0.3,1006.4,6.2
2001-08-12T07:00,22.5,92,0.0,1006.6,5.9
2001-08-12T08:00,24.1,89,0.0,1007.4,3.4
2001-08-12T09:00,25.2,86,0.3,1008.1,1.3
2001-08-12T10:00,26.1,81,0.6,1008.2,0.8
2001-08-12T11:00,26.8,77,1.2,1008.1,0.7
2001-08-12T12:00,27.5,75,0.6,1007.5,1.1
2001-08-12T13:00,28.5,71,0.5,1007.0,1.3
2001-08-12T14:00,28.4,73,0.2,1006.6,3.2
2001-08-12T15:00,27.9,77,0.4,1006.1,1.5
2001-08-12T16:00,26.8,80,1.3,1005.4,1.3
2001-08-12T17:00,26.0,85,0.6,1005.4,3.1
2001-08-12T18:00,25.5,87,0.0,1005.3,2.3
2001-08-12T19:00,25.1,89,0.0,1005.7,1.6
2001-08-12T20:00,24.4,92,0.0,1006.1,2.7
2001-08-12T21:00,23.9,94,0.0,1006.8,2.9
2001-08-12T22:00,23.7,94,0.2,1007.7,3.3
2001-08-12T23:00,23.6,94,0.1,1007.9,4.4
2001-08-13T00:00,23.4,93,0.2,1007.9,4.7
2001-08-13T01:00,23.3,92,0.3,1007.1,5.2
2001-08-13T02:00,23.4,91,0.0,1006.1,5.8
2001-08-13T03:00,23.4,90,0.0,1005.9,5.0
2001-08-13T04:00,23.3,90,0.0,1005.4,5.0
2001-08-13T05:00,23.1,90,0.0,1005.8,5.5
2001-08-13T06:00,23.1,90,0.1,1006.1,4.9
2001-08-13T07:00,23.2,90,0.2,1006.0,5.2
2001-08-13T08:00,24.3,89,0.8,1006.6,4.5
2001-08-13T09:00,25.3,85,1.0,1007.2,2.3
2001-08-13T10:00,26.1,80,0.3,1007.2,1.0
2001-08-13T11:00,26.9,77,0.2,1007.3,0.4
2001-08-13T12:00,28.0,72,0.2,1006.8,0.5
2001-08-13T13:00,28.6,68,1.2,1006.1,2.6
2001-08-13T14:00,28.3,69,0.5,1005.3,2.4
2001-08-13T15:00,27.9,71,0.3,1004.4,2.5
2001-08-13T16:00,27.5,74,0.0,1004.4,2.6
2001-08-13T17:00,26.9,80,0.9,1004.7,4.7
2001-08-13T18:00,26.0,85,0.1,1004.8,3.9
2001-08-13T19:00,25.3,89,0.0,1005.1,2.6
2001-08-13T20:00,24.8,92,0.0,1005.3,1.5
2001-08-13T21:00,24.4,93,0.0,1005.9,1.6
2001-08-13T22:00,24.0,94,0.0,1006.3,3.3
2001-08-13T23:00,23.8,93,0.0,1006.7,3.9
2001-08-14T00:00,23.6,93,0.0,1006.5,3.6
2001-08-14T01:00,23.2,93,0.0,1005.3,3.9
2001-08-14T02:00,23.2,94,0.0,1004.9,4.5
2001-08-14T03:00,23.1,94,0.1,1004.6,5.4
2001-08-14T04:00,22.7,94,0.7,1004.1,4.3
2001-08-14T05:00,22.3,95,0.8,1004.2,6.2
2001-08-14T06:00,22.3,93,0.4,1004.2,6.6
2001-08-14T07:00,22.3,94,0.0,1004.4,3.1
2001-08-14T08:00,23.8,92,0.0,1005.2,1.5
2001-08-14T09:00,25.4,84,0.0,1005.8,2.5
2001-08-14T10:00,26.6,78,0.0,1005.7,2.5
2001-08-14T11:00,27.3,77,0.0,1005.7,3.3
2001-08-14T12:00,28.2,74,0.0,1005.3,4.7
2001-08-14T13:00,28.1,76,0.4,1004.5,5.4
2001-08-14T14:00,28.0,83,0.2,1003.6,7.2
2001-08-14T15:00,26.5,87,3.2,1003.2,6.0
2001-08-14T16:00,26.5,85,1.6,1003.7,1.8
2001-08-14T17:00,25.2,92,1.3,1003.5,2.4
2001-08-14T18:00,24.9,96,0.8,1003.4,1.0
2001-08-14T19:00,25.0,92,0.1,1004.0,0.5
2001-08-14T20:00,24.7,95,0.0,1004.5,1.5
2001-08-14T21:00,24.7,92,0.0,1005.4,3.6
2001-08-14T22:00,23.8,96,0.0,1006.1,4.0
2001-08-14T23:00,23.7,96,0.0,1006.1,4.0
2001-08-15T00:00,24.3,91,0.0,1005.5,4.1
2001-08-15T01:00,23.7,93,0.0,1004.5,2.6
2001-08-15T02:00,23.5,92,0.0,1004.4,1.6
2001-08-15T03:00,22.6,96,0.0,1003.9,3.6
2001-08-15T04:00,22.3,96,0.0,1003.6,4.4
2001-08-15T05:00,22.1,96,0.0,1003.8,4.3
2001-08-15T06:00,22.1,96,0.0,1004.2,4.0
2001-08-15T07:00,21.8,99,0.0,1004.6,3.2
2001-08-15T08:00,25.1,92,0.3,1005.5,1.6
2001-08-15T09:00,25.0,91,0.8,1006.1,2.0
2001-08-15T10:00,26.1,88,0.0,1006.2,3.1
2001-08-15T11:00,26.9,85,0.1,1005.7,4.0
2001-08-15T12:00,27.9,80,0.2,1005.5,5.4
2001-08-15T13:00,28.6,77,0.2,1004.8,5.6
2001-08-15T14:00,28.2,77,2.9,1004.4,4.3
2001-08-15T15:00,28.1,75,1.2,1003.7,2.7
2001-08-15T16:00,27.2,80,0.8,1003.3,3.6
2001-08-15T17:00,26.4,84,0.7,1003.4,2.9
2001-08-15T18:00,26.0,85,0.1,1004.2,1.6
2001-08-15T19:00,25.2,88,1.0,1005.0,2.9
2001-08-15T20:00,24.0,98,0.1,1006.0,2.1
2001-08-15T21:00,23.9,95,0.1,1006.4,1.3
2001-08-15T22:00,24.2,92,0.1,1006.8,1.4
2001-08-15T23:00,22.9,97,0.0,1006.4,3.3
2001-08-16T00:00,22.7,98,0.0,1005.8,3.8
2001-08-16T01:00,22.6,98,0.0,1005.3,4.0
2001-08-16T02:00,23.9,90,0.0,1004.7,4.4
2001-08-16T03:00,24.0,88,0.0,1004.0,4.3
2001-08-16T04:00,22.5,96,0.0,1003.8,4.0
2001-08-16T05:00,23.9,87,0.0,1004.2,3.7
2001-08-16T06:00,22.4,94,0.0,1004.7,3.6
2001-08-16T07:00,22.2,98,0.7,1005.0,4.3
2001-08-16T08:00,23.9,94,0.1,1005.8,4.8
2001-08-16T09:00,24.7,91,0.0,1005.7,2.4
2001-08-16T10:00,26.2,86,0.0,1006.6,1.0
2001-08-16T11:00,27.1,78,0.0,1006.5,2.2
2001-08-16T12:00,28.1,74,0.0,1006.1,3.4
2001-08-16T13:00,28.4,72,0.0,1005.9,2.2
2001-08-16T14:00,28.2,77,1.5,1005.2,0.8
2001-08-16T15:00,27.3,80,0.8,1004.7,1.1
2001-08-16T16:00,25.7,92,1.2,1004.6,1.6
2001-08-16T17:00,25.5,91,0.1,1004.4,1.0
2001-08-16T18:00,25.8,88,0.0,1004.8,1.6
2001-08-16T19:00,25.3,93,0.0,1005.0,0.5
2001-08-16T20:00,25.3,89,0.0,1005.2,1.1
2001-08-16T21:00,25.3,88,0.2,1005.9,0.7
2001-08-16T22:00,25.2,88,0.3,1006.7,2.3
2001-08-16T23:00,25.1,88,0.3,1007.2,4.1
2001-08-17T00:00,25.0,88,0.4,1007.1,4.0
2001-08-17T01:00,24.8,88,0.6,1006.6,4.0
2001-08-17T02:00,24.3,89,0.5,1005.9,4.0
2001-08-17T03:00,23.3,93,1.0,1004.9,4.7
2001-08-17T04:00,23.1,93,0.5,1004.7,4.4
2001-08-17T05:00,23.4,91,0.5,1005.0,4.0
2001-08-17T06:00,23.0,94,0.9,1005.8,3.1
2001-08-17T07:00,22.6,98,0.8,1005.8,5.2
2001-08-17T08:00,23.6,98,0.3,1006.4,3.9
2001-08-17T09:00,24.5,92,0.2,1007.0,1.3
2001-08-17T10:00,25.5,87,0.2,1007.3,0.0
2001-08-17T11:00,26.6,80,0.0,1007.1,0.4
2001-08-17T12:00,27.8,74,0.0,1006.5,1.1
2001-08-17T13:00,28.4,73,1.2,1005.7,0.4
2001-08-17T14:00,29.6,70,1.7,1004.5,1.3
2001-08-17T15:00,29.4,71,0.8,1004.1,2.8
2001-08-17T16:00,27.8,83,1.0,1004.2,0.5
2001-08-17T17:00,27.7,78,0.1,1004.1,1.8
2001-08-17T18:00,27.0,83,0.0,1004.5,1.1
2001-08-17T19:00,26.3,87,0.0,1004.8,1.1
2001-08-17T20:00,25.4,91,0.0,1005.7,1.8
2001-08-17T21:00,24.7,93,0.0,1006.2,2.8
2001-08-17T22:00,24.7,92,0.0,1007.0,3.1
2001-08-17T23:00,25.6,86,0.0,1006.7,4.0
2001-08-18T00:00,24.8,89,0.0,1006.3,4.4
2001-08-18T01:00,24.2,91,0.0,1005.0,5.5
2001-08-18T02:00,23.6,94,0.0,1004.3,5.2
2001-08-18T03:00,23.6,93,0.0,1003.7,4.5
2001-08-18T04:00,23.6,94,0.0,1003.6,4.0
2001-08-18T05:00,24.2,88,0.3,1004.1,4.3
2001-08-18T06:00,24.0,89,0.8,1004.6,3.7
2001-08-18T07:00,24.1,89,0.5,1005.7,3.8
2001-08-18T08:00,24.5,92,0.2,1006.9,2.7
2001-08-18T09:00,25.4,90,0.1,1007.2,1.5
2001-08-18T10:00,26.1,88,0.0,1007.2,1.5
2001-08-18T11:00,27.2,83,0.0,1006.6,3.2
2001-08-18T12:00,28.3,78,0.2,1006.1,3.1
2001-08-18T13:00,28.7,77,2.2,1005.3,0.8
2001-08-18T14:00,29.0,69,1.2,1004.8,1.8
2001-08-18T15:00,28.9,69,0.0,1003.7,2.9
2001-08-18T16:00,28.6,70,0.0,1003.2,1.1
2001-08-18T17:00,27.6,77,0.5,1004.3,2.6
2001-08-18T18:00,26.4,83,1.2,1005.1,3.0
2001-08-18T19:00,25.6,87,0.8,1005.2,1.6
2001-08-18T20:00,24.9,91,0.0,1005.5,1.5
2001-08-18T21:00,24.4,94,0.0,1005.6,2.5
2001-08-18T22:00,24.0,94,0.0,1005.7,4.2
2001-08-18T23:00,23.8,94,0.0,1005.9,3.3
2001-08-19T00:00,24.2,90,0.0,1005.9,2.9
2001-08-19T01:00,23.7,92,0.0,1005.3,3.6
2001-08-19T02:00,23.2,92,0.0,1004.9,4.0
2001-08-19T03:00,23.0,92,0.0,1004.2,3.2
2001-08-19T04:00,22.7,93,0.0,1003.8,4.0
2001-08-19T05:00,22.5,92,0.0,1003.7,5.4
2001-08-19T06:00,22.3,91,0.1,1004.3,5.4
2001-08-19T07:00,22.6,87,0.0,1004.3,5.1
2001-08-19T08:00,23.9,88,0.0,1004.9,3.6
2001-08-19T09:00,25.8,81,0.0,1005.5,0.8
2001-08-19T10:00,27.1,73,0.0,1005.6,2.2
2001-08-19T11:00,28.0,71,0.2,1005.9,3.3
2001-08-19T12:00,28.9,68,0.3,1005.8,6.3
2001-08-19T13:00,29.1,67,2.0,1005.1,6.9
2001-08-19T14:00,27.7,77,0.4,1004.0,6.6
2001-08-19T15:00,27.7,77,0.1,1002.6,3.7
2001-08-19T16:00,27.5,78,0.0,1002.1,5.6
2001-08-19T17:00,27.3,80,0.0,1002.5,5.4
2001-08-19T18:00,26.4,85,0.6,1002.8,6.0
2001-08-19T19:00,25.4,88,0.7,1004.2,4.0
2001-08-19T20:00,24.9,92,1.1,1005.0,1.1
2001-08-19T21:00,24.6,91,0.9,1005.5,3.1
2001-08-19T22:00,24.3,93,0.1,1005.7,2.7
2001-08-19T23:00,23.9,94,0.0,1006.2,2.4
2001-08-20T00:00,23.7,94,0.0,1005.8,2.6
2001-08-20T01:00,23.6,94,0.0,1005.9,3.2
2001-08-20T02:00,23.5,94,0.0,1004.8,3.9
2001-08-20T03:00,22.9,96,0.0,1004.6,4.0
2001-08-20T04:00,23.1,94,0.4,1004.7,4.7
2001-08-20T05:00,22.9,93,0.0,1005.2,6.5
2001-08-20T06:00,22.9,92,0.0,1004.8,5.8
2001-08-20T07:00,23.0,92,0.0,1005.2,4.5
2001-08-20T08:00,24.4,92,0.2,1005.4,1.8
2001-08-20T09:00,26.0,84,0.1,1005.8,2.4
2001-08-20T10:00,27.4,76,0.0,1005.7,3.6
2001-08-20T11:00,28.5,71,0.1,1005.6,4.3
2001-08-20T12:00,29.4,68,0.3,1005.4,4.7
2001-08-20T13:00,29.6,69,2.6,1005.0,5.6
2001-08-20T14:00,28.7,75,0.8,1004.2,6.2
2001-08-20T15:00,28.2,78,2.0,1003.7,5.9
2001-08-20T16:00,27.2,81,3.7,1004.5,1.8
2001-08-20T17:00,25.9,90,0.7,1004.2,1.5
2001-08-20T18:00,25.7,90,0.0,1004.3,2.0
2001-08-20T19:00,25.3,91,0.0,1004.6,3.6
2001-08-20T20:00,24.9,93,0.0,1004.7,3.3
2001-08-20T21:00,24.6,94,0.0,1005.0,2.2
2001-08-20T22:00,24.3,94,0.0,1006.2,2.3
2001-08-20T23:00,24.0,94,0.0,1006.5,3.1
2001-08-21T00:00,23.9,94,0.0,1006.6,2.7
2001-08-21T01:00,23.7,95,0.0,1005.9,3.1
2001-08-21T02:00,23.3,95,0.2,1005.4,2.6
2001-08-21T03:00,23.1,95,0.2,1005.4,4.6
2001-08-21T04:00,23.3,94,0.2,1005.0,5.2
2001-08-21T05:00,23.2,94,0.0,1004.9,5.4
2001-08-21T06:00,23.1,95,0.0,1004.8,3.3
2001-08-21T07:00,23.4,93,0.0,1005.7,1.8
2001-08-21T08:00,24.6,93,0.0,1006.3,3.3
2001-08-21T09:00,25.6,87,0.0,1007.3,2.6
2001-08-21T10:00,26.3,86,0.2,1007.4,2.2
2001-08-21T11:00,26.9,87,1.6,1006.2,2.9
2001-08-21T12:00,27.8,82,0.2,1004.8,1.1
2001-08-21T13:00,28.6,76,0.1,1004.2,6.1
2001-08-21T14:00,28.1,75,1.1,1004.4,10.1
2001-08-21T15:00,26.9,83,2.2,1004.9,7.6
2001-08-21T16:00,26.4,85,1.1,1004.3,5.8
2001-08-21T17:00,25.5,90,1.8,1004.7,6.1
2001-08-21T18:00,24.2,98,2.9,1005.1,3.1
2001-08-21T19:00,23.8,99,1.3,1005.2,2.9
2001-08-21T20:00,23.7,99,0.7,1005.4,2.5
2001-08-21T21:00,23.9,99,1.2,1005.7,0.7
2001-08-21T22:00,24.0,99,1.1,1006.3,1.4
2001-08-21T23:00,24.0,99,1.0,1006.7,3.1
2001-08-22T00:00,23.8,99,1.0,1006.8,5.2
2001-08-22T01:00,23.8,99,1.4,1006.7,4.4
2001-08-22T02:00,23.5,99,1.5,1006.1,3.9
2001-08-22T03:00,23.3,99,1.1,1006.1,2.6
2001-08-22T04:00,23.3,99,0.9,1005.9,1.3
2001-08-22T05:00,23.3,99,0.9,1006.0,3.6
2001-08-22T06:00,23.1,99,0.9,1006.1,4.1
2001-08-22T07:00,23.1,99,1.2,1006.3,4.8
2001-08-22T08:00,24.0,98,1.6,1006.8,1.6
2001-08-22T09:00,24.3,94,1.0,1007.8,0.5
2001-08-22T10:00,25.7,88,0.3,1008.1,2.5
2001-08-22T11:00,25.7,87,0.1,1008.1,6.3
2001-08-22T12:00,26.8,81,0.2,1007.4,6.9
2001-08-22T13:00,27.4,77,0.0,1007.2,8.8
2001-08-22T14:00,25.4,92,4.3,1007.3,5.8
2001-08-22T15:00,24.6,98,2.2,1006.7,4.4
2001-08-22T16:00,24.9,94,0.9,1005.9,3.6
2001-08-22T17:00,25.5,92,0.4,1005.5,3.6
2001-08-22T18:00,25.5,92,0.1,1006.2,3.6
2001-08-22T19:00,25.1,92,0.0,1006.9,4.0
2001-08-22T20:00,24.7,92,0.2,1007.7,4.0
2001-08-22T21:00,24.3,95,0.0,1008.4,4.4
2001-08-22T22:00,24.0,96,0.0,1009.0,4.9
2001-08-22T23:00,23.8,96,0.4,1009.4,5.2
2001-08-23T00:00,23.3,99,0.4,1009.5,3.9
2001-08-23T01:00,23.3,99,1.8,1008.7,3.1
2001-08-23T02:00,22.9,99,0.9,1007.9,2.6
2001-08-23T03:00,22.7,99,0.3,1007.4,4.3
2001-08-23T04:00,22.7,99,0.1,1007.0,5.4
2001-08-23T05:00,22.5,99,0.0,1007.5,3.7
2001-08-23T06:00,22.2,99,0.0,1007.4,2.8
2001-08-23T07:00,22.6,98,0.0,1007.8,2.1
2001-08-23T08:00,24.4,96,0.0,1008.1,4.0
2001-08-23T09:00,24.8,91,0.0,1008.5,4.4
2001-08-23T10:00,25.6,90,0.5,1008.7,4.8
2001-08-23T11:00,26.0,89,1.0,1008.7,7.4
2001-08-23T12:00,26.4,88,1.1,1008.8,4.0
2001-08-23T13:00,26.6,87,2.0,1007.5,5.1
2001-08-23T14:00,26.2,86,1.3,1006.7,7.2
2001-08-23T15:00,26.8,84,0.2,1006.4,6.1
2001-08-23T16:00,26.8,83,0.4,1006.2,6.2
2001-08-23T17:00,24.8,90,5.8,1007.6,4.3
2001-08-23T18:00,24.2,93,1.1,1007.5,1.1
2001-08-23T19:00,24.1,94,0.2,1007.4,3.4
2001-08-23T20:00,23.7,94,0.0,1007.3,3.4
2001-08-23T21:00,23.7,94,0.0,1007.9,3.2
2001-08-23T22:00,23.3,94,0.0,1008.1,3.0
2001-08-23T23:00,22.9,95,0.0,1008.3,3.3
2001-08-24T00:00,23.0,94,0.0,1008.3,4.7
2001-08-24T01:00,22.8,94,0.0,1008.1,5.1
2001-08-24T02:00,22.3,94,0.0,1007.3,5.9
2001-08-24T03:00,22.2,94,0.0,1006.9,6.2
2001-08-24T04:00,22.1,93,0.0,1006.4,6.5
2001-08-24T05:00,22.1,93,0.2,1006.7,6.5
2001-08-24T06:00,22.1,93,0.3,1007.1,4.3
2001-08-24T07:00,22.0,96,0.3,1008.1,3.3
2001-08-24T08:00,23.2,95,0.6,1008.4,2.9
2001-08-24T09:00,24.5,90,0.5,1008.4,1.4
2001-08-24T10:00,26.0,82,0.0,1008.0,0.8
2001-08-24T11:00,27.3,76,0.0,1007.5,2.3
2001-08-24T12:00,28.1,73,0.1,1007.2,4.7
2001-08-24T13:00,28.5,72,0.3,1006.6,7.3
2001-08-24T14:00,27.4,78,0.8,1006.2,9.0
2001-08-24T15:00,25.7,85,2.4,1006.5,4.8
2001-08-24T16:00,25.0,89,1.5,1006.2,1.4
2001-08-24T17:00,24.5,94,0.3,1005.3,0.7
2001-08-24T18:00,24.5,93,0.0,1005.1,0.4
2001-08-24T19:00,24.5,92,0.0,1005.6,1.5
2001-08-24T20:00,24.1,94,0.0,1006.1,3.1
2001-08-24T21:00,23.7,96,0.0,1006.7,1.5
2001-08-24T22:00,23.9,93,0.0,1007.3,1.1
2001-08-24T23:00,23.7,93,0.0,1007.8,1.5
2001-08-25T00:00,23.5,93,0.0,1007.5,1.8
2001-08-25T01:00,23.4,93,0.1,1006.8,1.9
2001-08-25T02:00,22.6,94,0.0,1006.0,2.6
2001-08-25T03:00,22.6,93,0.0,1005.7,3.0
2001-08-25T04:00,21.6,96,0.6,1005.8,3.9
2001-08-25T05:00,21.3,99,0.6,1006.1,4.7
2001-08-25T06:00,21.6,99,1.1,1006.5,6.5
2001-08-25T07:00,22.1,97,0.1,1006.6,5.0
2001-08-25T08:00,23.3,94,0.0,1007.2,2.2
2001-08-25T09:00,25.0,86,0.0,1008.1,0.7
2001-08-25T10:00,26.4,80,0.0,1008.0,1.4
2001-08-25T11:00,27.6,74,0.0,1007.3,3.3
2001-08-25T12:00,28.9,68,0.0,1006.7,4.2
2001-08-25T13:00,29.0,69,0.0,1006.0,6.5
2001-08-25T14:00,27.1,78,1.4,1005.6,8.1
2001-08-25T15:00,25.9,84,3.9,1005.8,6.6
2001-08-25T16:00,25.5,85,0.3,1006.0,5.7
2001-08-25T17:00,24.8,88,0.9,1006.6,6.0
2001-08-25T18:00,24.1,94,1.0,1006.8,4.7
2001-08-25T19:00,24.0,94,0.0,1006.2,3.9
2001-08-25T20:00,23.8,94,0.0,1006.8,3.9
2001-08-25T21:00,22.9,99,0.2,1007.5,3.2
2001-08-25T22:00,23.1,95,0.5,1007.6,5.1
2001-08-25T23:00,22.5,99,0.3,1007.5,5.8
2001-08-26T00:00,22.1,99,0.3,1007.1,5.4
2001-08-26T01:00,22.0,99,0.0,1006.5,4.2
2001-08-26T02:00,22.4,99,0.0,1005.8,3.1
2001-08-26T03:00,22.2,99,0.0,1005.7,2.6
2001-08-26T04:00,21.8,99,0.4,1006.1,2.3
2001-08-26T05:00,21.8,99,0.2,1006.8,2.6
2001-08-26T06:00,21.8,99,0.0,1007.1,3.4
2001-08-26T07:00,22.4,96,0.0,1007.3,4.0
2001-08-26T08:00,23.8,94,0.0,1007.2,2.9
2001-08-26T09:00,25.7,85,0.0,1007.3,0.0
2001-08-26T10:00,27.0,78,0.0,1007.8,3.4
2001-08-26T11:00,27.8,75,0.3,1007.8,5.4
2001-08-26T12:00,27.4,78,0.5,1007.3,7.1
2001-08-26T13:00,27.4,80,2.8,1006.8,4.8
2001-08-26T14:00,25.8,85,4.6,1006.1,5.0
2001-08-26T15:00,25.8,83,2.6,1006.0,6.0
2001-08-26T16:00,24.9,91,1.8,1006.6,5.0
2001-08-26T17:00,24.4,94,1.4,1006.9,1.6
2001-08-26T18:00,23.9,99,0.4,1006.1,1.0
2001-08-26T19:00,23.6,99,0.0,1006.6,2.9
2001-08-26T20:00,23.3,99,0.2,1006.7,2.6
2001-08-26T21:00,23.3,98,0.4,1007.7,2.4
2001-08-26T22:00,23.7,94,0.6,1008.3,1.3
2001-08-26T23:00,23.5,95,0.5,1008.6,2.2
2001-08-27T00:00,22.5,99,0.4,1008.1,2.7
2001-08-27T01:00,22.5,99,0.5,1007.8,2.7
2001-08-27T02:00,22.7,98,0.9,1006.8,3.2
2001-08-27T03:00,23.1,95,1.1,1006.3,1.6
2001-08-27T04:00,23.2,94,1.4,1006.0,1.8
2001-08-27T05:00,22.6,98,2.5,1006.0,2.9
2001-08-27T06:00,22.4,98,3.2,1006.1,3.7
2001-08-27T07:00,22.6,98,3.0,1006.3,5.4
2001-08-27T08:00,23.0,99,3.3,1007.1,3.1
2001-08-27T09:00,24.7,91,1.7,1007.8,1.4
2001-08-27T10:00,24.5,97,1.7,1007.8,2.6
2001-08-27T11:00,24.8,96,1.3,1008.0,6.8
2001-08-27T12:00,25.1,91,1.8,1007.6,7.4
2001-08-27T13:00,24.8,96,4.0,1007.9,5.9
2001-08-27T14:00,24.4,96,1.1,1006.4,4.1
2001-08-27T15:00,25.1,94,2.5,1006.0,4.6
2001-08-27T16:00,25.0,95,1.0,1005.7,3.8
2001-08-27T17:00,25.2,93,0.2,1005.1,3.4
2001-08-27T18:00,24.4,93,0.9,1005.4,1.5
2001-08-27T19:00,24.3,93,0.0,1005.0,1.8
2001-08-27T20:00,23.6,96,0.0,1005.3,2.2
2001-08-27T21:00,23.1,96,0.0,1005.7,1.9
2001-08-27T22:00,22.8,96,0.0,1006.4,2.5
2001-08-27T23:00,22.7,96,0.0,1006.9,3.6
2001-08-28T00:00,22.8,95,0.0,1006.7,4.0
2001-08-28T01:00,22.8,94,0.0,1005.9,4.7
2001-08-28T02:00,22.6,94,0.0,1005.4,4.5
2001-08-28T03:00,22.6,93,0.0,1005.2,4.3
2001-08-28T04:00,22.3,93,0.0,1005.1,4.0
2001-08-28T05:00,22.0,95,0.1,1005.1,4.0
2001-08-28T06:00,23.0,89,0.0,1005.5,3.2
2001-08-28T07:00,23.0,90,0.0,1006.2,2.5
2001-08-28T08:00,23.8,95,0.1,1007.2,2.5
2001-08-28T09:00,25.1,89,0.1,1007.6,1.0
2001-08-28T10:00,25.1,90,0.2,1007.4,2.7
2001-08-28T11:00,26.2,86,0.0,1007.1,2.6
2001-08-28T12:00,26.7,84,1.3,1006.8,2.0
2001-08-28T13:00,27.3,83,1.3,1006.4,5.7
2001-08-28T14:00,27.2,80,0.3,1005.8,5.1
2001-08-28T15:00,26.3,83,3.2,1005.5,3.1
2001-08-28T16:00,25.6,86,2.1,1004.6,3.6
2001-08-28T17:00,25.5,87,0.2,1002.9,4.8
2001-08-28T18:00,25.0,92,0.0,1003.1,2.8
2001-08-28T19:00,24.8,92,0.0,1004.2,1.6
2001-08-28T20:00,24.6,92,0.0,1004.9,1.6
2001-08-28T21:00,23.6,95,0.0,1005.2,2.9
2001-08-28T22:00,23.1,96,0.0,1005.6,4.3
2001-08-28T23:00,23.0,96,0.1,1005.9,4.3
2001-08-29T00:00,23.1,94,0.3,1005.9,4.7
2001-08-29T01:00,23.1,94,0.3,1005.6,5.5
2001-08-29T02:00,23.3,94,0.4,1004.6,5.7
2001-08-29T03:00,23.2,94,0.4,1004.0,4.6
2001-08-29T04:00,23.0,95,0.2,1003.6,3.5
2001-08-29T05:00,22.8,95,0.0,1003.7,4.7
2001-08-29T06:00,22.4,96,0.0,1004.2,4.5
2001-08-29T07:00,22.7,95,0.0,1004.5,3.1
2001-08-29T08:00,24.3,93,0.0,1005.4,1.6
2001-08-29T09:00,25.6,85,0.0,1005.9,3.3
2001-08-29T10:00,26.4,81,0.4,1006.0,4.7
2001-08-29T11:00,26.2,83,3.2,1006.4,3.3
2001-08-29T12:00,26.8,82,2.4,1006.4,1.1
2001-08-29T13:00,25.7,92,3.3,1006.2,3.6
2001-08-29T14:00,24.6,99,7.1,1005.4,0.4
2001-08-29T15:00,24.4,99,5.4,1004.4,2.1
2001-08-29T16:00,24.7,99,3.9,1003.9,3.6
2001-08-29T17:00,24.7,99,1.4,1003.4,4.1
2001-08-29T18:00,25.0,95,0.2,1003.3,2.3
2001-08-29T19:00,24.5,95,0.0,1004.0,1.5
2001-08-29T20:00,23.9,96,0.0,1004.7,1.6
2001-08-29T21:00,22.8,98,0.0,1005.2,3.1
2001-08-29T22:00,22.4,99,0.1,1005.7,4.1
2001-08-29T23:00,22.3,99,0.0,1005.4,4.9
2001-08-30T00:00,22.2,99,0.2,1005.2,5.5
2001-08-30T01:00,22.1,99,0.2,1005.0,5.5
2001-08-30T02:00,21.7,99,0.0,1004.4,5.9
2001-08-30T03:00,21.3,99,0.1,1003.9,6.2
2001-08-30T04:00,21.2,99,0.3,1003.4,6.2
2001-08-30T05:00,20.9,99,0.8,1004.1,5.8
2001-08-30T06:00,21.1,99,1.9,1005.1,2.0
2001-08-30T07:00,21.3,99,2.3,1005.8,4.4
2001-08-30T08:00,22.6,99,1.0,1006.2,5.4
2001-08-30T09:00,23.4,94,0.0,1006.2,3.1
2001-08-30T10:00,25.0,86,0.0,1006.2,0.5
2001-08-30T11:00,26.8,78,0.0,1006.0,2.9
2001-08-30T12:00,27.9,74,0.1,1005.5,6.1
2001-08-30T13:00,28.2,75,0.4,1005.2,7.6
2001-08-30T14:00,27.2,80,2.1,1004.5,7.2
2001-08-30T15:00,25.4,87,3.8,1004.6,4.2
2001-08-30T16:00,25.0,92,0.6,1004.1,2.2
2001-08-30T17:00,24.8,92,0.6,1003.9,2.2
2001-08-30T18:00,24.7,93,0.0,1004.1,1.5
2001-08-30T19:00,24.5,95,0.0,1004.5,0.8
2001-08-30T20:00,23.8,96,0.0,1004.9,1.6
2001-08-30T21:00,23.5,96,0.0,1005.6,2.5
2001-08-30T22:00,23.6,95,0.0,1006.5,3.3
2001-08-30T23:00,23.8,93,0.0,1007.0,4.0
2001-08-31T00:00,23.1,95,0.4,1006.9,4.9
2001-08-31T01:00,22.7,96,0.8,1006.0,5.2
2001-08-31T02:00,22.8,94,0.5,1005.3,4.9
2001-08-31T03:00,22.7,95,0.4,1004.6,5.5
2001-08-31T04:00,22.5,94,0.0,1004.2,5.2
2001-08-31T05:00,22.5,94,0.0,1005.3,5.8
2001-08-31T06:00,22.3,94,0.0,1005.7,5.0
2001-08-31T07:00,22.6,93,0.0,1006.0,4.1
2001-08-31T08:00,24.3,91,0.0,1006.2,3.6
2001-08-31T09:00,25.7,85,0.0,1007.1,2.3
2001-08-31T10:00,27.1,77,0.0,1007.3,4.7
2001-08-31T11:00,27.6,77,1.8,1007.4,8.3
2001-08-31T12:00,27.5,80,1.8,1007.2,6.3
2001-08-31T13:00,26.6,85,3.2,1006.0,6.8
2001-08-31T14:00,27.0,86,1.2,1005.2,9.1
2001-08-31T15:00,27.3,86,1.3,1004.5,9.0
2001-08-31T16:00,25.7,87,3.6,1005.3,6.9
2001-08-31T17:00,24.9,89,2.9,1004.7,4.4
2001-08-31T18:00,24.2,91,0.8,1004.6,3.1
2001-08-31T19:00,23.9,91,0.3,1006.0,2.0
2001-08-31T20:00,23.6,92,0.0,1006.0,4.2
2001-08-31T21:00,23.5,93,0.0,1006.0,4.8
2001-08-31T22:00,23.2,94,0.0,1007.4,3.4
2001-08-31T23:00,22.9,95,0.0,1007.8,3.4
2001-09-01T00:00,22.9,94,0.0,1007.4,3.3
2001-09-01T01:00,22.6,95,0.0,1006.2,4.8
2001-09-01T02:00,22.9,95,0.0,1005.4,4.6
2001-09-01T03:00,22.7,95,0.0,1004.7,6.6
2001-09-01T04:00,22.4,95,0.0,1004.4,6.6
2001-09-01T05:00,22.4,94,0.0,1005.1,5.8
2001-09-01T06:00,22.3,93,0.0,1005.3,5.8
2001-09-01T07:00,22.3,94,0.0,1005.5,5.4
2001-09-01T08:00,24.0,93,0.1,1006.0,4.1
2001-09-01T09:00,25.6,86,0.3,1007.0,1.4
2001-09-01T10:00,26.5,80,1.2,1007.5,2.3
2001-09-01T11:00,26.7,81,1.9,1007.2,3.5
2001-09-01T12:00,27.4,79,2.6,1006.7,5.2
2001-09-01T13:00,26.6,84,3.3,1006.8,3.3
2001-09-01T14:00,26.5,86,0.6,1005.2,1.0
2001-09-01T15:00,26.4,84,0.1,1004.6,3.9
2001-09-01T16:00,25.7,87,3.4,1004.7,3.5
2001-09-01T17:00,24.7,93,2.8,1004.0,1.1
2001-09-01T18:00,24.4,95,0.4,1005.0,1.6
2001-09-01T19:00,24.4,95,0.0,1005.2,3.1
2001-09-01T20:00,24.2,93,0.0,1005.9,3.7
2001-09-01T21:00,24.0,92,0.0,1006.3,1.3
2001-09-01T22:00,23.9,92,0.0,1007.1,2.4
2001-09-01T23:00,22.3,97,0.0,1007.5,1.3
2001-09-02T00:00,21.7,99,0.0,1007.5,3.0
2001-09-02T01:00,21.5,99,0.2,1006.6,2.4
2001-09-02T02:00,21.7,99,0.3,1006.0,2.7
2001-09-02T03:00,21.7,99,0.0,1004.8,4.1
2001-09-02T04:00,21.8,98,0.0,1004.6,3.7
2001-09-02T05:00,22.3,94,0.0,1004.3,2.5
2001-09-02T06:00,21.2,98,0.0,1005.0,3.0
2001-09-02T07:00,21.6,97,0.0,1005.4,1.8
2001-09-02T08:00,23.7,95,0.0,1005.9,1.5
2001-09-02T09:00,24.3,92,0.0,1006.4,2.6
2001-09-02T10:00,25.4,84,0.1,1006.8,3.1
2001-09-02T11:00,26.2,80,1.6,1006.5,5.6
2001-09-02T12:00,26.8,79,1.6,1006.2,2.9
2001-09-02T13:00,27.1,80,0.3,1004.8,2.6
2001-09-02T14:00,26.2,84,3.1,1004.2,2.9
2001-09-02T15:00,24.8,91,5.6,1003.9,3.0
2001-09-02T16:00,23.9,98,5.6,1004.2,3.4
2001-09-02T17:00,23.7,99,1.8,1004.5,2.9
2001-09-02T18:00,23.4,99,1.9,1004.7,1.1
2001-09-02T19:00,23.1,99,1.8,1005.3,1.3
2001-09-02T20:00,22.9,98,1.5,1006.0,1.6
2001-09-02T21:00,22.8,98,1.1,1006.2,0.4
2001-09-02T22:00,23.6,90,0.8,1006.5,1.8
2001-09-02T23:00,22.2,99,0.7,1006.6,3.3
2001-09-03T00:00,22.2,99,0.5,1006.0,2.9
2001-09-03T01:00,22.1,99,0.3,1005.9,2.8
2001-09-03T02:00,22.1,99,1.0,1005.0,3.8
2001-09-03T03:00,22.0,99,0.6,1004.3,5.4
2001-09-03T04:00,21.9,99,0.3,1003.3,5.8
2001-09-03T05:00,21.8,98,0.0,1003.1,5.8
2001-09-03T06:00,21.6,98,0.3,1004.4,4.8
2001-09-03T07:00,21.4,99,0.0,1004.7,4.9
2001-09-03T08:00,23.3,99,0.1,1005.2,3.7
2001-09-03T09:00,24.1,94,0.1,1005.9,2.3
2001-09-03T10:00,24.8,96,0.5,1006.3,3.9
2001-09-03T11:00,24.4,98,0.6,1006.6,5.0
2001-09-03T12:00,24.4,98,1.3,1006.3,4.3
2001-09-03T13:00,24.3,99,2.2,1005.9,2.0
2001-09-03T14:00,24.1,99,2.6,1005.0,2.4
2001-09-03T15:00,23.9,99,3.8,1004.4,3.5
2001-09-03T16:00,23.9,99,2.1,1004.1,4.1
2001-09-03T17:00,23.9,99,2.5,1003.8,3.2
2001-09-03T18:00,23.3,99,1.4,1004.0,1.6
2001-09-03T19:00,23.0,99,0.3,1004.8,3.2
2001-09-03T20:00,22.6,99,0.2,1005.2,3.2
2001-09-03T21:00,22.2,99,0.0,1005.6,3.2
2001-09-03T22:00,22.0,99,0.0,1005.6,4.3
2001-09-03T23:00,22.0,97,0.0,1005.3,4.3
2001-09-04T00:00,22.8,92,0.0,1005.4,3.3
2001-09-04T01:00,21.5,98,0.0,1005.6,4.0
2001-09-04T02:00,21.5,98,0.0,1005.1,3.7
2001-09-04T03:00,21.2,98,0.3,1005.0,3.3
2001-09-04T04:00,21.2,99,0.5,1005.0,3.1
2001-09-04T05:00,21.3,99,0.3,1005.4,2.9
2001-09-04T06:00,21.5,99,0.2,1005.5,3.2
2001-09-04T07:00,22.0,93,0.1,1005.7,2.6
2001-09-04T08:00,23.7,91,0.0,1006.5,1.9
2001-09-04T09:00,23.6,89,0.1,1006.8,1.1
2001-09-04T10:00,25.5,82,0.2,1007.2,4.0
2001-09-04T11:00,26.0,81,0.1,1007.2,4.7
2001-09-04T12:00,25.7,83,1.5,1007.2,4.4
2001-09-04T13:00,26.1,85,0.5,1006.4,3.1
2001-09-04T14:00,25.7,88,1.1,1005.4,3.6
2001-09-04T15:00,25.9,84,1.3,1004.7,4.7
2001-09-04T16:00,25.4,87,1.2,1004.3,5.8
2001-09-04T17:00,24.6,89,0.5,1004.5,4.3
2001-09-04T18:00,24.2,90,0.0,1004.3,5.1
2001-09-04T19:00,23.8,92,0.0,1005.6,3.8
2001-09-04T20:00,23.5,91,0.2,1006.0,1.9
2001-09-04T21:00,23.2,92,0.0,1006.3,4.8
2001-09-04T22:00,22.9,93,0.0,1006.5,5.5
2001-09-04T23:00,22.6,94,0.0,1006.6,5.1
2001-09-05T00:00,22.6,93,0.0,1006.1,4.3
2001-09-05T01:00,22.5,94,0.0,1005.7,3.6
2001-09-05T02:00,22.8,94,0.0,1005.6,1.8
2001-09-05T03:00,22.3,95,0.0,1005.6,0.4
2001-09-05T04:00,21.8,93,0.5,1005.4,1.5
2001-09-05T05:00,21.8,93,0.2,1005.4,6.5
2001-09-05T06:00,21.8,93,0.0,1005.8,6.8
2001-09-05T07:00,21.8,93,0.0,1006.4,6.5
2001-09-05T08:00,23.2,93,0.0,1006.9,4.0
2001-09-05T09:00,24.7,87,0.0,1007.7,1.8
2001-09-05T10:00,26.2,80,0.0,1007.4,2.4
2001-09-05T11:00,27.3,74,0.1,1007.5,5.4
2001-09-05T12:00,27.9,73,2.0,1006.7,7.3
2001-09-05T13:00,27.9,74,0.4,1006.6,8.3
2001-09-05T14:00,26.9,79,5.4,1006.0,4.0
2001-09-05T15:00,26.5,84,1.9,1005.5,3.1
2001-09-05T16:00,26.2,83,0.5,1005.1,3.5
2001-09-05T17:00,25.2,90,2.3,1005.1,1.0
2001-09-05T18:00,24.6,91,0.4,1005.7,0.8
2001-09-05T19:00,24.4,91,0.0,1006.2,1.8
2001-09-05T20:00,24.1,92,0.0,1006.5,3.8
2001-09-05T21:00,23.6,94,0.2,1007.1,4.0
2001-09-05T22:00,23.2,96,0.2,1007.8,5.1
2001-09-05T23:00,22.9,96,0.0,1007.8,5.1
2001-09-06T00:00,22.3,99,0.0,1007.4,4.7
2001-09-06T01:00,22.0,99,0.0,1006.6,6.1
2001-09-06T02:00,21.7,99,0.0,1006.3,4.1
2001-09-06T03:00,21.4,99,0.0,1006.4,5.6
2001-09-06T04:00,21.4,99,0.0,1006.0,5.4
2001-09-06T05:00,22.1,94,0.0,1007.0,5.6
2001-09-06T06:00,22.1,93,0.0,1006.8,5.8
2001-09-06T07:00,22.3,93,0.0,1007.3,4.7
2001-09-06T08:00,23.5,96,0.0,1008.3,3.2
2001-09-06T09:00,25.2,88,0.0,1008.5,0.5
2001-09-06T10:00,26.6,80,0.0,1008.7,3.3
2001-09-06T11:00,28.1,73,0.0,1008.7,4.7
2001-09-06T12:00,28.9,72,0.1,1008.2,6.2
2001-09-06T13:00,28.7,74,3.0,1007.1,8.8
2001-09-06T14:00,27.1,78,4.2,1007.7,7.0
2001-09-06T15:00,26.3,83,0.7,1006.3,4.7
2001-09-06T16:00,26.1,85,1.4,1005.9,2.9
2001-09-06T17:00,25.2,93,1.6,1005.7,3.2
2001-09-06T18:00,24.5,95,0.6,1006.1,0.5
2001-09-06T19:00,24.5,92,0.0,1006.5,1.6
2001-09-06T20:00,24.3,92,0.0,1006.6,0.7
2001-09-06T21:00,23.7,94,0.0,1007.0,2.1
2001-09-06T22:00,23.3,95,0.0,1008.1,3.7
2001-09-06T23:00,23.1,95,0.0,1008.4,3.8
2001-09-07T00:00,22.9,96,0.0,1008.0,2.9
2001-09-07T01:00,22.9,95,0.0,1007.2,3.1
2001-09-07T02:00,23.0,95,0.0,1006.4,2.3
2001-09-07T03:00,22.8,95,0.0,1005.9,2.2
2001-09-07T04:00,22.6,96,0.0,1005.6,2.2
2001-09-07T05:00,22.4,96,0.0,1006.1,3.3
2001-09-07T06:00,22.1,96,0.0,1006.6,2.5
2001-09-07T07:00,22.2,96,0.3,1006.7,2.6
2001-09-07T08:00,24.1,92,0.0,1007.3,2.2
2001-09-07T09:00,25.3,85,0.0,1007.7,2.6
2001-09-07T10:00,26.4,80,0.4,1008.1,6.6
2001-09-07T11:00,27.2,80,1.3,1007.8,9.4
2001-09-07T12:00,25.5,86,5.2,1008.7,6.6
2001-09-07T13:00,25.5,89,3.7,1007.6,4.8
2001-09-07T14:00,25.7,90,0.6,1006.8,3.8
2001-09-07T15:00,26.3,85,0.9,1006.1,4.9
2001-09-07T16:00,25.2,90,1.5,1005.1,5.4
2001-09-07T17:00,25.2,88,0.5,1005.4,3.8
2001-09-07T18:00,24.9,89,0.0,1005.5,3.8
2001-09-07T19:00,24.4,91,0.0,1006.3,2.5
2001-09-07T20:00,24.1,92,0.0,1006.1,3.4
2001-09-07T21:00,23.7,93,0.0,1005.5,5.1
2001-09-07T22:00,23.2,96,0.0,1006.1,3.8
2001-09-07T23:00,23.3,94,0.0,1007.2,0.8
2001-09-08T00:00,23.1,93,0.3,1007.2,2.5
2001-09-08T01:00,22.7,95,0.6,1007.1,4.3
2001-09-08T02:00,22.4,94,0.2,1006.3,5.5
2001-09-08T03:00,22.1,94,0.3,1005.7,4.7
2001-09-08T04:00,21.4,99,0.7,1005.7,2.9
2001-09-08T05:00,21.1,99,0.6,1006.2,4.8
2001-09-08T06:00,21.5,95,0.0,1006.5,5.4
2001-09-08T07:00,21.6,96,0.0,1006.7,5.4
2001-09-08T08:00,23.2,96,0.0,1007.0,2.9
2001-09-08T09:00,25.2,86,0.0,1007.7,2.3
2001-09-08T10:00,26.7,80,0.8,1007.9,4.7
2001-09-08T11:00,27.4,78,2.5,1008.0,6.0
2001-09-08T12:00,27.2,80,3.9,1007.8,5.1
2001-09-08T13:00,27.8,78,0.4,1007.2,6.4
2001-09-08T14:00,26.5,90,4.1,1006.6,6.2
2001-09-08T15:00,26.3,91,3.7,1004.9,6.6
2001-09-08T16:00,25.7,85,3.5,1005.3,6.4
2001-09-08T17:00,24.1,92,1.7,1005.7,4.8
2001-09-08T18:00,23.7,95,0.2,1006.0,2.5
2001-09-08T19:00,23.5,95,0.0,1006.6,1.9
2001-09-08T20:00,23.3,95,0.0,1006.4,2.3
2001-09-08T21:00,23.0,94,0.0,1007.1,2.7
2001-09-08T22:00,22.9,94,0.0,1007.7,3.3
2001-09-08T23:00,22.5,96,0.0,1007.9,2.9
2001-09-09T00:00,22.0,97,0.0,1007.4,2.2
2001-09-09T01:00,21.7,98,0.0,1007.1,1.9
2001-09-09T02:00,21.9,94,0.3,1006.8,2.9
2001-09-09T03:00,21.0,99,0.4,1006.3,3.4
2001-09-09T04:00,20.9,99,0.1,1006.1,3.7
2001-09-09T05:00,21.2,96,0.0,1006.4,7.4
2001-09-09T06:00,20.9,97,0.0,1007.4,6.8
2001-09-09T07:00,21.0,99,0.2,1007.6,6.3
2001-09-09T08:00,23.0,96,0.1,1007.9,2.3
2001-09-09T09:00,24.6,91,0.0,1009.1,2.8
2001-09-09T10:00,25.7,87,0.0,1009.7,5.1
2001-09-09T11:00,26.7,85,0.0,1009.7,5.0
2001-09-09T12:00,27.2,84,0.6,1008.5,3.6
2001-09-09T13:00,27.4,84,1.2,1007.5,7.3
2001-09-09T14:00,26.6,80,2.8,1006.5,9.5
2001-09-09T15:00,26.3,84,0.8,1006.4,7.8
2001-09-09T16:00,25.4,86,1.2,1006.6,4.7
2001-09-09T17:00,24.5,89,0.9,1006.7,4.7
2001-09-09T18:00,24.4,90,0.0,1006.5,3.6
2001-09-09T19:00,24.0,91,0.0,1007.3,5.2
2001-09-09T20:00,23.6,89,0.3,1007.8,6.2
2001-09-09T21:00,23.0,92,0.2,1008.6,6.3
2001-09-09T22:00,22.2,96,0.3,1009.0,3.2
2001-09-09T23:00,22.3,94,0.0,1008.9,4.8
2001-09-10T00:00,22.2,93,0.0,1008.4,4.7
2001-09-10T01:00,21.8,95,0.0,1008.1,4.0
2001-09-10T02:00,22.0,95,0.0,1007.4,4.3
2001-09-10T03:00,22.2,94,0.0,1006.8,5.1
2001-09-10T04:00,22.1,94,0.0,1006.7,5.2
2001-09-10T05:00,22.0,94,0.0,1007.0,5.8
2001-09-10T06:00,21.9,94,0.0,1007.7,5.5
2001-09-10T07:00,22.0,94,0.0,1008.4,6.8
2001-09-10T08:00,23.4,92,0.0,1008.9,5.4
2001-09-10T09:00,25.4,84,0.0,1009.5,1.4
2001-09-10T10:00,26.9,77,0.0,1009.4,0.5
2001-09-10T11:00,28.1,73,0.0,1009.6,2.6
2001-09-10T12:00,28.7,71,0.2,1009.7,4.7
2001-09-10T13:00,28.3,74,2.4,1008.3,6.3
2001-09-10T14:00,26.7,82,2.6,1007.9,3.6
2001-09-10T15:00,26.7,82,0.3,1006.9,3.7
2001-09-10T16:00,25.8,86,2.0,1007.2,4.6
2001-09-10T17:00,24.5,88,3.5,1007.5,3.4
2001-09-10T18:00,23.9,93,0.3,1007.8,1.1
2001-09-10T19:00,23.9,92,0.0,1007.4,0.4
2001-09-10T20:00,23.4,94,0.0,1007.9,3.3
2001-09-10T21:00,22.7,95,0.0,1007.9,4.0
2001-09-10T22:00,22.7,94,0.0,1008.2,4.7
2001-09-10T23:00,22.4,94,0.0,1008.1,4.7
2001-09-11T00:00,22.1,94,0.0,1007.7,5.4
2001-09-11T01:00,21.6,96,0.0,1007.4,6.1
2001-09-11T02:00,21.4,95,0.0,1006.8,6.5
2001-09-11T03:00,21.6,93,0.0,1006.4,6.9
2001-09-11T04:00,21.4,93,0.0,1006.0,7.0
2001-09-11T05:00,21.3,92,0.0,1006.0,7.6
2001-09-11T06:00,21.0,92,0.0,1006.8,7.1
2001-09-11T07:00,21.1,92,0.0,1007.1,7.3
2001-09-11T08:00,23.3,92,0.0,1007.7,4.3
2001-09-11T09:00,25.2,82,0.2,1008.5,1.1
2001-09-11T10:00,27.2,73,0.0,1008.8,3.4
2001-09-11T11:00,28.2,68,0.7,1008.8,4.7
2001-09-11T12:00,28.5,69,2.0,1008.4,6.2
2001-09-11T13:00,28.4,70,0.7,1008.0,3.3
2001-09-11T14:00,26.6,81,0.8,1006.5,3.3
2001-09-11T15:00,27.5,78,0.0,1005.0,3.4
2001-09-11T16:00,26.5,83,1.9,1004.7,4.8
2001-09-11T17:00,26.1,84,0.4,1005.0,3.1
2001-09-11T18:00,25.4,87,0.1,1004.7,1.5
2001-09-11T19:00,24.7,91,0.5,1005.7,2.1
2001-09-11T20:00,24.5,89,0.2,1006.6,2.1
2001-09-11T21:00,24.2,90,0.2,1007.1,2.4
2001-09-11T22:00,24.0,90,0.1,1007.9,2.1
2001-09-11T23:00,23.7,91,0.2,1007.9,2.9
2001-09-12T00:00,23.4,91,0.3,1006.9,2.6
2001-09-12T01:00,23.3,91,0.6,1006.6,2.8
2001-09-12T02:00,21.7,98,0.0,1005.4,3.6
2001-09-12T03:00,21.4,98,0.3,1005.3,3.4
2001-09-12T04:00,21.1,98,0.7,1005.0,3.2
2001-09-12T05:00,21.8,95,2.1,1005.3,4.0
2001-09-12T06:00,21.0,98,1.7,1005.8,4.8
2001-09-12T07:00,21.2,98,1.6,1006.6,4.1
2001-09-12T08:00,23.8,94,1.5,1007.2,2.8
2001-09-12T09:00,24.4,91,0.6,1007.9,2.6
2001-09-12T10:00,25.8,86,0.2,1008.2,3.1
2001-09-12T11:00,26.5,82,0.2,1008.3,3.9
2001-09-12T12:00,26.9,81,0.1,1007.5,5.1
2001-09-12T13:00,27.0,82,2.0,1007.0,3.4
2001-09-12T14:00,25.3,89,5.6,1006.2,3.6
2001-09-12T15:00,25.2,85,4.4,1005.9,3.7
2001-09-12T16:00,24.2,92,1.3,1005.8,3.6
2001-09-12T17:00,24.1,93,0.5,1005.5,3.6
2001-09-12T18:00,24.1,93,0.1,1005.9,2.4
2001-09-12T19:00,23.9,93,0.0,1006.4,1.6
2001-09-12T20:00,23.4,96,0.0,1007.0,2.9
2001-09-12T21:00,23.0,96,0.0,1007.4,2.5
2001-09-12T22:00,22.8,96,0.0,1008.0,1.5
2001-09-12T23:00,22.7,96,0.0,1008.2,2.0
2001-09-13T00:00,22.3,96,0.2,1007.4,2.9
2001-09-13T01:00,22.3,96,0.0,1007.0,4.2
2001-09-13T02:00,22.1,96,0.0,1006.1,5.5
2001-09-13T03:00,22.0,96,0.0,1005.4,4.7
2001-09-13T04:00,21.7,96,0.0,1005.1,4.4
2001-09-13T05:00,21.4,96,0.2,1005.8,6.1
2001-09-13T06:00,21.0,96,0.4,1006.4,7.6
2001-09-13T07:00,21.1,97,0.2,1006.7,5.9
2001-09-13T08:00,23.1,95,0.1,1007.6,3.9
2001-09-13T09:00,24.4,88,0.0,1007.9,1.6
2001-09-13T10:00,26.0,81,0.0,1008.0,1.6
2001-09-13T11:00,27.0,77,0.0,1007.7,4.3
2001-09-13T12:00,27.8,75,0.1,1006.9,6.0
2001-09-13T13:00,28.1,72,1.0,1006.3,6.5
2001-09-13T14:00,26.5,81,1.3,1005.3,6.4
2001-09-13T15:00,26.5,81,3.2,1005.0,6.2
2001-09-13T16:00,26.0,84,3.5,1005.0,5.6
2001-09-13T17:00,24.4,92,4.4,1005.2,5.9
2001-09-13T18:00,23.6,99,3.6,1005.4,5.8
2001-09-13T19:00,23.2,99,3.8,1006.3,4.3
2001-09-13T20:00,22.8,99,5.7,1007.1,3.6
2001-09-13T21:00,22.6,99,8.9,1007.3,2.2
2001-09-13T22:00,22.7,99,9.6,1007.5,1.1
2001-09-13T23:00,22.9,99,8.9,1007.8,0.4
2001-09-14T00:00,23.0,96,7.0,1007.5,2.3
2001-09-14T01:00,22.8,99,4.4,1006.7,4.6
2001-09-14T02:00,22.3,99,0.9,1006.0,3.3
2001-09-14T03:00,22.1,99,1.0,1005.8,3.6
2001-09-14T04:00,21.9,99,1.4,1005.3,3.3
2001-09-14T05:00,21.8,99,1.3,1005.4,2.3
2001-09-14T06:00,21.8,100,2.4,1006.2,3.4
2001-09-14T07:00,21.7,99,3.9,1006.9,4.7
2001-09-14T08:00,22.2,99,4.1,1007.3,4.3
2001-09-14T09:00,22.7,99,2.4,1007.8,4.0
2001-09-14T10:00,22.9,99,1.0,1008.2,3.7
2001-09-14T11:00,24.2,98,0.5,1008.0,4.3
2001-09-14T12:00,23.9,99,1.1,1007.7,5.6
2001-09-14T13:00,23.9,98,1.3,1006.8,7.9
2001-09-14T14:00,23.2,98,3.1,1006.3,7.3
2001-09-14T15:00,23.6,99,2.2,1005.6,4.9
2001-09-14T16:00,23.2,98,2.1,1005.2,5.8
2001-09-14T17:00,22.7,98,1.4,1005.4,8.4
2001-09-14T18:00,22.3,98,1.3,1005.8,7.2
2001-09-14T19:00,22.0,99,1.0,1006.4,6.5
2001-09-14T20:00,22.0,99,0.8,1007.0,5.4
2001-09-14T21:00,21.8,99,0.7,1007.5,5.1
2001-09-14T22:00,21.8,99,0.3,1007.8,4.1
2001-09-14T23:00,21.8,99,0.2,1008.2,3.0
2001-09-15T00:00,21.8,98,0.2,1007.7,2.5
2001-09-15T01:00,21.5,99,0.2,1007.2,2.8
2001-09-15T02:00,21.5,99,0.2,1006.6,3.5
2001-09-15T03:00,21.5,99,0.3,1006.2,4.3
2001-09-15T04:00,21.4,99,0.2,1005.6,4.8
2001-09-15T05:00,21.5,99,0.2,1006.4,4.7
2001-09-15T06:00,21.4,99,0.0,1006.4,3.7
2001-09-15T07:00,21.6,99,0.0,1006.8,3.3
2001-09-15T08:00,24.0,91,0.0,1007.2,0.4
2001-09-15T09:00,24.2,90,0.1,1008.2,3.9
2001-09-15T10:00,25.5,87,0.2,1008.4,7.3
2001-09-15T11:00,26.1,84,0.5,1008.7,7.9
2001-09-15T12:00,25.7,85,1.5,1008.1,8.8
2001-09-15T13:00,26.1,86,1.2,1007.7,6.8
2001-09-15T14:00,25.6,86,0.5,1006.2,7.1
2001-09-15T15:00,26.3,83,0.4,1005.1,9.2
2001-09-15T16:00,26.0,83,0.2,1004.7,9.1
2001-09-15T17:00,25.3,85,0.5,1004.9,7.0
2001-09-15T18:00,24.3,88,0.5,1005.5,7.0
2001-09-15T19:00,23.8,91,0.0,1006.3,6.1
2001-09-15T20:00,23.4,93,0.0,1006.9,5.5
2001-09-15T21:00,23.2,94,0.0,1007.3,3.3
2001-09-15T22:00,22.8,94,0.0,1007.7,3.3
2001-09-15T23:00,22.7,94,0.0,1007.6,3.4
2001-09-16T00:00,22.6,94,0.0,1007.7,4.5
2001-09-16T01:00,22.5,94,0.0,1007.0,5.5
2001-09-16T02:00,22.4,94,0.0,1006.4,4.9
2001-09-16T03:00,22.2,93,0.0,1005.8,4.2
2001-09-16T04:00,22.1,94,0.0,1005.8,4.4
2001-09-16T05:00,21.9,94,0.0,1006.4,3.7
2001-09-16T06:00,21.6,95,0.0,1006.8,4.7
2001-09-16T07:00,21.6,95,0.0,1006.8,5.4
2001-09-16T08:00,23.5,92,0.0,1007.4,3.0
2001-09-16T09:00,25.0,86,0.0,1008.0,2.3
2001-09-16T10:00,26.5,77,0.0,1008.2,3.8
2001-09-16T11:00,27.3,73,0.0,1008.0,4.9
2001-09-16T12:00,27.3,73,0.6,1008.0,5.1
2001-09-16T13:00,26.1,80,1.6,1007.6,6.6
2001-09-16T14:00,26.1,83,4.5,1006.9,4.2
2001-09-16T15:00,26.3,82,0.2,1005.3,4.8
2001-09-16T16:00,26.3,83,0.0,1004.5,0.7
2001-09-16T17:00,26.5,82,0.0,1004.3,3.3
2001-09-16T18:00,25.9,86,0.0,1004.9,3.9
2001-09-16T19:00,25.1,90,0.0,1005.7,3.8
2001-09-16T20:00,24.6,92,0.0,1006.3,3.2
2001-09-16T21:00,24.3,93,0.0,1006.9,3.1
2001-09-16T22:00,24.1,94,0.0,1007.7,3.2
2001-09-16T23:00,24.0,93,0.0,1008.1,3.4
2001-09-17T00:00,23.7,94,0.0,1008.0,3.1
2001-09-17T01:00,23.3,94,0.0,1007.6,4.1
2001-09-17T02:00,22.8,95,0.0,1006.2,4.0
2001-09-17T03:00,22.3,96,0.0,1005.9,4.3
2001-09-17T04:00,22.2,95,0.0,1005.4,5.0
2001-09-17T05:00,22.2,94,0.0,1006.1,6.5
2001-09-17T06:00,22.1,93,0.0,1006.3,6.5
2001-09-17T07:00,22.2,93,0.2,1006.7,6.5
2001-09-17T08:00,23.8,89,0.2,1007.3,3.2
2001-09-17T09:00,25.3,83,0.3,1008.5,1.6
2001-09-17T10:00,26.7,78,0.4,1008.9,4.5
2001-09-17T11:00,27.2,77,0.2,1008.3,3.1
2001-09-17T12:00,27.9,73,0.1,1006.9,4.0
2001-09-17T13:00,28.7,69,0.1,1005.6,5.4
2001-09-17T14:00,29.1,68,0.8,1004.6,4.9
2001-09-17T15:00,28.2,72,1.1,1004.7,4.2
2001-09-17T16:00,27.4,74,0.7,1004.9,5.4
2001-09-17T17:00,25.9,82,0.1,1005.0,2.3
2001-09-17T18:00,25.4,85,0.3,1004.9,1.6
2001-09-17T19:00,24.9,89,0.0,1005.6,1.5
2001-09-17T20:00,24.2,92,0.0,1005.8,0.5
2001-09-17T21:00,23.7,94,0.0,1006.5,0.8
2001-09-17T22:00,23.4,94,0.0,1007.1,3.3
2001-09-17T23:00,23.1,94,0.0,1007.4,4.3
2001-09-18T00:00,22.8,94,0.0,1007.1,4.7
2001-09-18T01:00,22.3,94,0.0,1006.4,5.0
2001-09-18T02:00,22.3,95,0.0,1005.9,5.0
2001-09-18T03:00,22.0,94,0.3,1005.2,5.1
2001-09-18T04:00,21.9,93,0.3,1005.0,5.1
2001-09-18T05:00,21.6,93,0.2,1004.9,5.5
2001-09-18T06:00,21.6,93,0.5,1005.6,4.5
2001-09-18T07:00,22.0,92,0.6,1006.2,3.6
2001-09-18T08:00,24.0,88,0.4,1006.8,3.6
2001-09-18T09:00,25.8,78,0.0,1007.2,1.5
2001-09-18T10:00,27.0,75,0.0,1007.1,1.8
2001-09-18T11:00,27.7,72,1.5,1007.1,4.7
2001-09-18T12:00,27.6,74,2.7,1006.7,4.3
2001-09-18T13:00,27.1,78,3.5,1006.3,3.1
2001-09-18T14:00,25.6,86,0.3,1005.1,2.3
2001-09-18T15:00,25.9,87,0.1,1004.5,1.5
2001-09-18T16:00,26.2,83,0.0,1003.6,4.0
2001-09-18T17:00,26.2,83,0.0,1003.8,5.0
2001-09-18T18:00,25.5,87,0.0,1004.5,5.1
2001-09-18T19:00,24.6,91,0.0,1005.7,4.3
2001-09-18T20:00,24.1,91,0.1,1006.1,3.6
2001-09-18T21:00,23.7,92,0.0,1006.5,4.1
2001-09-18T22:00,23.3,94,0.0,1006.8,4.0
2001-09-18T23:00,22.8,95,0.1,1006.9,3.7
2001-09-19T00:00,22.4,96,0.6,1006.9,2.3
2001-09-19T01:00,22.0,95,0.8,1006.3,1.8
2001-09-19T02:00,21.9,91,0.4,1005.7,2.5
2001-09-19T03:00,22.0,91,0.2,1005.0,2.5
2001-09-19T04:00,21.8,93,0.2,1005.0,2.9
2001-09-19T05:00,22.0,91,0.0,1005.1,2.5
2001-09-19T06:00,22.1,90,0.0,1005.4,3.6
2001-09-19T07:00,22.3,90,0.0,1005.9,5.1
2001-09-19T08:00,23.5,88,0.0,1005.6,3.2
2001-09-19T09:00,25.2,81,0.0,1006.6,2.4
2001-09-19T10:00,26.4,77,0.0,1007.1,4.4
2001-09-19T11:00,27.3,74,0.0,1007.1,7.6
2001-09-19T12:00,27.9,72,0.6,1007.0,7.8
2001-09-19T13:00,26.8,76,2.5,1006.2,6.2
2001-09-19T14:00,25.6,87,1.4,1005.3,6.9
2001-09-19T15:00,24.5,91,2.3,1004.8,8.5
2001-09-19T16:00,23.5,95,1.7,1005.1,5.6
2001-09-19T17:00,23.6,96,0.9,1005.8,2.6
2001-09-19T18:00,22.9,99,1.5,1005.5,2.9
2001-09-19T19:00,22.3,99,0.6,1006.0,1.5
2001-09-19T20:00,22.2,99,0.2,1006.0,2.2
2001-09-19T21:00,22.3,97,0.0,1006.6,2.4
2001-09-19T22:00,22.4,95,0.0,1006.9,1.8
2001-09-19T23:00,21.7,98,0.0,1007.1,0.4
2001-09-20T00:00,21.8,98,0.0,1006.9,1.1
2001-09-20T01:00,21.4,99,0.0,1006.4,1.8
2001-09-20T02:00,21.7,98,0.0,1005.7,2.2
2001-09-20T03:00,21.5,99,0.0,1005.2,2.2
2001-09-20T04:00,21.2,99,0.0,1005.1,2.2
2001-09-20T05:00,21.0,99,0.0,1005.5,2.9
2001-09-20T06:00,21.0,99,0.0,1005.4,3.7
2001-09-20T07:00,21.7,96,0.0,1005.9,3.8
2001-09-20T08:00,23.0,93,0.0,1006.3,2.4
2001-09-20T09:00,24.4,86,0.0,1006.9,0.0
2001-09-20T10:00,25.9,78,0.0,1007.2,3.4
2001-09-20T11:00,27.1,74,0.2,1007.3,5.9
2001-09-20T12:00,27.5,74,0.3,1006.8,8.4
2001-09-20T13:00,27.3,76,0.4,1005.7,10.2
2001-09-20T14:00,26.4,82,3.5,1005.8,6.0
2001-09-20T15:00,25.8,82,1.7,1004.7,6.1
2001-09-20T16:00,24.6,89,2.1,1004.4,4.9
2001-09-20T17:00,24.1,92,0.6,1004.5,2.3
2001-09-20T18:00,23.7,92,0.3,1005.1,2.5
2001-09-20T19:00,23.3,92,0.0,1005.8,3.3
2001-09-20T20:00,23.0,94,0.0,1006.3,4.0
2001-09-20T21:00,22.8,94,0.0,1007.0,4.3
2001-09-20T22:00,22.6,94,0.0,1007.2,2.9
2001-09-20T23:00,22.1,95,0.0,1006.9,3.4
2001-09-21T00:00,21.8,94,0.0,1006.6,3.1
2001-09-21T01:00,21.7,94,0.0,1005.8,3.5
2001-09-21T02:00,21.8,94,0.0,1005.1,3.8
2001-09-21T03:00,21.7,93,0.0,1004.4,4.7
2001-09-21T04:00,21.7,93,0.0,1004.0,4.3
2001-09-21T05:00,21.5,94,0.0,1004.4,5.1
2001-09-21T06:00,21.6,94,0.0,1004.9,4.4
2001-09-21T07:00,21.9,94,0.0,1005.6,3.6
2001-09-21T08:00,23.7,93,0.0,1006.1,2.9
2001-09-21T09:00,25.2,85,0.0,1006.5,1.1
2001-09-21T10:00,26.6,78,0.0,1006.4,0.8
2001-09-21T11:00,27.4,74,0.0,1006.3,2.1
2001-09-21T12:00,27.7,75,1.9,1005.7,2.7
2001-09-21T13:00,28.1,75,0.7,1005.3,5.3
2001-09-21T14:00,27.1,78,4.2,1003.9,5.8
2001-09-21T15:00,25.1,87,9.6,1004.6,4.8
2001-09-21T16:00,24.7,89,2.3,1004.4,1.1
2001-09-21T17:00,24.4,91,0.3,1004.0,5.4
2001-09-21T18:00,24.0,94,0.1,1004.0,3.1
2001-09-21T19:00,24.1,92,0.0,1004.8,2.2
2001-09-21T20:00,23.0,96,0.5,1005.6,2.9
2001-09-21T21:00,22.7,96,0.0,1006.1,4.3
2001-09-21T22:00,22.5,96,0.0,1006.7,5.6
2001-09-21T23:00,22.3,96,0.0,1006.3,5.5
2001-09-22T00:00,22.3,96,0.0,1005.8,5.1
2001-09-22T01:00,22.2,96,0.0,1005.3,5.2
2001-09-22T02:00,21.8,96,0.0,1004.8,5.5
2001-09-22T03:00,21.6,96,0.0,1004.3,5.8
2001-09-22T04:00,21.9,94,0.0,1004.1,5.8
2001-09-22T05:00,21.9,93,0.0,1004.2,6.3
2001-09-22T06:00,21.9,93,0.0,1004.6,6.4
2001-09-22T07:00,22.1,93,0.0,1005.2,6.5
2001-09-22T08:00,23.1,92,0.2,1006.1,4.0
2001-09-22T09:00,24.8,86,0.1,1006.7,1.3
2001-09-22T10:00,25.6,82,0.4,1006.6,1.5
2001-09-22T11:00,26.9,75,0.0,1006.5,1.8
2001-09-22T12:00,27.2,72,1.0,1005.6,5.4
2001-09-22T13:00,27.9,70,1.6,1005.6,6.0
2001-09-22T14:00,26.1,81,4.6,1004.8,7.1
2001-09-22T15:00,25.6,84,1.0,1004.3,3.1
2001-09-22T16:00,25.0,90,0.4,1003.2,1.8
2001-09-22T17:00,25.1,90,0.2,1003.1,1.0
2001-09-22T18:00,24.9,91,0.0,1003.6,0.7
2001-09-22T19:00,24.3,92,0.0,1004.1,1.1
2001-09-22T20:00,23.7,94,0.8,1005.0,2.1
2001-09-22T21:00,23.3,94,0.1,1006.1,2.6
2001-09-22T22:00,22.8,93,0.9,1006.9,2.9
2001-09-22T23:00,22.2,95,0.6,1006.9,3.5
2001-09-23T00:00,22.0,95,0.5,1006.5,3.8
2001-09-23T01:00,21.9,96,0.4,1005.9,2.9
2001-09-23T02:00,21.3,98,1.1,1005.1,2.5
2001-09-23T03:00,21.3,99,1.4,1004.5,2.9
2001-09-23T04:00,21.3,99,0.9,1004.2,4.0
2001-09-23T05:00,21.5,97,0.8,1004.9,5.1
2001-09-23T06:00,21.5,98,0.3,1005.4,5.1
2001-09-23T07:00,21.9,95,0.0,1006.0,3.7
2001-09-23T08:00,23.0,96,0.0,1006.7,1.1
2001-09-23T09:00,24.5,88,0.0,1007.2,0.8
2001-09-23T10:00,25.5,83,0.1,1007.5,2.2
2001-09-23T11:00,27.2,76,0.0,1007.4,5.4
2001-09-23T12:00,27.5,77,0.5,1006.4,7.6
2001-09-23T13:00,26.6,81,3.4,1006.1,9.1
2001-09-23T14:00,25.8,91,3.0,1005.4,9.9
2001-09-23T15:00,25.6,87,1.8,1005.5,6.5
2001-09-23T16:00,24.4,91,5.1,1005.3,3.9
2001-09-23T17:00,23.7,94,2.5,1004.7,3.9
2001-09-23T18:00,23.0,99,1.6,1005.3,4.1
2001-09-23T19:00,22.7,99,1.6,1006.0,1.6
2001-09-23T20:00,22.7,99,2.3,1006.4,1.8
2001-09-23T21:00,22.4,99,2.1,1007.1,2.1
2001-09-23T22:00,22.1,99,2.1,1007.4,2.5
2001-09-23T23:00,22.0,99,1.7,1007.5,2.2
2001-09-24T00:00,21.5,99,0.9,1007.2,2.9
2001-09-24T01:00,21.4,99,0.6,1006.6,3.3
2001-09-24T02:00,21.9,95,0.0,1005.8,2.6
2001-09-24T03:00,21.9,96,0.0,1005.3,3.5
2001-09-24T04:00,21.9,96,0.2,1005.4,3.4
2001-09-24T05:00,21.7,99,0.3,1005.6,2.4
2001-09-24T06:00,21.6,99,0.3,1005.9,1.6
2001-09-24T07:00,21.8,98,0.3,1006.6,1.8
2001-09-24T08:00,23.9,92,0.2,1007.4,3.3
2001-09-24T09:00,24.3,88,0.0,1008.0,4.4
2001-09-24T10:00,25.8,82,0.0,1008.1,5.4
2001-09-24T11:00,26.3,78,0.3,1007.9,6.6
2001-09-24T12:00,26.7,78,0.5,1007.3,7.1
2001-09-24T13:00,26.2,80,2.1,1006.5,6.4
2001-09-24T14:00,25.2,89,2.0,1005.9,6.0
2001-09-24T15:00,24.3,92,3.3,1005.5,4.6
2001-09-24T16:00,24.9,92,1.3,1005.6,4.7
2001-09-24T17:00,24.0,93,0.8,1005.6,3.9
2001-09-24T18:00,23.8,94,0.3,1005.2,2.7
2001-09-24T19:00,23.6,94,0.2,1005.7,2.6
2001-09-24T20:00,23.2,95,0.1,1006.1,2.7
2001-09-24T21:00,22.8,96,0.0,1006.9,3.7
2001-09-24T22:00,22.5,97,0.0,1007.3,3.9
2001-09-24T23:00,22.5,95,0.0,1007.1,4.0
2001-09-25T00:00,22.0,96,0.0,1006.6,5.1
2001-09-25T01:00,22.0,95,0.0,1006.0,5.0
2001-09-25T02:00,22.1,96,0.0,1005.6,4.0
2001-09-25T03:00,22.1,94,0.0,1005.3,4.7
2001-09-25T04:00,21.8,94,0.0,1005.1,5.1
2001-09-25T05:00,21.6,96,0.0,1006.1,4.4
2001-09-25T06:00,21.5,95,0.2,1006.4,4.0
2001-09-25T07:00,21.8,96,0.0,1006.8,5.0
2001-09-25T08:00,23.6,93,0.0,1007.5,3.2
2001-09-25T09:00,25.1,86,0.0,1008.0,1.1
2001-09-25T10:00,26.7,77,0.0,1008.0,2.9
2001-09-25T11:00,27.3,74,0.0,1007.1,4.0
2001-09-25T12:00,27.8,72,0.2,1006.5,5.6
2001-09-25T13:00,28.2,71,0.2,1006.0,4.9
2001-09-25T14:00,27.0,77,3.7,1005.4,3.6
2001-09-25T15:00,27.2,79,1.0,1004.9,1.5
2001-09-25T16:00,26.5,84,0.6,1004.9,2.7
2001-09-25T17:00,25.3,90,1.1,1005.0,2.1
2001-09-25T18:00,25.0,93,0.0,1004.6,3.1
2001-09-25T19:00,24.7,93,0.0,1004.9,2.6
2001-09-25T20:00,24.3,94,0.0,1005.6,3.1
2001-09-25T21:00,23.3,95,0.0,1006.4,2.9
2001-09-25T22:00,22.7,96,0.0,1007.0,3.3
2001-09-25T23:00,22.2,97,0.0,1006.8,3.6
2001-09-26T00:00,22.1,96,0.0,1006.5,5.1
2001-09-26T01:00,22.1,96,0.0,1005.9,5.9
2001-09-26T02:00,22.6,93,0.0,1005.6,6.3
2001-09-26T03:00,22.4,93,0.0,1005.3,6.6
2001-09-26T04:00,22.4,91,0.0,1005.0,7.0
2001-09-26T05:00,22.3,90,0.0,1005.1,6.9
2001-09-26T06:00,22.2,89,0.0,1005.7,6.6
2001-09-26T07:00,22.4,90,0.0,1005.9,5.9
2001-09-26T08:00,24.0,86,0.0,1006.7,4.1
2001-09-26T09:00,25.8,79,0.0,1007.3,1.5
2001-09-26T10:00,27.4,74,0.1,1007.7,2.4
2001-09-26T11:00,28.2,71,0.3,1007.7,5.6
2001-09-26T12:00,29.0,69,0.2,1007.0,6.8
2001-09-26T13:00,28.7,71,0.6,1006.2,4.1
2001-09-26T14:00,27.6,78,0.2,1004.6,5.1
2001-09-26T15:00,27.5,77,2.0,1004.0,6.1
2001-09-26T16:00,26.8,79,0.2,1003.7,7.1
2001-09-26T17:00,25.8,85,0.3,1003.7,6.1
2001-09-26T18:00,24.6,89,0.3,1004.1,2.9
2001-09-26T19:00,24.5,91,0.0,1004.9,1.8
2001-09-26T20:00,24.6,89,0.0,1005.5,1.8
2001-09-26T21:00,24.5,89,0.0,1006.1,1.5
2001-09-26T22:00,24.0,91,0.0,1006.6,0.4
2001-09-26T23:00,23.0,94,0.0,1006.8,2.1
2001-09-27T00:00,22.7,96,0.0,1006.3,2.6
2001-09-27T01:00,22.7,95,0.0,1005.6,3.2
2001-09-27T02:00,22.8,94,0.0,1004.8,3.5
2001-09-27T03:00,22.7,94,0.0,1004.5,3.9
2001-09-27T04:00,22.6,94,0.2,1004.3,3.6
2001-09-27T05:00,22.4,94,0.2,1004.9,5.8
2001-09-27T06:00,22.2,94,0.1,1005.8,3.3
2001-09-27T07:00,22.3,96,0.3,1006.4,3.5
2001-09-27T08:00,23.8,94,0.3,1006.7,2.5
2001-09-27T09:00,24.5,90,0.0,1006.9,1.5
2001-09-27T10:00,26.7,79,0.0,1007.2,4.7
2001-09-27T11:00,27.4,74,0.3,1007.1,5.6
2001-09-27T12:00,28.2,71,0.1,1006.1,4.3
2001-09-27T13:00,28.8,69,0.0,1004.9,2.3
2001-09-27T14:00,27.9,75,0.5,1003.2,3.7
2001-09-27T15:00,28.3,72,0.2,1002.6,4.6
2001-09-27T16:00,27.0,78,0.3,1002.3,7.9
2001-09-27T17:00,25.5,87,1.7,1002.9,4.5
2001-09-27T18:00,24.0,94,3.1,1004.0,3.1
2001-09-27T19:00,23.6,99,1.7,1004.7,3.3
2001-09-27T20:00,23.4,100,0.9,1005.3,3.2
2001-09-27T21:00,23.3,99,1.1,1006.1,2.3
2001-09-27T22:00,23.3,99,0.2,1006.7,1.6
2001-09-27T23:00,23.3,96,0.0,1006.4,2.2
2001-09-28T00:00,23.6,92,0.0,1006.2,2.5
2001-09-28T01:00,22.8,97,0.1,1005.6,1.0
2001-09-28T02:00,22.3,99,3.9,1004.8,1.3
2001-09-28T03:00,22.3,99,4.9,1004.3,2.3
2001-09-28T04:00,22.2,99,4.0,1004.1,3.7
2001-09-28T05:00,22.1,99,3.4,1004.7,3.9
2001-09-28T06:00,22.0,99,3.6,1005.0,4.0
2001-09-28T07:00,22.2,99,4.4,1005.9,3.8
2001-09-28T08:00,22.7,99,4.7,1006.7,4.1
2001-09-28T09:00,23.5,98,5.8,1007.6,5.9
2001-09-28T10:00,23.2,99,6.5,1007.7,8.8
2001-09-28T11:00,23.6,99,4.1,1007.9,8.0
2001-09-28T12:00,23.4,99,1.7,1007.2,6.7
2001-09-28T13:00,23.4,99,0.8,1006.3,7.6
2001-09-28T14:00,23.8,95,0.7,1005.7,7.8
2001-09-28T15:00,23.5,99,1.2,1005.4,7.7
2001-09-28T16:00,23.1,98,1.2,1005.3,7.9
2001-09-28T17:00,23.2,95,0.3,1004.9,8.8
2001-09-28T18:00,23.2,94,0.3,1005.5,8.1
2001-09-28T19:00,22.5,99,0.6,1005.7,8.6
2001-09-28T20:00,22.4,98,0.3,1006.5,8.1
2001-09-28T21:00,22.4,99,0.2,1006.9,7.6
2001-09-28T22:00,22.4,99,0.0,1007.4,6.5
2001-09-28T23:00,22.8,95,0.0,1007.5,5.2
2001-09-29T00:00,22.3,98,0.0,1007.2,4.0
2001-09-29T01:00,22.2,99,0.5,1006.8,4.7
2001-09-29T02:00,22.0,98,0.5,1006.2,5.4
2001-09-29T03:00,22.0,99,0.6,1005.9,6.2
2001-09-29T04:00,21.9,99,0.6,1006.0,7.0
2001-09-29T05:00,21.9,99,0.9,1006.4,6.1
2001-09-29T06:00,21.9,99,2.1,1006.3,4.2
2001-09-29T07:00,21.9,99,4.2,1007.0,2.5
2001-09-29T08:00,22.4,99,6.4,1008.0,1.3
2001-09-29T09:00,23.0,98,7.0,1009.1,3.1
2001-09-29T10:00,22.9,99,5.6,1009.8,5.4
2001-09-29T11:00,23.1,98,2.6,1009.8,7.2
2001-09-29T12:00,23.2,99,1.5,1009.5,7.9
2001-09-29T13:00,23.4,99,1.2,1008.7,8.8
2001-09-29T14:00,23.1,98,2.1,1008.3,8.1
2001-09-29T15:00,23.4,99,1.1,1007.5,7.3
2001-09-29T16:00,23.8,99,0.5,1006.4,7.9
2001-09-29T17:00,23.9,94,0.1,1006.5,8.0
2001-09-29T18:00,23.7,94,0.0,1007.0,8.7
2001-09-29T19:00,23.4,94,0.0,1007.0,8.7
2001-09-29T20:00,23.2,94,0.0,1007.3,8.4
2001-09-29T21:00,22.8,94,0.0,1007.7,5.9
2001-09-29T22:00,22.5,94,0.1,1008.2,4.3
2001-09-29T23:00,22.3,94,0.0,1008.3,4.4
2001-09-30T00:00,22.3,93,0.0,1008.4,4.7
2001-09-30T01:00,21.9,93,0.0,1007.9,4.6
2001-09-30T02:00,21.5,94,0.0,1007.4,4.6
2001-09-30T03:00,21.2,94,0.0,1006.8,4.8
2001-09-30T04:00,20.9,95,0.0,1006.7,4.8
2001-09-30T05:00,20.7,93,0.0,1006.6,4.3
2001-09-30T06:00,20.5,93,0.0,1007.4,3.3
2001-09-30T07:00,20.6,94,0.0,1007.9,3.3
2001-09-30T08:00,23.5,92,0.0,1008.7,2.5
2001-09-30T09:00,25.4,82,0.0,1009.5,2.3
2001-09-30T10:00,26.9,75,0.0,1009.7,4.7
2001-09-30T11:00,28.3,70,0.0,1009.4,6.5
2001-09-30T12:00,28.9,68,0.2,1008.9,8.4
2001-09-30T13:00,29.3,68,0.1,1008.5,8.6
2001-09-30T14:00,26.7,80,3.2,1008.0,9.3
2001-09-30T15:00,26.4,84,1.4,1007.4,6.2
2001-09-30T16:00,26.2,84,1.3,1007.0,2.6
2001-09-30T17:00,25.8,86,0.0,1006.8,2.3
2001-09-30T18:00,24.9,92,0.4,1006.5,2.5
2001-09-30T19:00,24.3,93,0.2,1007.1,3.9
2001-09-30T20:00,23.8,94,0.0,1007.6,3.4
2001-09-30T21:00,23.6,94,0.0,1008.7,3.6
2001-09-30T22:00,23.1,95,0.0,1009.1,3.6
2001-09-30T23:00,22.9,94,0.0,1009.0,4.2
2001-10-01T00:00,22.6,94,0.0,1008.7,5.0
2001-10-01T01:00,22.3,94,0.0,1007.8,5.1
2001-10-01T02:00,22.4,93,0.0,1006.9,5.8
2001-10-01T03:00,21.6,95,0.0,1006.3,6.1
2001-10-01T04:00,21.3,95,0.0,1005.6,5.8
2001-10-01T05:00,21.1,95,0.0,1005.9,5.8
2001-10-01T06:00,20.8,96,0.0,1006.4,5.8
2001-10-01T07:00,21.2,95,0.0,1007.3,5.4
2001-10-01T08:00,23.6,89,0.0,1007.9,3.3
2001-10-01T09:00,25.9,80,0.0,1008.4,0.7
2001-10-01T10:00,27.5,73,0.2,1008.6,2.9
2001-10-01T11:00,28.5,70,0.1,1008.3,4.6
2001-10-01T12:00,29.0,69,0.4,1007.1,5.4
2001-10-01T13:00,28.9,70,0.3,1006.6,6.5
2001-10-01T14:00,28.4,74,2.9,1005.6,2.2
2001-10-01T15:00,28.1,73,2.0,1005.3,2.5
2001-10-01T16:00,26.5,84,3.1,1004.7,4.6
2001-10-01T17:00,25.5,90,1.4,1005.3,4.1
2001-10-01T18:00,24.7,93,0.6,1005.0,2.5
2001-10-01T19:00,24.8,90,0.0,1005.5,2.4
2001-10-01T20:00,24.5,92,0.0,1006.0,2.9
2001-10-01T21:00,23.8,94,0.0,1007.0,4.2
2001-10-01T22:00,22.9,96,0.0,1007.5,5.7
2001-10-01T23:00,22.3,97,0.0,1007.7,5.8
2001-10-02T00:00,21.9,97,0.0,1007.5,6.2
2001-10-02T01:00,21.7,96,0.0,1007.0,6.0
2001-10-02T02:00,21.7,94,0.0,1006.4,6.0
2001-10-02T03:00,21.4,94,0.0,1006.1,5.7
2001-10-02T04:00,21.4,93,0.0,1005.5,5.7
2001-10-02T05:00,21.4,92,0.0,1005.6,5.9
2001-10-02T06:00,21.2,92,0.0,1006.0,5.6
2001-10-02T07:00,21.6,93,0.0,1006.9,5.4
2001-10-02T08:00,24.4,87,0.0,1007.7,3.5
2001-10-02T09:00,25.8,82,0.0,1007.7,1.3
2001-10-02T10:00,27.5,73,0.0,1007.8,1.0
2001-10-02T11:00,29.0,66,0.0,1007.8,3.1
2001-10-02T12:00,29.7,64,0.1,1007.1,5.8
2001-10-02T13:00,28.8,68,0.5,1006.4,5.3
2001-10-02T14:00,28.2,74,0.2,1005.5,4.7
2001-10-02T15:00,27.8,77,0.1,1005.0,4.7
2001-10-02T16:00,26.5,82,0.7,1004.8,5.2
2001-10-02T17:00,26.2,84,0.0,1004.6,3.7
2001-10-02T18:00,25.6,86,0.0,1004.6,2.6
2001-10-02T19:00,25.0,89,0.0,1005.0,2.3
2001-10-02T20:00,24.6,91,0.0,1005.7,1.3
2001-10-02T21:00,24.4,91,0.0,1006.6,2.1
2001-10-02T22:00,24.2,91,0.0,1007.4,2.6
2001-10-02T23:00,23.3,93,0.0,1007.4,3.2
2001-10-03T00:00,23.3,93,0.1,1007.1,3.2
2001-10-03T01:00,23.7,91,0.1,1006.9,3.1
2001-10-03T02:00,24.1,89,0.3,1006.4,2.7
2001-10-03T03:00,23.9,89,0.4,1005.6,2.4
2001-10-03T04:00,23.8,89,0.6,1005.6,2.9
2001-10-03T05:00,23.7,90,0.8,1005.3,4.8
2001-10-03T06:00,23.4,90,0.8,1006.1,4.1
2001-10-03T07:00,23.3,91,1.2,1007.4,3.1
2001-10-03T08:00,25.1,89,1.6,1007.9,3.1
2001-10-03T09:00,25.2,86,0.3,1008.5,1.6
2001-10-03T10:00,26.9,79,0.0,1008.6,2.3
2001-10-03T11:00,28.1,73,0.0,1008.3,3.2
2001-10-03T12:00,28.9,69,0.2,1007.0,1.9
2001-10-03T13:00,29.3,68,0.3,1005.6,2.1
2001-10-03T14:00,28.8,71,0.4,1005.0,1.5
2001-10-03T15:00,28.1,74,0.8,1004.7,1.8
2001-10-03T16:00,27.2,77,0.2,1004.2,2.6
2001-10-03T17:00,26.5,83,0.0,1004.0,4.7
2001-10-03T18:00,25.9,86,0.0,1004.1,3.7
2001-10-03T19:00,25.2,89,0.0,1004.7,2.5
2001-10-03T20:00,24.6,92,0.2,1005.6,2.9
2001-10-03T21:00,24.2,94,0.2,1006.3,3.1
2001-10-03T22:00,24.0,94,0.3,1006.9,2.8
2001-10-03T23:00,23.9,94,0.3,1006.9,2.8
2001-10-04T00:00,23.7,94,0.4,1006.9,3.2
2001-10-04T01:00,23.2,94,0.4,1006.2,3.4
2001-10-04T02:00,23.6,91,0.3,1005.5,2.9
2001-10-04T03:00,23.7,90,0.7,1004.9,2.9
2001-10-04T04:00,22.7,93,0.7,1004.7,4.5
2001-10-04T05:00,22.2,94,0.7,1004.9,7.0
2001-10-04T06:00,22.2,93,0.2,1004.8,6.6
2001-10-04T07:00,22.2,93,0.0,1005.5,5.8
2001-10-04T08:00,24.7,87,0.0,1006.6,1.8
2001-10-04T09:00,26.3,79,0.2,1007.6,1.6
2001-10-04T10:00,27.3,75,0.0,1008.0,2.4
2001-10-04T11:00,28.4,70,0.0,1007.5,3.7
2001-10-04T12:00,29.7,64,0.0,1006.8,3.4
2001-10-04T13:00,29.7,64,1.6,1006.0,5.4
2001-10-04T14:00,28.1,73,0.0,1004.7,5.9
2001-10-04T15:00,27.3,78,0.5,1004.3,7.3
2001-10-04T16:00,26.8,80,1.2,1003.9,4.7
2001-10-04T17:00,26.6,82,0.0,1004.6,2.2
2001-10-04T18:00,26.1,85,0.0,1005.0,4.1
2001-10-04T19:00,25.4,88,0.0,1005.0,4.1
2001-10-04T20:00,24.6,92,0.0,1006.1,2.8
2001-10-04T21:00,24.3,89,1.2,1007.7,1.6
2001-10-04T22:00,23.4,93,0.4,1008.4,4.5
2001-10-04T23:00,23.6,92,0.0,1007.8,4.0
2001-10-05T00:00,24.1,88,0.0,1007.3,4.0
2001-10-05T01:00,23.0,94,0.0,1006.3,4.0
2001-10-05T02:00,22.6,95,0.0,1005.5,3.4
2001-10-05T03:00,22.4,95,0.0,1005.3,4.2
2001-10-05T04:00,22.5,94,0.0,1005.2,4.7
2001-10-05T05:00,22.6,94,0.0,1004.7,4.1
2001-10-05T06:00,22.6,94,0.0,1005.4,3.6
2001-10-05T07:00,22.7,96,0.2,1006.3,1.8
2001-10-05T08:00,24.1,95,0.7,1007.1,2.9
2001-10-05T09:00,25.0,89,1.0,1007.7,3.1
2001-10-05T10:00,25.8,87,0.7,1008.0,5.7
2001-10-05T11:00,26.6,85,1.4,1007.8,6.6
2001-10-05T12:00,26.9,85,0.9,1006.6,5.9
2001-10-05T13:00,27.2,83,0.1,1005.5,6.2
2001-10-05T14:00,25.7,84,1.8,1004.8,6.6
2001-10-05T15:00,24.6,92,3.0,1004.8,4.1
2001-10-05T16:00,23.9,99,2.0,1004.7,2.6
2001-10-05T17:00,23.7,99,2.0,1004.5,2.2
2001-10-05T18:00,23.5,99,1.9,1005.0,1.5
2001-10-05T19:00,23.2,99,1.1,1005.1,2.3
2001-10-05T20:00,22.9,99,0.5,1005.6,3.3
2001-10-05T21:00,22.8,99,0.2,1006.1,4.3
2001-10-05T22:00,22.6,99,0.0,1006.8,4.2
2001-10-05T23:00,22.5,99,0.0,1006.9,4.0
2001-10-06T00:00,22.2,98,0.0,1006.7,3.6
2001-10-06T01:00,21.9,99,0.0,1006.2,4.0
2001-10-06T02:00,21.8,99,0.0,1005.6,4.0
2001-10-06T03:00,21.6,99,0.4,1005.4,4.4
2001-10-06T04:00,21.6,99,0.2,1004.8,5.1
2001-10-06T05:00,21.7,98,0.6,1005.8,6.3
2001-10-06T06:00,21.7,98,1.0,1006.0,6.8
2001-10-06T07:00,22.6,95,0.2,1006.6,7.2
2001-10-06T08:00,24.1,94,0.0,1006.3,6.3
2001-10-06T09:00,25.6,88,0.0,1006.5,2.4
2001-10-06T10:00,26.6,82,1.6,1007.6,4.0
2001-10-06T11:00,26.4,84,7.6,1007.6,7.8
2001-10-06T12:00,26.8,85,5.5,1007.6,6.6
2001-10-06T13:00,26.1,86,2.5,1006.3,4.3
2001-10-06T14:00,25.4,91,2.0,1005.8,5.4
2001-10-06T15:00,24.3,97,3.5,1005.8,5.0
2001-10-06T16:00,23.7,98,4.3,1005.6,3.1
2001-10-06T17:00,23.4,99,1.3,1005.2,3.4
2001-10-06T18:00,23.4,99,1.5,1005.6,2.4
2001-10-06T19:00,23.1,99,1.4,1005.9,5.0
2001-10-06T20:00,22.8,99,0.4,1006.1,5.8
2001-10-06T21:00,22.6,99,0.2,1006.1,5.2
2001-10-06T22:00,22.5,99,0.1,1006.5,5.0
2001-10-06T23:00,22.3,99,0.0,1006.8,5.4
2001-10-07T00:00,22.2,99,0.0,1006.6,5.6
2001-10-07T01:00,22.0,99,0.2,1006.0,5.2
2001-10-07T02:00,22.1,99,0.2,1005.6,4.3
2001-10-07T03:00,22.0,99,0.8,1005.1,3.7
2001-10-07T04:00,21.6,99,1.2,1005.0,4.0
2001-10-07T05:00,21.5,99,1.6,1005.7,4.7
2001-10-07T06:00,21.3,98,1.1,1005.4,4.0
2001-10-07T07:00,21.6,99,2.0,1006.0,3.2
2001-10-07T08:00,24.6,93,1.8,1007.3,0.8
2001-10-07T09:00,24.6,89,1.2,1007.7,2.1
2001-10-07T10:00,25.8,85,2.4,1008.5,4.1
2001-10-07T11:00,25.9,84,3.6,1008.2,4.7
2001-10-07T12:00,26.5,79,1.9,1007.8,4.0
2001-10-07T13:00,26.4,79,0.8,1006.3,5.4
2001-10-07T14:00,26.4,80,1.2,1005.2,4.6
2001-10-07T15:00,26.4,81,1.4,1004.5,5.1
2001-10-07T16:00,25.8,85,1.0,1004.4,4.7
2001-10-07T17:00,25.5,85,0.8,1005.0,4.8
2001-10-07T18:00,24.8,89,0.0,1004.9,3.6
2001-10-07T19:00,24.3,93,0.0,1005.5,2.9
2001-10-07T20:00,23.8,95,0.0,1006.6,2.8
2001-10-07T21:00,23.7,94,0.0,1007.1,1.8
2001-10-07T22:00,23.4,94,0.0,1007.1,2.2
2001-10-07T23:00,23.0,95,0.0,1006.5,2.4
2001-10-08T00:00,22.8,95,0.0,1006.3,3.4
2001-10-08T01:00,22.6,96,0.0,1005.6,4.0
2001-10-08T02:00,22.4,95,0.3,1004.8,4.0
2001-10-08T03:00,22.1,96,0.2,1004.4,3.8
2001-10-08T04:00,22.4,95,0.0,1004.3,2.6
2001-10-08T05:00,22.2,95,0.0,1004.5,3.9
2001-10-08T06:00,21.9,96,0.0,1004.6,3.3
2001-10-08T07:00,22.0,97,0.0,1004.7,3.3
2001-10-08T08:00,24.3,94,0.1,1005.7,0.7
2001-10-08T09:00,25.2,87,0.2,1006.5,2.5
2001-10-08T10:00,26.1,83,1.0,1006.6,4.7
2001-10-08T11:00,26.4,81,2.5,1006.8,5.6
2001-10-08T12:00,26.8,78,1.0,1006.2,5.0
2001-10-08T13:00,26.2,80,1.4,1004.9,5.2
2001-10-08T14:00,26.1,88,2.6,1004.2,4.4
2001-10-08T15:00,26.8,86,0.3,1003.6,3.4
2001-10-08T16:00,26.2,85,1.9,1003.7,3.6
2001-10-08T17:00,25.4,88,1.6,1004.2,3.1
2001-10-08T18:00,24.4,96,0.8,1004.5,1.1
2001-10-08T19:00,24.2,96,0.0,1004.5,2.3
2001-10-08T20:00,24.0,94,0.0,1005.4,2.8
2001-10-08T21:00,23.8,94,0.0,1005.8,3.2
2001-10-08T22:00,23.2,95,0.0,1006.4,3.1
2001-10-08T23:00,22.4,97,0.0,1006.4,3.4
2001-10-09T00:00,21.7,98,0.0,1006.4,3.8
2001-10-09T01:00,21.5,99,0.0,1005.8,4.7
2001-10-09T02:00,21.5,99,0.0,1005.4,5.1
2001-10-09T03:00,21.3,99,0.0,1004.6,5.8
2001-10-09T04:00,21.0,99,0.0,1004.4,5.4
2001-10-09T05:00,20.7,98,0.0,1004.8,6.3
2001-10-09T06:00,20.7,98,0.0,1005.5,5.8
2001-10-09T07:00,21.8,95,0.0,1006.0,4.8
2001-10-09T08:00,24.2,92,0.0,1006.5,2.0
2001-10-09T09:00,26.0,83,0.0,1006.2,3.9
2001-10-09T10:00,27.3,75,0.1,1006.6,4.8
2001-10-09T11:00,28.0,73,1.5,1006.5,6.0
2001-10-09T12:00,28.5,73,1.5,1006.3,6.7
2001-10-09T13:00,26.6,83,4.8,1005.1,4.3
2001-10-09T14:00,27.4,82,0.8,1003.8,4.9
2001-10-09T15:00,26.9,84,2.4,1003.7,6.4
2001-10-09T16:00,26.3,86,0.6,1003.6,6.2
2001-10-09T17:00,25.7,90,1.0,1004.1,2.9
2001-10-09T18:00,25.0,91,0.3,1003.7,3.1
2001-10-09T19:00,24.7,91,0.2,1004.3,3.2
2001-10-09T20:00,24.0,93,0.0,1005.2,3.3
2001-10-09T21:00,23.7,94,0.0,1005.7,3.6
2001-10-09T22:00,23.0,96,0.0,1006.6,2.8
2001-10-09T23:00,22.2,98,0.1,1006.4,3.1
2001-10-10T00:00,21.7,99,0.2,1006.0,4.2
2001-10-10T01:00,21.6,99,0.0,1005.6,4.7
2001-10-10T02:00,21.6,99,0.0,1004.6,5.4
2001-10-10T03:00,22.0,97,0.0,1004.1,6.6
2001-10-10T04:00,21.9,97,0.0,1003.8,7.1
2001-10-10T05:00,22.0,95,0.0,1004.5,9.0
2001-10-10T06:00,21.9,94,0.0,1004.4,6.8
2001-10-10T07:00,22.1,93,0.0,1005.5,5.1
2001-10-10T08:00,23.6,92,0.1,1006.4,4.0
2001-10-10T09:00,25.3,84,0.5,1006.5,3.1
2001-10-10T10:00,26.9,77,1.0,1006.3,1.8
2001-10-10T11:00,27.8,72,0.1,1005.8,2.3
2001-10-10T12:00,28.6,68,1.1,1005.3,4.3
2001-10-10T13:00,28.4,68,0.2,1004.6,5.6
2001-10-10T14:00,27.6,74,1.1,1004.4,5.6
2001-10-10T15:00,27.0,79,1.4,1003.9,5.8
2001-10-10T16:00,26.7,80,1.5,1003.9,4.7
2001-10-10T17:00,25.9,83,0.5,1004.2,3.3
2001-10-10T18:00,25.2,88,0.0,1003.8,3.3
2001-10-10T19:00,24.7,90,0.0,1004.6,3.0
2001-10-10T20:00,24.1,92,0.0,1004.8,2.8
2001-10-10T21:00,23.8,93,0.0,1005.5,2.6
2001-10-10T22:00,23.5,94,0.0,1005.8,2.8
2001-10-10T23:00,23.0,94,0.0,1005.7,3.2
2001-10-11T00:00,22.9,94,0.0,1005.2,4.6
2001-10-11T01:00,22.8,93,0.0,1004.7,3.5
2001-10-11T02:00,23.0,94,0.0,1004.0,3.4
2001-10-11T03:00,22.8,94,0.0,1003.9,2.6
2001-10-11T04:00,22.4,94,0.2,1003.9,2.6
2001-10-11T05:00,22.0,94,0.4,1004.5,3.1
2001-10-11T06:00,21.8,95,0.2,1005.2,2.5
2001-10-11T07:00,22.2,96,0.0,1005.5,3.0
2001-10-11T08:00,23.8,93,0.0,1006.1,2.6
2001-10-11T09:00,24.6,89,0.3,1006.7,3.7
2001-10-11T10:00,25.6,88,0.9,1007.2,4.5
2001-10-11T11:00,26.4,82,0.7,1006.8,6.1
2001-10-11T12:00,26.3,84,1.5,1006.4,5.9
2001-10-11T13:00,26.4,81,2.3,1005.0,6.3
2001-10-11T14:00,26.9,80,0.7,1004.4,5.0
2001-10-11T15:00,25.8,85,4.3,1004.3,3.0
2001-10-11T16:00,24.9,91,1.8,1004.0,2.3
2001-10-11T17:00,24.0,98,1.3,1004.5,3.8
2001-10-11T18:00,23.9,94,0.2,1004.1,1.0
2001-10-11T19:00,23.8,95,0.1,1004.8,2.0
2001-10-11T20:00,22.7,99,0.3,1005.0,2.2
2001-10-11T21:00,22.5,98,0.5,1005.7,1.1
2001-10-11T22:00,22.3,99,0.8,1006.5,0.8
2001-10-11T23:00,22.0,99,0.7,1006.3,2.2
2001-10-12T00:00,22.1,99,0.2,1005.8,3.2
2001-10-12T01:00,21.9,99,0.0,1005.6,1.1
2001-10-12T02:00,22.2,98,0.2,1005.0,1.8
2001-10-12T03:00,21.9,98,0.0,1004.4,2.3
2001-10-12T04:00,21.5,99,0.0,1004.1,3.6
2001-10-12T05:00,21.1,99,0.0,1003.9,4.3
2001-10-12T06:00,20.8,99,0.0,1004.3,3.6
2001-10-12T07:00,21.4,99,0.1,1005.3,4.2
2001-10-12T08:00,23.8,97,0.2,1006.1,3.4
2001-10-12T09:00,23.7,93,0.1,1006.7,3.2
2001-10-12T10:00,25.0,87,0.0,1007.1,4.3
2001-10-12T11:00,25.9,84,0.2,1007.0,4.5
2001-10-12T12:00,25.9,84,0.8,1006.3,6.5
2001-10-12T13:00,25.4,87,0.9,1005.5,5.6
2001-10-12T14:00,25.9,85,0.7,1004.7,5.6
2001-10-12T15:00,25.7,86,0.9,1004.3,6.3
2001-10-12T16:00,25.5,87,0.4,1004.1,6.8
2001-10-12T17:00,25.2,87,0.0,1004.0,6.5
2001-10-12T18:00,24.6,88,0.0,1004.1,5.9
2001-10-12T19:00,24.1,90,0.0,1004.8,5.4
2001-10-12T20:00,23.7,91,0.0,1005.4,3.3
2001-10-12T21:00,23.4,93,0.0,1006.3,2.9
2001-10-12T22:00,22.9,94,0.0,1006.2,3.1
2001-10-12T23:00,22.8,94,0.0,1006.3,2.6
2001-10-13T00:00,22.8,94,0.0,1005.7,3.3
2001-10-13T01:00,22.6,94,0.0,1005.3,3.0
2001-10-13T02:00,22.6,95,0.0,1004.6,2.7
2001-10-13T03:00,22.4,95,0.0,1004.2,2.6
2001-10-13T04:00,22.3,95,0.0,1004.0,3.1
2001-10-13T05:00,22.5,94,0.0,1003.9,4.8
2001-10-13T06:00,22.4,94,0.0,1004.3,4.9
2001-10-13T07:00,22.6,95,0.0,1005.1,3.4
2001-10-13T08:00,24.5,89,0.0,1005.7,2.5
2001-10-13T09:00,26.0,81,0.0,1006.8,0.8
2001-10-13T10:00,26.8,79,0.0,1007.1,1.3
2001-10-13T11:00,27.4,78,0.0,1007.2,3.3
2001-10-13T12:00,28.3,76,0.2,1006.3,5.9
2001-10-13T13:00,28.4,75,0.4,1005.3,4.4
2001-10-13T14:00,26.7,84,0.6,1004.5,5.2
2001-10-13T15:00,26.0,87,1.7,1004.4,2.3
2001-10-13T16:00,26.1,86,1.0,1003.6,2.3
2001-10-13T17:00,25.7,88,0.0,1003.3,4.0
2001-10-13T18:00,25.3,89,0.0,1003.6,3.7
2001-10-13T19:00,24.7,91,0.0,1004.2,3.7
2001-10-13T20:00,24.2,93,0.0,1004.9,3.7
2001-10-13T21:00,23.9,93,0.0,1005.8,4.3
2001-10-13T22:00,23.7,94,0.0,1005.7,5.2
2001-10-13T23:00,23.6,93,0.0,1006.0,5.3
2001-10-14T00:00,23.5,93,0.0,1005.7,5.4
2001-10-14T01:00,23.2,93,0.0,1005.3,5.2
2001-10-14T02:00,23.2,93,0.0,1004.4,5.2
2001-10-14T03:00,23.1,92,0.0,1004.0,5.1
2001-10-14T04:00,23.0,92,0.0,1003.7,5.1
2001-10-14T05:00,23.0,91,0.0,1004.5,6.8
2001-10-14T06:00,22.8,91,0.0,1004.5,5.9
2001-10-14T07:00,23.0,91,0.0,1004.7,5.2
2001-10-14T08:00,24.7,85,0.0,1005.4,2.3
2001-10-14T09:00,26.2,80,0.0,1006.2,0.5
2001-10-14T10:00,27.3,75,0.0,1006.7,0.8
2001-10-14T11:00,28.0,73,2.1,1007.0,3.5
2001-10-14T12:00,28.0,74,3.3,1006.4,3.6
2001-10-14T13:00,28.0,76,1.7,1005.2,4.1
2001-10-14T14:00,27.5,79,1.0,1004.1,5.2
2001-10-14T15:00,27.2,80,0.2,1003.0,7.8
2001-10-14T16:00,26.2,82,0.5,1002.6,6.7
2001-10-14T17:00,25.8,87,0.0,1003.3,3.3
2001-10-14T18:00,25.3,90,0.0,1003.4,1.1
2001-10-14T19:00,24.8,92,0.0,1003.5,0.8
2001-10-14T20:00,24.4,93,0.0,1004.1,2.9
2001-10-14T21:00,24.0,94,0.0,1004.7,3.7
2001-10-14T22:00,23.7,94,0.0,1005.2,3.1
2001-10-14T23:00,23.4,94,0.1,1005.3,3.4
2001-10-15T00:00,23.2,95,0.5,1005.2,3.2
2001-10-15T01:00,22.9,96,0.6,1004.9,1.5
2001-10-15T02:00,22.6,96,1.0,1003.9,2.6
2001-10-15T03:00,23.1,92,1.3,1003.2,1.9
2001-10-15T04:00,22.5,95,1.8,1003.0,2.2
2001-10-15T05:00,21.8,97,1.9,1003.2,2.9
2001-10-15T06:00,21.3,99,1.8,1003.4,1.8
2001-10-15T07:00,21.9,99,1.4,1004.2,1.9
2001-10-15T08:00,24.5,93,1.1,1005.3,1.5
2001-10-15T09:00,24.9,88,1.2,1005.9,3.6
2001-10-15T10:00,26.4,84,2.7,1006.2,5.3
2001-10-15T11:00,26.8,84,3.1,1006.0,5.8
2001-10-15T12:00,27.0,85,2.2,1005.3,6.8
2001-10-15T13:00,26.4,89,1.9,1003.9,7.0
2001-10-15T14:00,26.7,83,1.6,1002.4,6.6
2001-10-15T15:00,26.5,83,0.2,1002.0,6.0
2001-10-15T16:00,26.1,83,0.2,1001.8,3.9
2001-10-15T17:00,25.6,86,0.4,1002.7,3.4
2001-10-15T18:00,24.9,92,1.0,1003.2,4.0
2001-10-15T19:00,24.8,91,1.2,1004.0,6.1
2001-10-15T20:00,24.5,91,0.8,1004.2,5.6
2001-10-15T21:00,24.5,90,0.0,1004.7,3.9
2001-10-15T22:00,23.8,94,0.0,1005.4,4.1
2001-10-15T23:00,23.2,96,0.0,1005.7,3.6
2001-10-16T00:00,23.1,95,0.0,1005.2,3.4
2001-10-16T01:00,23.3,94,0.0,1004.4,3.4
2001-10-16T02:00,23.3,94,0.0,1003.9,3.3
2001-10-16T03:00,22.6,95,0.0,1003.7,3.7
2001-10-16T04:00,22.0,96,0.2,1003.5,4.3
2001-10-16T05:00,21.9,95,0.4,1004.4,5.0
2001-10-16T06:00,21.8,94,0.2,1004.1,4.7
2001-10-16T07:00,22.1,96,0.0,1005.1,5.7
2001-10-16T08:00,24.2,94,0.0,1005.8,4.1
2001-10-16T09:00,25.4,86,0.0,1006.3,3.1
2001-10-16T10:00,26.7,78,0.0,1006.7,5.1
2001-10-16T11:00,28.0,71,0.0,1006.3,4.3
2001-10-16T12:00,29.5,65,0.0,1005.3,3.8
2001-10-16T13:00,30.1,62,0.2,1003.9,5.2
2001-10-16T14:00,27.2,78,3.0,1002.6,8.8
2001-10-16T15:00,26.0,85,2.8,1003.1,7.9
2001-10-16T16:00,25.4,90,2.8,1002.8,4.0
2001-10-16T17:00,24.7,98,1.3,1003.5,5.9
2001-10-16T18:00,23.8,99,0.9,1004.0,3.3
2001-10-16T19:00,23.7,95,0.3,1004.5,3.0
2001-10-16T20:00,23.1,99,0.6,1005.1,1.8
2001-10-16T21:00,22.9,98,0.7,1006.0,1.1
2001-10-16T22:00,22.6,99,0.9,1006.5,1.6
2001-10-16T23:00,22.4,98,1.0,1006.5,1.1
2001-10-17T00:00,22.2,98,1.4,1006.2,2.2
2001-10-17T01:00,21.9,98,2.1,1005.4,3.6
2001-10-17T02:00,22.2,99,3.5,1004.6,4.1
2001-10-17T03:00,22.2,99,3.3,1004.6,5.5
2001-10-17T04:00,22.0,99,3.1,1004.7,5.8
2001-10-17T05:00,21.9,99,2.7,1005.9,6.2
2001-10-17T06:00,21.8,99,2.3,1005.8,7.0
2001-10-17T07:00,21.8,99,1.9,1006.0,5.9
2001-10-17T08:00,22.9,98,1.3,1006.8,3.3
2001-10-17T09:00,23.3,98,1.2,1007.2,1.4
2001-10-17T10:00,26.5,80,2.6,1007.4,2.9
2001-10-17T11:00,25.6,86,4.7,1007.0,5.8
2001-10-17T12:00,24.7,87,5.0,1006.9,5.6
2001-10-17T13:00,24.8,91,2.1,1005.7,4.3
2001-10-17T14:00,25.9,84,1.4,1004.8,5.8
2001-10-17T15:00,25.6,86,1.4,1004.3,5.9
2001-10-17T16:00,25.4,86,1.3,1004.3,6.4
2001-10-17T17:00,24.9,88,1.9,1004.3,3.6
2001-10-17T18:00,24.0,92,1.5,1004.6,2.4
2001-10-17T19:00,23.5,92,0.9,1004.9,2.0
2001-10-17T20:00,23.1,93,0.3,1005.1,2.5
2001-10-17T21:00,22.8,93,0.0,1005.6,2.9
2001-10-17T22:00,22.4,94,0.0,1006.3,2.3
2001-10-17T23:00,21.9,95,0.0,1006.3,3.1
2001-10-18T00:00,21.4,96,0.0,1006.7,3.1
2001-10-18T01:00,21.4,96,0.0,1006.1,2.9
2001-10-18T02:00,20.9,99,0.3,1005.7,2.9
2001-10-18T03:00,21.0,99,0.2,1005.1,3.7
2001-10-18T04:00,21.1,99,0.3,1004.7,4.7
2001-10-18T05:00,21.2,95,0.2,1005.4,4.7
2001-10-18T06:00,20.8,95,0.1,1005.4,5.1
2001-10-18T07:00,20.9,96,0.0,1005.9,6.1
2001-10-18T08:00,22.8,96,0.0,1006.1,3.6
2001-10-18T09:00,24.4,87,0.0,1006.8,1.1
2001-10-18T10:00,25.6,82,0.0,1006.7,4.6
2001-10-18T11:00,26.6,78,0.0,1006.6,7.4
2001-10-18T12:00,26.9,78,0.5,1005.9,8.8
2001-10-18T13:00,26.8,80,0.6,1004.9,9.7
2001-10-18T14:00,26.2,82,3.1,1004.5,6.1
2001-10-18T15:00,25.6,82,3.1,1004.3,7.2
2001-10-18T16:00,24.4,92,2.3,1004.6,7.2
2001-10-18T17:00,23.4,92,1.2,1003.9,6.8
2001-10-18T18:00,23.0,97,0.5,1004.2,5.2
2001-10-18T19:00,22.8,96,0.4,1004.5,3.3
2001-10-18T20:00,22.4,99,0.5,1005.3,1.9
2001-10-18T21:00,22.3,99,0.5,1005.7,1.8
2001-10-18T22:00,22.2,99,0.2,1005.5,3.0
2001-10-18T23:00,21.9,99,0.3,1005.1,4.0
2001-10-19T00:00,22.6,93,0.3,1004.8,3.1
2001-10-19T01:00,21.2,98,0.2,1004.3,2.8
2001-10-19T02:00,21.0,99,0.0,1003.6,3.3
2001-10-19T03:00,21.3,99,0.0,1003.2,4.1
2001-10-19T04:00,21.8,96,0.0,1003.0,3.2
2001-10-19T05:00,21.6,96,0.0,1002.8,3.2
2001-10-19T06:00,21.4,97,0.0,1003.5,1.8
2001-10-19T07:00,21.3,99,0.0,1004.2,2.2
2001-10-19T08:00,23.6,95,0.0,1004.8,1.1
2001-10-19T09:00,24.9,85,0.0,1005.4,1.3
2001-10-19T10:00,26.2,77,0.0,1005.4,3.6
2001-10-19T11:00,26.8,74,0.1,1005.1,6.3
2001-10-19T12:00,26.8,74,0.3,1004.7,7.2
2001-10-19T13:00,26.5,77,0.2,1003.7,9.1
2001-10-19T14:00,25.5,86,4.3,1003.8,7.9
2001-10-19T15:00,25.6,85,5.3,1003.4,6.6
2001-10-19T16:00,24.4,92,6.9,1003.2,6.2
2001-10-19T17:00,23.9,91,1.5,1002.6,4.7
2001-10-19T18:00,23.4,95,0.1,1002.9,5.2
2001-10-19T19:00,23.3,95,0.0,1003.2,5.5
2001-10-19T20:00,23.2,94,0.0,1003.8,3.4
2001-10-19T21:00,23.1,94,0.0,1004.4,2.8
2001-10-19T22:00,22.6,95,0.0,1005.0,2.8
2001-10-19T23:00,22.3,96,0.0,1005.0,2.5
2001-10-20T00:00,22.1,96,0.0,1004.6,2.8
2001-10-20T01:00,22.1,95,0.0,1004.3,3.3
2001-10-20T02:00,22.1,94,0.0,1003.7,3.9
2001-10-20T03:00,22.0,94,0.0,1003.3,4.0
2001-10-20T04:00,22.0,93,0.0,1003.0,4.5
2001-10-20T05:00,21.8,93,0.0,1003.0,4.5
2001-10-20T06:00,21.9,93,0.0,1003.8,4.0
2001-10-20T07:00,22.0,95,0.0,1004.4,4.7
2001-10-20T08:00,24.0,92,0.0,1004.9,3.5
2001-10-20T09:00,25.5,84,0.0,1005.4,5.1
2001-10-20T10:00,26.3,77,0.2,1005.4,6.4
2001-10-20T11:00,26.6,77,0.3,1005.1,7.0
2001-10-20T12:00,27.7,77,0.0,1004.8,8.6
2001-10-20T13:00,27.1,79,1.9,1003.9,7.9
2001-10-20T14:00,27.0,79,1.7,1003.6,7.1
2001-10-20T15:00,26.5,80,0.9,1002.8,8.8
2001-10-20T16:00,25.7,84,0.7,1003.1,7.3
2001-10-20T17:00,25.0,84,0.5,1003.3,7.8
2001-10-20T18:00,24.4,89,0.1,1003.8,4.0
2001-10-20T19:00,23.8,92,0.1,1004.4,4.4
2001-10-20T20:00,23.6,92,0.2,1004.7,4.5
2001-10-20T21:00,23.5,93,0.0,1005.6,3.9
2001-10-20T22:00,23.3,92,0.0,1006.4,2.5
2001-10-20T23:00,23.2,92,0.2,1006.8,3.7
2001-10-21T00:00,23.1,92,0.0,1006.2,4.6
2001-10-21T01:00,22.8,93,0.0,1006.1,4.8
2001-10-21T02:00,22.7,93,0.0,1005.2,4.8
2001-10-21T03:00,22.7,93,0.0,1004.6,4.8
2001-10-21T04:00,22.6,93,0.0,1004.3,5.1
2001-10-21T05:00,22.5,93,0.0,1005.1,6.1
2001-10-21T06:00,22.2,94,0.0,1005.5,5.1
2001-10-21T07:00,22.4,94,0.0,1006.1,5.4
2001-10-21T08:00,24.0,91,0.0,1006.7,2.1
2001-10-21T09:00,25.5,85,0.0,1007.0,2.6
2001-10-21T10:00,26.7,76,0.0,1007.0,4.1
2001-10-21T11:00,27.4,75,0.6,1006.6,5.9
2001-10-21T12:00,27.5,76,1.0,1005.7,8.9
2001-10-21T13:00,27.4,77,2.5,1005.7,7.9
2001-10-21T14:00,27.2,81,3.3,1004.5,6.1
2001-10-21T15:00,26.6,85,5.2,1004.8,5.6
2001-10-21T16:00,26.3,83,1.9,1004.0,5.6
2001-10-21T17:00,25.7,87,0.8,1004.7,2.5
2001-10-21T18:00,25.2,91,0.3,1004.9,2.2
2001-10-21T19:00,24.5,94,0.0,1005.5,0.7
2001-10-21T20:00,23.7,94,0.3,1005.7,1.8
2001-10-21T21:00,23.5,94,0.2,1006.0,3.1
2001-10-21T22:00,23.2,95,0.0,1006.3,3.6
2001-10-21T23:00,22.4,99,0.1,1006.5,4.1
2001-10-22T00:00,22.3,99,0.0,1006.4,4.0
2001-10-22T01:00,22.6,96,0.0,1005.9,5.0
2001-10-22T02:00,22.2,97,0.0,1005.3,5.9
2001-10-22T03:00,22.1,96,0.0,1004.6,5.2
2001-10-22T04:00,22.1,96,0.0,1004.6,4.5
2001-10-22T05:00,22.0,96,0.0,1004.7,4.8
2001-10-22T06:00,22.0,96,0.0,1005.6,7.4
2001-10-22T07:00,22.4,95,0.0,1005.9,7.3
2001-10-22T08:00,24.0,94,0.0,1006.5,4.1
2001-10-22T09:00,25.7,83,0.0,1007.0,2.9
2001-10-22T10:00,27.0,78,0.3,1006.8,6.4
2001-10-22T11:00,27.2,80,2.6,1006.9,8.2
2001-10-22T12:00,26.9,82,5.6,1006.2,10.2
2001-10-22T13:00,26.1,85,8.3,1005.1,12.6
2001-10-22T14:00,25.5,89,3.8,1004.3,12.3
2001-10-22T15:00,25.1,86,1.5,1004.0,11.5
2001-10-22T16:00,24.9,88,0.6,1004.0,8.0
2001-10-22T17:00,24.7,89,0.2,1004.6,7.0
2001-10-22T18:00,24.3,91,0.1,1005.4,6.8
2001-10-22T19:00,23.9,93,0.0,1005.2,5.8
2001-10-22T20:00,23.7,94,0.0,1005.7,4.7
2001-10-22T21:00,23.5,94,0.0,1006.2,4.9
2001-10-22T22:00,23.3,94,0.0,1006.2,5.2
2001-10-22T23:00,22.9,95,0.0,1006.3,5.0
2001-10-23T00:00,23.0,95,0.3,1006.1,4.7
2001-10-23T01:00,23.0,95,0.0,1005.5,5.2
2001-10-23T02:00,22.8,94,0.2,1004.9,6.3
2001-10-23T03:00,22.8,93,0.0,1004.4,5.5
2001-10-23T04:00,22.7,93,0.0,1004.0,3.8
2001-10-23T05:00,22.1,95,0.0,1005.0,3.6
2001-10-23T06:00,21.8,97,0.0,1005.4,3.8
2001-10-23T07:00,22.7,93,0.0,1005.9,5.1
2001-10-23T08:00,23.5,96,0.2,1006.3,3.3
2001-10-23T09:00,24.3,89,0.2,1006.9,6.2
2001-10-23T10:00,25.5,85,0.3,1006.9,7.4
2001-10-23T11:00,25.9,85,3.4,1006.6,8.1
2001-10-23T12:00,26.1,85,3.3,1005.7,9.2
2001-10-23T13:00,26.3,86,1.5,1004.4,10.6
2001-10-23T14:00,26.0,84,3.6,1004.5,9.4
2001-10-23T15:00,25.3,87,2.5,1004.0,9.1
2001-10-23T16:00,25.2,87,2.4,1004.2,7.3
2001-10-23T17:00,24.7,89,1.0,1004.6,3.9
2001-10-23T18:00,24.5,91,0.0,1004.6,1.6
2001-10-23T19:00,24.2,92,0.0,1005.2,4.3
2001-10-23T20:00,23.8,93,0.1,1006.2,5.4
2001-10-23T21:00,23.5,94,0.3,1006.9,4.2
2001-10-23T22:00,23.8,90,0.3,1007.5,3.1
2001-10-23T23:00,23.3,94,0.3,1007.3,3.1
2001-10-24T00:00,22.4,98,0.5,1007.1,3.4
2001-10-24T01:00,21.9,99,0.5,1006.1,2.9
2001-10-24T02:00,22.0,98,0.7,1005.6,3.1
2001-10-24T03:00,22.1,98,0.4,1005.2,4.7
2001-10-24T04:00,22.0,98,0.2,1004.9,3.8
2001-10-24T05:00,21.9,98,0.1,1005.3,3.5
2001-10-24T06:00,21.8,98,0.2,1005.4,4.5
2001-10-24T07:00,22.1,99,0.2,1006.3,3.6
2001-10-24T08:00,24.6,92,0.6,1006.7,1.1
2001-10-24T09:00,25.3,87,0.1,1007.0,1.5
2001-10-24T10:00,26.8,79,0.0,1007.0,2.3
2001-10-24T11:00,27.5,74,0.0,1006.6,4.1
2001-10-24T12:00,28.1,72,0.0,1006.1,6.4
2001-10-24T13:00,28.4,70,0.2,1005.4,8.1
2001-10-24T14:00,25.6,84,8.4,1004.7,6.6
2001-10-24T15:00,25.5,86,2.6,1004.1,6.1
2001-10-24T16:00,25.1,93,1.6,1004.4,3.1
2001-10-24T17:00,24.3,91,1.0,1004.7,1.6
2001-10-24T18:00,24.2,92,0.1,1005.1,0.5
2001-10-24T19:00,24.2,92,0.2,1005.3,0.5
2001-10-24T20:00,24.0,93,0.0,1005.8,0.8
2001-10-24T21:00,24.3,90,0.2,1006.2,0.4
2001-10-24T22:00,22.9,96,0.0,1006.7,0.8
2001-10-24T23:00,23.8,91,0.0,1007.0,1.1
2001-10-25T00:00,23.7,91,0.0,1006.7,2.3
2001-10-25T01:00,23.5,91,0.0,1006.2,2.3
2001-10-25T02:00,22.4,97,0.0,1006.0,2.6
2001-10-25T03:00,22.1,99,0.0,1005.8,3.4
2001-10-25T04:00,22.0,99,0.0,1005.3,3.3
2001-10-25T05:00,21.9,98,0.0,1006.0,4.0
2001-10-25T06:00,21.5,98,0.0,1006.0,3.7
2001-10-25T07:00,21.9,99,0.0,1006.2,3.5
2001-10-25T08:00,24.3,94,0.0,1007.0,2.0
2001-10-25T09:00,25.6,88,0.0,1007.4,2.8
2001-10-25T10:00,26.3,86,0.1,1007.7,4.4
2001-10-25T11:00,27.2,81,0.1,1006.9,5.0
2001-10-25T12:00,28.1,78,0.2,1006.3,5.6
2001-10-25T13:00,28.6,76,0.2,1005.0,6.1
2001-10-25T14:00,27.8,74,1.1,1004.9,6.7
2001-10-25T15:00,26.8,80,0.4,1005.1,3.4
2001-10-25T16:00,27.1,78,0.0,1004.4,4.4
2001-10-25T17:00,26.6,81,0.1,1003.9,5.1
2001-10-25T18:00,25.7,85,0.0,1004.0,4.8
2001-10-25T19:00,24.9,89,0.0,1004.6,4.1
2001-10-25T20:00,24.4,92,0.0,1005.7,2.5
2001-10-25T21:00,24.0,93,0.0,1006.3,2.3
2001-10-25T22:00,23.5,95,0.0,1006.9,2.7
2001-10-25T23:00,24.2,90,0.0,1007.1,2.2
2001-10-26T00:00,23.7,92,0.2,1007.0,3.1
2001-10-26T01:00,23.1,94,0.1,1006.5,3.4
2001-10-26T02:00,22.8,95,0.1,1006.0,3.9
2001-10-26T03:00,22.4,96,0.1,1005.6,4.1
2001-10-26T04:00,22.4,94,0.0,1005.1,5.0
2001-10-26T05:00,22.3,95,0.0,1006.1,4.8
2001-10-26T06:00,22.5,92,0.0,1006.2,5.1
2001-10-26T07:00,22.6,92,0.0,1006.8,6.2
2001-10-26T08:00,24.4,89,0.0,1007.3,4.1
2001-10-26T09:00,26.4,81,0.0,1007.3,5.8
2001-10-26T10:00,27.7,74,0.0,1007.6,6.5
2001-10-26T11:00,28.3,73,0.3,1007.2,7.2
2001-10-26T12:00,28.4,75,0.7,1006.8,7.6
2001-10-26T13:00,28.0,78,3.3,1006.5,6.9
2001-10-26T14:00,26.5,83,5.4,1006.5,4.2
2001-10-26T15:00,25.3,88,2.4,1005.4,1.9
2001-10-26T16:00,25.3,90,2.8,1005.7,3.3
2001-10-26T17:00,24.6,90,2.3,1005.5,5.4
2001-10-26T18:00,24.0,93,0.2,1005.3,7.7
2001-10-26T19:00,23.9,92,0.0,1004.7,6.1
2001-10-26T20:00,23.8,92,0.0,1005.1,4.0
2001-10-26T21:00,23.9,92,0.0,1005.9,2.4
2001-10-26T22:00,23.6,93,0.0,1007.2,1.9
2001-10-26T23:00,23.3,94,0.0,1007.2,2.3
2001-10-27T00:00,23.3,94,0.0,1007.0,5.2
2001-10-27T01:00,23.2,94,0.0,1006.2,5.0
2001-10-27T02:00,22.8,95,0.2,1005.7,4.9
2001-10-27T03:00,22.7,94,1.0,1005.1,6.2
2001-10-27T04:00,22.6,94,1.3,1005.0,5.2
2001-10-27T05:00,22.9,93,1.0,1005.0,5.5
2001-10-27T06:00,22.4,97,1.0,1005.3,2.9
2001-10-27T07:00,22.5,98,1.0,1006.1,2.6
2001-10-27T08:00,24.4,95,0.6,1006.5,4.8
2001-10-27T09:00,24.7,89,0.0,1006.8,4.4
2001-10-27T10:00,26.3,82,0.0,1007.1,6.2
2001-10-27T11:00,26.9,80,1.1,1007.3,8.3
2001-10-27T12:00,26.8,82,2.5,1007.4,8.2
2001-10-27T13:00,26.7,83,2.5,1006.3,8.4
2001-10-27T14:00,24.8,94,5.6,1005.7,8.5
2001-10-27T15:00,24.0,92,3.5,1004.8,9.3
2001-10-27T16:00,24.1,94,0.8,1004.1,5.1
2001-10-27T17:00,24.4,92,0.4,1004.2,4.5
2001-10-27T18:00,24.3,93,0.0,1005.2,1.6
2001-10-27T19:00,24.0,94,0.0,1005.7,2.2
2001-10-27T20:00,23.6,96,0.0,1005.6,4.2
2001-10-27T21:00,23.5,96,0.0,1005.8,5.4
2001-10-27T22:00,23.3,96,0.0,1006.1,3.8
2001-10-27T23:00,23.1,96,0.0,1006.2,2.3
2001-10-28T00:00,22.6,98,0.0,1006.3,1.5
2001-10-28T01:00,22.7,97,0.6,1006.2,0.7
2001-10-28T02:00,22.4,98,0.6,1005.8,0.5
2001-10-28T03:00,22.2,99,0.5,1005.4,3.4
2001-10-28T04:00,22.0,99,0.0,1004.8,5.2
2001-10-28T05:00,22.3,95,0.0,1004.8,3.6
2001-10-28T06:00,22.6,94,0.0,1005.5,1.8
2001-10-28T07:00,22.5,96,0.0,1006.4,1.8
2001-10-28T08:00,23.6,95,0.0,1007.1,4.7
2001-10-28T09:00,24.3,93,0.1,1007.9,4.6
2001-10-28T10:00,25.6,83,0.2,1007.9,5.2
2001-10-28T11:00,26.7,78,0.3,1007.8,6.4
2001-10-28T12:00,26.8,79,0.4,1007.0,9.3
2001-10-28T13:00,26.9,82,0.4,1006.1,10.2
2001-10-28T14:00,26.0,84,1.9,1005.3,10.2
2001-10-28T15:00,25.4,88,1.8,1005.0,8.4
2001-10-28T16:00,24.6,95,1.3,1004.4,8.6
2001-10-28T17:00,24.1,94,1.0,1004.5,8.1
2001-10-28T18:00,23.5,94,0.6,1004.9,7.0
2001-10-28T19:00,23.0,95,0.5,1005.8,5.5
2001-10-28T20:00,23.1,96,0.0,1006.7,3.6
2001-10-28T21:00,23.0,96,0.0,1007.2,1.5
2001-10-28T22:00,23.3,93,0.1,1007.7,3.0
2001-10-28T23:00,22.4,98,0.2,1007.7,4.8
2001-10-29T00:00,22.3,98,0.2,1007.2,4.5
2001-10-29T01:00,22.1,99,0.4,1006.9,4.6
2001-10-29T02:00,22.1,99,0.9,1006.3,5.1
2001-10-29T03:00,22.1,98,0.8,1006.0,5.6
2001-10-29T04:00,22.1,99,0.8,1005.6,5.9
2001-10-29T05:00,22.0,99,0.6,1005.5,5.4
2001-10-29T06:00,22.1,98,0.5,1005.6,6.8
2001-10-29T07:00,22.1,99,0.5,1006.6,7.3
2001-10-29T08:00,23.2,98,0.8,1007.3,5.8
2001-10-29T09:00,23.6,97,1.0,1007.9,6.5
2001-10-29T10:00,24.4,94,0.9,1008.1,7.4
2001-10-29T11:00,24.7,91,3.6,1007.5,8.6
2001-10-29T12:00,24.8,88,4.2,1007.4,8.9
2001-10-29T13:00,25.1,89,3.0,1005.9,11.5
2001-10-29T14:00,25.6,83,3.5,1005.4,12.0
2001-10-29T15:00,24.9,85,3.1,1005.0,11.2
2001-10-29T16:00,24.6,89,1.2,1004.7,11.4
2001-10-29T17:00,23.9,90,1.4,1005.2,10.3
2001-10-29T18:00,23.2,93,1.0,1005.5,9.7
2001-10-29T19:00,22.7,92,1.0,1006.1,6.9
2001-10-29T20:00,22.0,99,0.6,1006.8,5.4
2001-10-29T21:00,21.7,99,0.6,1007.3,4.9
2001-10-29T22:00,21.7,99,0.8,1007.4,5.0
2001-10-29T23:00,21.7,99,0.4,1007.6,3.6
2001-10-30T00:00,21.6,99,0.1,1007.0,3.0
2001-10-30T01:00,21.6,99,0.2,1006.8,4.1
2001-10-30T02:00,21.4,99,0.5,1006.0,3.6
2001-10-30T03:00,21.4,98,0.4,1005.6,3.1
2001-10-30T04:00,21.6,96,0.4,1005.1,2.8
2001-10-30T05:00,21.3,98,0.2,1004.8,4.1
2001-10-30T06:00,21.1,98,0.2,1005.4,4.6
2001-10-30T07:00,21.5,98,0.3,1006.5,6.1
2001-10-30T08:00,24.3,88,0.3,1007.2,6.1
2001-10-30T09:00,23.4,94,0.6,1007.4,7.0
2001-10-30T10:00,24.4,92,0.5,1007.8,10.6
2001-10-30T11:00,24.8,88,0.8,1007.7,11.2
2001-10-30T12:00,24.5,89,2.2,1007.0,12.7
2001-10-30T13:00,25.2,87,2.0,1006.7,11.6
2001-10-30T14:00,23.5,98,6.0,1005.8,11.9
2001-10-30T15:00,23.0,99,4.6,1005.5,10.0
2001-10-30T16:00,23.0,98,4.1,1004.7,10.7
2001-10-30T17:00,22.7,99,5.3,1004.9,11.1
2001-10-30T18:00,22.6,98,8.1,1005.1,10.5
2001-10-30T19:00,22.7,95,9.6,1005.5,8.8
2001-10-30T20:00,22.4,99,8.3,1006.6,9.9
2001-10-30T21:00,22.4,99,5.7,1007.3,11.3
2001-10-30T22:00,22.3,99,3.2,1007.6,11.3
2001-10-30T23:00,22.2,99,1.9,1007.6,9.7
2001-10-31T00:00,22.1,99,0.8,1007.4,8.1
2001-10-31T01:00,22.0,99,0.5,1006.7,5.8
2001-10-31T02:00,22.1,99,0.6,1006.0,4.9
2001-10-31T03:00,22.1,99,0.9,1004.9,3.1
2001-10-31T04:00,21.9,99,1.3,1004.9,3.1
2001-10-31T05:00,21.9,99,1.3,1005.5,4.0
2001-10-31T06:00,22.1,97,1.6,1006.1,2.6
2001-10-31T07:00,21.9,99,2.3,1006.5,3.3
2001-10-31T08:00,22.4,99,3.3,1007.6,3.7
2001-10-31T09:00,22.6,99,5.3,1008.0,6.0
2001-10-31T10:00,22.9,99,7.7,1008.6,7.5
2001-10-31T11:00,22.7,98,9.6,1008.3,9.2
2001-10-31T12:00,22.7,98,9.0,1008.2,10.5
2001-10-31T13:00,22.6,98,8.1,1007.5,12.5
2001-10-31T14:00,22.6,98,5.3,1007.0,13.7
2001-10-31T15:00,22.6,99,3.6,1006.2,12.7
2001-10-31T16:00,22.7,99,2.4,1005.7,13.5
2001-10-31T17:00,22.3,98,2.5,1006.5,13.2
2001-10-31T18:00,22.0,99,1.3,1006.6,11.9
2001-10-31T19:00,21.9,96,0.9,1006.9,9.5
2001-10-31T20:00,21.6,99,0.2,1007.8,8.8
2001-10-31T21:00,21.5,99,0.2,1008.6,8.3
2001-10-31T22:00,21.5,99,0.3,1008.7,8.3
2001-10-31T23:00,21.4,99,1.0,1008.7,8.0
2001-11-01T00:00,21.3,99,0.8,1008.4,9.1
2001-11-01T01:00,21.2,99,0.8,1007.8,8.8
2001-11-01T02:00,21.4,99,0.3,1007.5,9.1
2001-11-01T03:00,21.3,98,0.4,1007.0,9.1
2001-11-01T04:00,21.3,99,0.3,1006.6,8.9
2001-11-01T05:00,21.3,98,0.3,1006.4,6.7
2001-11-01T06:00,21.3,99,0.5,1006.7,7.3
2001-11-01T07:00,21.5,99,0.6,1007.5,7.2
2001-11-01T08:00,22.0,99,0.7,1008.4,6.5
2001-11-01T09:00,22.6,99,0.8,1008.9,6.9
2001-11-01T10:00,23.1,99,0.8,1009.3,7.4
2001-11-01T11:00,23.3,99,1.0,1008.9,8.6
2001-11-01T12:00,23.7,95,1.1,1008.5,10.8
2001-11-01T13:00,23.5,99,1.3,1007.1,13.2
2001-11-01T14:00,23.2,98,6.7,1006.8,14.9
2001-11-01T15:00,22.9,98,9.8,1006.4,14.9
2001-11-01T16:00,22.5,99,8.2,1005.7,15.0
2001-11-01T17:00,22.2,99,3.6,1006.1,13.2
2001-11-01T18:00,22.0,99,2.3,1006.6,12.1
2001-11-01T19:00,22.2,96,1.9,1006.3,9.9
2001-11-01T20:00,21.8,99,1.7,1007.0,9.1
2001-11-01T21:00,21.8,99,1.8,1007.9,7.6
2001-11-01T22:00,21.7,99,1.7,1008.4,7.6
2001-11-01T23:00,21.7,99,1.5,1008.3,6.9
2001-11-02T00:00,21.7,99,1.4,1008.0,6.5
2001-11-02T01:00,21.7,99,1.1,1007.4,6.8
2001-11-02T02:00,21.6,99,0.7,1006.8,7.6
2001-11-02T03:00,21.6,99,0.6,1006.3,7.6
2001-11-02T04:00,21.6,99,0.3,1006.3,6.5
2001-11-02T05:00,21.5,99,0.3,1006.4,5.4
2001-11-02T06:00,21.3,99,0.2,1006.7,4.5
2001-11-02T07:00,21.5,99,0.6,1007.4,5.5
2001-11-02T08:00,22.8,98,1.2,1008.0,5.4
2001-11-02T09:00,22.7,98,1.5,1008.2,9.0
2001-11-02T10:00,23.4,94,1.4,1008.3,10.4
2001-11-02T11:00,24.2,87,0.7,1008.1,11.2
2001-11-02T12:00,25.0,81,0.2,1007.6,10.9
2001-11-02T13:00,25.4,78,0.2,1006.9,12.2
2001-11-02T14:00,25.7,76,0.3,1005.8,13.6
2001-11-02T15:00,25.7,76,0.1,1005.3,13.1
2001-11-02T16:00,25.3,78,0.2,1005.0,11.9
2001-11-02T17:00,24.3,83,0.2,1005.5,9.5
2001-11-02T18:00,23.7,87,0.2,1006.2,7.6
2001-11-02T19:00,23.2,89,0.2,1006.6,8.0
2001-11-02T20:00,22.9,91,0.1,1007.2,7.3
2001-11-02T21:00,22.8,92,0.2,1007.9,6.5
2001-11-02T22:00,22.6,93,0.1,1008.2,4.4
2001-11-02T23:00,22.4,93,0.2,1008.3,4.4
2001-11-03T00:00,22.4,93,0.3,1007.7,3.3
2001-11-03T01:00,22.1,93,0.1,1007.2,4.9
2001-11-03T02:00,22.0,94,0.2,1006.3,5.1
2001-11-03T03:00,21.9,94,0.0,1005.6,5.1
2001-11-03T04:00,21.7,94,0.0,1005.3,5.1
2001-11-03T05:00,21.6,94,0.0,1005.6,6.0
2001-11-03T06:00,21.5,94,0.0,1005.5,5.0
2001-11-03T07:00,21.6,94,0.0,1006.0,4.8
2001-11-03T08:00,23.1,91,0.0,1006.9,3.4
2001-11-03T09:00,24.5,84,0.0,1007.1,5.9
2001-11-03T10:00,26.0,78,0.2,1007.3,7.6
2001-11-03T11:00,26.6,75,0.3,1006.8,8.6
2001-11-03T12:00,27.3,73,0.2,1006.6,9.3
2001-11-03T13:00,27.0,76,0.7,1005.6,7.9
2001-11-03T14:00,26.5,80,0.9,1004.3,8.6
2001-11-03T15:00,25.4,82,1.9,1003.8,8.4
2001-11-03T16:00,25.1,84,1.7,1003.5,7.4
2001-11-03T17:00,24.4,88,0.9,1003.9,6.6
2001-11-03T18:00,23.7,90,0.8,1003.9,6.7
2001-11-03T19:00,23.6,91,0.3,1004.7,6.0
2001-11-03T20:00,23.0,95,0.4,1005.3,5.6
2001-11-03T21:00,22.7,99,0.5,1006.1,5.2
2001-11-03T22:00,22.5,99,1.0,1006.0,4.4
2001-11-03T23:00,22.5,99,0.7,1006.1,4.8
2001-11-04T00:00,22.4,99,0.5,1005.9,3.6
2001-11-04T01:00,22.3,99,0.9,1005.5,4.0
2001-11-04T02:00,22.2,99,1.0,1005.0,4.3
2001-11-04T03:00,22.2,99,1.2,1004.7,4.7
2001-11-04T04:00,22.1,99,1.4,1004.5,4.7
2001-11-04T05:00,22.1,99,1.3,1004.9,3.8
2001-11-04T06:00,22.1,99,2.5,1005.3,3.8
2001-11-04T07:00,22.2,99,2.3,1005.8,3.7
2001-11-04T08:00,23.0,99,1.7,1006.3,3.1
2001-11-04T09:00,23.3,97,1.0,1006.9,3.0
2001-11-04T10:00,23.5,98,0.9,1007.1,5.7
2001-11-04T11:00,23.9,96,0.7,1006.8,6.6
2001-11-04T12:00,24.9,93,0.4,1006.0,7.3
2001-11-04T13:00,25.0,89,0.7,1004.9,8.0
2001-11-04T14:00,24.7,92,0.2,1004.1,7.9
2001-11-04T15:00,24.7,92,0.3,1003.6,9.6
2001-11-04T16:00,23.7,90,0.6,1003.0,10.5
2001-11-04T17:00,23.6,92,0.0,1003.5,8.8
2001-11-04T18:00,23.0,94,0.1,1003.9,8.0
2001-11-04T19:00,22.9,94,0.0,1004.2,7.1
2001-11-04T20:00,22.9,95,0.0,1004.8,6.7
2001-11-04T21:00,22.9,94,0.0,1005.1,5.4
2001-11-04T22:00,22.8,95,0.0,1005.3,5.1
2001-11-04T23:00,22.6,96,0.0,1005.4,3.8
2001-11-05T00:00,22.6,96,0.0,1005.2,3.4
2001-11-05T01:00,22.6,95,0.0,1005.0,3.1
2001-11-05T02:00,22.5,94,0.0,1004.2,3.1
2001-11-05T03:00,22.4,94,0.0,1004.1,3.5
2001-11-05T04:00,22.2,94,0.0,1003.6,3.2
2001-11-05T05:00,22.1,94,0.0,1003.7,3.4
2001-11-05T06:00,22.0,94,0.0,1004.4,2.5
2001-11-05T07:00,22.2,93,0.0,1004.7,2.1
2001-11-05T08:00,23.6,90,0.0,1005.6,0.8
2001-11-05T09:00,24.5,85,0.0,1006.2,3.3
2001-11-05T10:00,25.7,80,0.0,1006.2,5.4
2001-11-05T11:00,26.6,78,0.0,1005.9,7.4
2001-11-05T12:00,27.4,75,0.2,1005.4,7.9
2001-11-05T13:00,26.5,77,2.5,1004.1,8.2
2001-11-05T14:00,26.3,83,1.3,1003.6,8.7
2001-11-05T15:00,26.3,85,1.4,1003.2,4.4
2001-11-05T16:00,26.0,84,2.6,1002.8,4.4
2001-11-05T17:00,25.3,84,1.3,1003.0,2.8
2001-11-05T18:00,24.4,90,0.2,1003.1,2.6
2001-11-05T19:00,23.9,92,0.0,1003.6,2.7
2001-11-05T20:00,23.3,95,0.0,1004.0,2.8
2001-11-05T21:00,22.6,96,0.0,1004.6,2.9
2001-11-05T22:00,22.3,97,0.0,1005.3,3.2
2001-11-05T23:00,21.9,97,0.0,1005.6,3.1
2001-11-06T00:00,21.6,97,0.0,1005.5,3.7
2001-11-06T01:00,21.7,97,0.0,1004.9,4.0
2001-11-06T02:00,21.8,97,0.0,1004.9,3.7
2001-11-06T03:00,21.6,97,0.3,1004.6,3.7
2001-11-06T04:00,21.0,99,0.2,1004.6,4.0
2001-11-06T05:00,20.8,99,0.3,1004.8,4.0
2001-11-06T06:00,20.9,99,0.0,1005.1,4.2
2001-11-06T07:00,21.8,95,0.0,1005.7,3.7
2001-11-06T08:00,23.5,94,0.0,1006.0,2.1
2001-11-06T09:00,25.5,84,0.0,1006.8,1.4
2001-11-06T10:00,27.3,77,0.0,1006.7,1.9
2001-11-06T11:00,28.8,68,0.0,1006.5,3.8
2001-11-06T12:00,29.1,68,0.1,1006.0,4.7
2001-11-06T13:00,29.1,68,0.2,1005.6,6.5
2001-11-06T14:00,27.7,77,1.7,1005.2,3.8
2001-11-06T15:00,26.0,84,2.1,1004.2,4.3
2001-11-06T16:00,25.6,91,1.7,1004.3,3.3
2001-11-06T17:00,24.7,96,0.6,1004.8,2.9
2001-11-06T18:00,24.5,94,0.4,1005.5,2.8
2001-11-06T19:00,24.4,92,0.1,1006.0,2.3
2001-11-06T20:00,24.5,89,0.1,1007.1,1.6
2001-11-06T21:00,24.4,90,0.1,1007.5,0.4
2001-11-06T22:00,23.7,94,0.2,1007.9,1.1
2001-11-06T23:00,23.6,94,0.0,1008.0,2.1
2001-11-07T00:00,23.9,91,0.0,1007.4,2.6
2001-11-07T01:00,22.5,97,0.0,1007.0,2.9
2001-11-07T02:00,23.5,91,0.1,1006.2,3.0
2001-11-07T03:00,23.5,91,0.0,1005.9,2.9
2001-11-07T04:00,22.4,97,0.1,1005.6,3.3
2001-11-07T05:00,22.1,98,0.2,1005.3,4.7
2001-11-07T06:00,22.0,98,0.0,1006.0,4.0
2001-11-07T07:00,22.4,99,0.0,1007.1,4.1
2001-11-07T08:00,24.1,93,0.0,1007.5,3.4
2001-11-07T09:00,24.9,88,0.0,1007.6,2.5
2001-11-07T10:00,26.4,80,0.1,1007.7,2.1
2001-11-07T11:00,27.3,76,0.2,1007.4,2.5
2001-11-07T12:00,27.8,74,2.3,1006.6,3.2
2001-11-07T13:00,27.6,76,3.7,1005.9,3.6
2001-11-07T14:00,28.1,74,2.9,1005.2,1.5
2001-11-07T15:00,26.2,86,2.6,1005.2,2.2
2001-11-07T16:00,25.7,83,0.6,1004.9,2.2
2001-11-07T17:00,25.5,85,0.0,1005.5,0.4
2001-11-07T18:00,25.2,87,0.2,1005.8,0.4
2001-11-07T19:00,25.0,88,0.0,1006.5,0.5
2001-11-07T20:00,25.0,86,0.0,1007.2,0.5
2001-11-07T21:00,24.8,87,0.2,1007.9,0.5
2001-11-07T22:00,24.7,86,0.3,1008.4,1.9
2001-11-07T23:00,24.4,87,0.2,1008.1,3.1
2001-11-08T00:00,24.2,88,0.2,1007.5,3.1
2001-11-08T01:00,24.0,89,0.0,1007.1,3.0
2001-11-08T02:00,23.7,88,0.1,1006.3,3.3
2001-11-08T03:00,23.7,88,0.2,1006.1,2.9
2001-11-08T04:00,23.6,87,0.3,1005.7,4.0
2001-11-08T05:00,22.7,92,0.3,1006.3,6.0
2001-11-08T06:00,22.3,93,0.2,1006.8,7.3
2001-11-08T07:00,22.9,91,0.1,1007.1,7.3
2001-11-08T08:00,24.3,89,0.0,1007.4,4.1
2001-11-08T09:00,25.6,84,0.0,1008.2,0.7
2001-11-08T10:00,26.8,78,0.3,1008.7,2.0
2001-11-08T11:00,27.4,74,1.1,1008.3,1.5
2001-11-08T12:00,27.8,73,1.2,1006.8,1.8
2001-11-08T13:00,28.2,73,1.8,1005.9,1.3
2001-11-08T14:00,28.7,69,1.4,1005.3,0.8
2001-11-08T15:00,27.7,73,2.0,1005.0,3.7
2001-11-08T16:00,26.4,80,2.0,1005.4,2.2
2001-11-08T17:00,25.8,82,0.9,1006.4,1.4
2001-11-08T18:00,25.3,87,0.0,1006.5,0.4
2001-11-08T19:00,24.8,91,0.0,1006.9,1.5
2001-11-08T20:00,24.1,90,1.0,1007.7,2.5
2001-11-08T21:00,23.1,98,1.1,1008.7,3.3
2001-11-08T22:00,23.1,98,0.5,1008.9,3.7
2001-11-08T23:00,23.0,98,0.2,1008.5,4.5
2001-11-09T00:00,22.7,98,0.0,1007.5,4.7
2001-11-09T01:00,24.0,87,0.0,1007.1,4.0
2001-11-09T02:00,23.1,92,0.0,1006.7,4.0
2001-11-09T03:00,22.1,97,0.0,1006.2,4.3
2001-11-09T04:00,21.9,98,0.0,1005.7,4.5
2001-11-09T05:00,21.5,98,0.0,1005.6,5.6
2001-11-09T06:00,21.4,98,0.0,1006.0,5.5
2001-11-09T07:00,22.6,92,0.0,1007.3,4.7
2001-11-09T08:00,23.8,90,0.0,1007.9,2.9
2001-11-09T09:00,25.0,85,0.0,1008.7,1.8
2001-11-09T10:00,25.6,83,0.4,1008.3,1.9
2001-11-09T11:00,26.3,80,0.0,1008.3,1.1
2001-11-09T12:00,26.7,77,0.8,1008.0,1.1
2001-11-09T13:00,27.0,76,1.7,1007.2,1.5
2001-11-09T14:00,27.3,76,0.5,1006.4,1.8
2001-11-09T15:00,26.6,80,1.0,1005.9,0.8
2001-11-09T16:00,26.1,82,1.0,1005.4,2.2
2001-11-09T17:00,26.0,83,0.1,1005.8,3.6
2001-11-09T18:00,25.4,87,0.0,1006.0,1.3
2001-11-09T19:00,24.9,91,0.0,1006.8,1.5
2001-11-09T20:00,24.7,90,0.5,1007.4,0.8
2001-11-09T21:00,24.4,92,1.0,1007.9,0.8
2001-11-09T22:00,23.8,94,1.5,1008.3,2.5
2001-11-09T23:00,23.7,94,0.5,1007.7,4.5
2001-11-10T00:00,23.2,95,0.2,1006.8,4.6
2001-11-10T01:00,23.0,95,0.2,1006.4,4.5
2001-11-10T02:00,22.9,96,0.0,1005.8,3.3
2001-11-10T03:00,22.8,96,0.0,1005.4,3.3
2001-11-10T04:00,22.6,96,0.0,1005.3,4.0
2001-11-10T05:00,22.4,96,0.0,1005.3,4.8
2001-11-10T06:00,22.3,96,0.0,1006.1,4.4
2001-11-10T07:00,22.6,95,0.0,1006.7,3.6
2001-11-10T08:00,24.3,92,0.0,1007.7,2.2
2001-11-10T09:00,25.0,88,0.0,1008.2,1.1
2001-11-10T10:00,25.9,82,0.1,1008.4,2.3
2001-11-10T11:00,26.8,77,1.6,1008.3,3.3
2001-11-10T12:00,27.3,74,1.5,1007.3,3.3
2001-11-10T13:00,27.1,77,1.1,1006.2,2.3
2001-11-10T14:00,26.9,82,0.4,1004.9,4.1
2001-11-10T15:00,26.5,81,1.4,1004.6,5.0
2001-11-10T16:00,25.9,86,0.6,1004.5,3.4
2001-11-10T17:00,25.1,91,1.5,1004.7,2.4
2001-11-10T18:00,24.4,94,1.6,1004.9,2.1
2001-11-10T19:00,24.2,93,0.4,1005.0,4.0
2001-11-10T20:00,23.7,97,0.7,1005.7,4.4
2001-11-10T21:00,23.6,97,0.4,1006.5,5.2
2001-11-10T22:00,23.4,97,0.0,1006.9,5.8
2001-11-10T23:00,22.9,99,0.0,1006.7,5.4
2001-11-11T00:00,22.7,98,0.0,1006.4,4.8
2001-11-11T01:00,22.5,98,0.0,1006.1,5.0
2001-11-11T02:00,22.2,97,0.0,1005.3,5.5
2001-11-11T03:00,21.9,97,0.0,1004.8,5.7
2001-11-11T04:00,21.5,98,0.0,1004.6,5.8
2001-11-11T05:00,20.9,98,0.0,1004.5,7.0
2001-11-11T06:00,20.9,98,0.0,1005.2,6.5
2001-11-11T07:00,22.0,90,0.0,1006.0,6.1
2001-11-11T08:00,23.7,89,0.0,1006.9,4.5
2001-11-11T09:00,25.1,83,0.0,1007.4,2.4
2001-11-11T10:00,26.3,77,0.1,1007.4,2.3
2001-11-11T11:00,27.5,71,0.5,1006.4,3.3
2001-11-11T12:00,28.5,66,1.3,1005.9,2.4
2001-11-11T13:00,29.3,62,0.4,1004.6,1.1
2001-11-11T14:00,28.7,66,0.4,1004.2,0.7
2001-11-11T15:00,27.0,73,3.6,1004.0,4.2
2001-11-11T16:00,26.3,79,1.4,1004.2,2.6
2001-11-11T17:00,25.7,83,0.2,1004.4,1.9
2001-11-11T18:00,25.3,87,0.0,1004.4,3.1
2001-11-11T19:00,24.8,89,0.0,1004.7,3.1
2001-11-11T20:00,24.1,92,0.0,1005.9,3.7
2001-11-11T21:00,23.6,93,0.0,1006.7,4.1
2001-11-11T22:00,23.0,94,0.0,1007.4,4.7
2001-11-11T23:00,22.7,94,0.0,1007.4,5.1
2001-11-12T00:00,22.3,94,0.2,1007.0,5.4
2001-11-12T01:00,22.2,94,0.3,1006.4,5.4
2001-11-12T02:00,22.2,93,0.1,1005.8,5.8
2001-11-12T03:00,22.0,92,0.4,1005.8,5.1
2001-11-12T04:00,21.8,93,0.6,1005.5,4.7
2001-11-12T05:00,21.6,93,0.3,1005.4,6.3
2001-11-12T06:00,21.4,93,0.0,1005.8,5.9
2001-11-12T07:00,21.8,92,0.0,1006.4,5.9
2001-11-12T08:00,24.3,85,0.0,1007.3,4.3
2001-11-12T09:00,25.7,78,0.0,1007.6,0.8
2001-11-12T10:00,26.8,74,0.0,1008.0,1.1
2001-11-12T11:00,27.7,70,0.5,1007.6,0.8
2001-11-12T12:00,28.2,68,0.6,1006.9,2.6
2001-11-12T13:00,28.3,69,0.4,1006.2,3.1
2001-11-12T14:00,27.0,78,4.1,1005.2,3.4
2001-11-12T15:00,26.3,82,3.1,1005.1,3.1
2001-11-12T16:00,26.2,84,0.3,1004.6,3.7
2001-11-12T17:00,25.9,85,0.0,1004.6,2.9
2001-11-12T18:00,25.3,88,0.0,1005.1,2.3
2001-11-12T19:00,24.5,92,0.0,1006.2,2.0
2001-11-12T20:00,24.3,92,0.3,1007.4,1.3
2001-11-12T21:00,23.7,94,0.2,1007.9,3.3
2001-11-12T22:00,23.6,93,0.4,1008.2,3.8
2001-11-12T23:00,23.6,92,0.3,1008.0,4.5
2001-11-13T00:00,23.4,92,0.3,1007.9,4.0
2001-11-13T01:00,22.3,96,0.7,1007.2,5.1
2001-11-13T02:00,22.3,94,0.1,1006.6,5.5
2001-11-13T03:00,22.4,92,0.0,1006.1,5.9
2001-11-13T04:00,22.2,92,0.0,1005.8,5.9
2001-11-13T05:00,22.0,91,0.0,1005.3,6.5
2001-11-13T06:00,22.1,89,0.0,1005.9,6.2
2001-11-13T07:00,22.1,90,0.0,1006.6,5.1
2001-11-13T08:00,23.9,88,0.2,1007.7,2.9
2001-11-13T09:00,25.6,79,0.0,1008.2,1.9
2001-11-13T10:00,26.9,74,0.1,1008.5,2.3
2001-11-13T11:00,27.9,69,1.5,1008.4,4.1
2001-11-13T12:00,28.4,67,0.4,1007.8,2.8
2001-11-13T13:00,28.6,66,0.8,1007.0,3.3
2001-11-13T14:00,26.7,79,1.8,1005.9,2.3
2001-11-13T15:00,26.9,79,0.4,1004.7,2.5
2001-11-13T16:00,26.8,78,1.3,1004.2,3.6
2001-11-13T17:00,26.2,80,0.8,1004.8,4.6
2001-11-13T18:00,25.3,85,0.1,1005.6,2.9
2001-11-13T19:00,24.4,88,1.3,1006.0,2.4
2001-11-13T20:00,24.3,86,0.8,1007.1,1.1
2001-11-13T21:00,23.6,91,0.0,1007.3,2.6
2001-11-13T22:00,22.9,94,0.0,1007.5,3.7
2001-11-13T23:00,23.0,92,0.0,1007.3,3.9
2001-11-14T00:00,23.4,89,0.0,1007.1,3.7
2001-11-14T01:00,23.0,90,0.2,1006.7,1.5
2001-11-14T02:00,21.6,97,0.3,1006.0,2.9
2001-11-14T03:00,21.3,98,0.4,1005.0,4.6
2001-11-14T04:00,21.2,98,0.2,1004.6,4.3
2001-11-14T05:00,20.8,98,0.3,1004.6,4.8
2001-11-14T06:00,20.6,98,0.2,1005.0,4.2
2001-11-14T07:00,20.8,98,0.2,1005.8,4.0
2001-11-14T08:00,23.8,91,0.2,1006.8,3.1
2001-11-14T09:00,24.9,85,0.5,1007.1,1.5
2001-11-14T10:00,26.2,78,0.9,1007.4,3.4
2001-11-14T11:00,27.0,75,0.8,1007.3,6.3
2001-11-14T12:00,27.2,76,0.3,1006.6,5.5
2001-11-14T13:00,26.6,79,1.8,1005.1,5.8
2001-11-14T14:00,25.7,83,0.7,1004.4,7.0
2001-11-14T15:00,25.2,87,3.0,1003.9,3.3
2001-11-14T16:00,24.4,91,2.3,1003.9,2.5
2001-11-14T17:00,23.9,94,0.7,1004.2,1.1
2001-11-14T18:00,23.7,95,0.3,1004.5,0.8
2001-11-14T19:00,23.6,95,0.2,1004.7,2.0
2001-11-14T20:00,23.0,97,0.4,1005.6,1.3
2001-11-14T21:00,23.7,92,0.3,1006.3,1.9
2001-11-14T22:00,23.6,91,0.0,1006.7,1.3
2001-11-14T23:00,23.2,92,0.0,1006.8,1.1
2001-11-15T00:00,23.2,92,0.0,1006.4,1.6
2001-11-15T01:00,21.7,98,0.0,1005.5,2.4
2001-11-15T02:00,21.1,99,0.0,1004.7,3.7
2001-11-15T03:00,21.2,99,0.0,1004.3,3.6
2001-11-15T04:00,20.9,98,0.0,1004.0,3.7
2001-11-15T05:00,21.0,98,0.2,1003.7,3.6
2001-11-15T06:00,20.9,98,0.2,1004.3,4.3
2001-11-15T07:00,21.2,99,0.3,1005.0,5.1
2001-11-15T08:00,23.8,94,0.4,1005.4,4.1
2001-11-15T09:00,25.3,85,0.0,1005.7,1.1
2001-11-15T10:00,26.2,80,0.0,1006.4,2.8
2001-11-15T11:00,27.3,76,1.1,1006.2,3.6
2001-11-15T12:00,27.2,78,3.5,1005.6,4.0
2001-11-15T13:00,26.1,82,6.1,1004.7,5.4
2001-11-15T14:00,24.7,88,3.7,1004.7,4.3
2001-11-15T15:00,24.5,96,4.7,1004.1,3.4
2001-11-15T16:00,24.2,94,3.4,1003.8,2.3
2001-11-15T17:00,23.8,99,1.6,1003.7,2.3
2001-11-15T18:00,23.4,99,0.2,1004.1,1.5
2001-11-15T19:00,23.2,97,0.1,1004.4,0.4
2001-11-15T20:00,23.6,92,0.1,1004.9,0.8
2001-11-15T21:00,23.6,92,0.2,1005.9,1.3
2001-11-15T22:00,23.7,90,0.2,1006.9,2.1
2001-11-15T23:00,22.3,97,0.1,1006.7,2.3
2001-11-16T00:00,22.3,98,0.0,1006.6,2.2
2001-11-16T01:00,22.0,98,0.0,1005.9,2.6
2001-11-16T02:00,22.2,97,0.1,1005.1,2.6
2001-11-16T03:00,22.4,96,0.0,1004.3,1.8
2001-11-16T04:00,21.7,99,0.0,1004.0,3.0
2001-11-16T05:00,21.5,99,0.0,1005.0,3.3
2001-11-16T06:00,21.5,98,0.0,1005.4,3.1
2001-11-16T07:00,21.8,98,0.2,1005.8,2.3
2001-11-16T08:00,23.6,96,0.0,1007.0,3.4
2001-11-16T09:00,24.3,91,0.2,1007.5,2.9
2001-11-16T10:00,25.2,87,0.3,1007.5,4.1
2001-11-16T11:00,26.0,82,0.4,1007.6,5.7
2001-11-16T12:00,26.6,81,0.5,1007.3,7.1
2001-11-16T13:00,26.3,84,0.6,1006.5,7.2
2001-11-16T14:00,24.9,90,1.5,1005.8,5.1
2001-11-16T15:00,24.7,89,0.4,1005.2,2.9
2001-11-16T16:00,24.4,93,0.4,1004.8,1.8
2001-11-16T17:00,24.2,91,0.2,1004.5,1.9
2001-11-16T18:00,24.0,95,0.0,1004.0,2.6
2001-11-16T19:00,23.7,96,0.0,1004.7,1.8
2001-11-16T20:00,23.6,94,0.1,1005.9,1.5
2001-11-16T21:00,23.6,93,0.0,1006.4,2.2
2001-11-16T22:00,23.6,92,0.0,1007.1,2.9
2001-11-16T23:00,23.9,90,0.0,1007.3,2.7
2001-11-17T00:00,23.8,90,0.0,1007.1,2.3
2001-11-17T01:00,23.5,92,0.0,1006.6,3.0
2001-11-17T02:00,22.4,97,0.2,1005.8,4.1
2001-11-17T03:00,23.2,92,0.1,1005.0,3.1
2001-11-17T04:00,23.1,92,0.0,1005.0,1.5
2001-11-17T05:00,23.0,92,0.0,1005.1,2.2
2001-11-17T06:00,22.9,92,0.0,1005.6,1.6
2001-11-17T07:00,22.6,95,0.0,1006.2,2.2
2001-11-17T08:00,23.9,94,0.0,1007.0,1.6
2001-11-17T09:00,25.2,87,0.0,1007.6,1.1
2001-11-17T10:00,26.4,80,0.1,1007.9,2.9
2001-11-17T11:00,27.5,74,0.1,1007.7,5.8
2001-11-17T12:00,28.2,74,2.3,1007.6,4.8
2001-11-17T13:00,26.5,82,6.1,1006.6,4.7
2001-11-17T14:00,26.8,82,2.7,1005.4,6.1
2001-11-17T15:00,25.3,86,6.6,1004.9,4.8
2001-11-17T16:00,24.8,89,2.1,1005.5,1.1
2001-11-17T17:00,24.6,92,0.5,1005.2,2.3
2001-11-17T18:00,24.6,98,0.6,1005.3,4.0
2001-11-17T19:00,24.0,95,0.1,1005.9,5.6
2001-11-17T20:00,23.8,95,0.0,1006.6,4.5
2001-11-17T21:00,23.7,95,0.1,1007.1,4.4
2001-11-17T22:00,23.6,95,0.3,1007.5,3.8
2001-11-17T23:00,23.2,96,0.2,1007.5,3.1
2001-11-18T00:00,23.2,96,0.3,1007.4,2.9
2001-11-18T01:00,22.7,99,0.5,1007.2,3.8
2001-11-18T02:00,22.6,99,1.4,1006.2,4.8
2001-11-18T03:00,22.5,99,1.0,1005.4,5.4
2001-11-18T04:00,22.4,99,0.8,1005.2,5.4
2001-11-18T05:00,22.4,99,0.4,1005.0,5.3
2001-11-18T06:00,22.3,99,0.6,1005.4,4.6
2001-11-18T07:00,22.4,99,1.3,1006.0,4.4
2001-11-18T08:00,24.7,93,1.4,1006.8,3.2
2001-11-18T09:00,24.6,92,1.5,1007.6,0.8
2001-11-18T10:00,25.1,90,2.3,1007.8,1.6
2001-11-18T11:00,25.6,87,3.5,1007.4,3.4
2001-11-18T12:00,25.9,85,3.4,1007.2,4.7
2001-11-18T13:00,26.3,84,3.0,1006.0,4.3
2001-11-18T14:00,26.3,85,3.5,1005.1,3.4
2001-11-18T15:00,26.1,86,1.7,1004.1,2.8
2001-11-18T16:00,25.7,88,1.0,1004.1,0.5
2001-11-18T17:00,25.7,90,2.5,1005.3,1.8
2001-11-18T18:00,24.4,96,1.2,1006.0,0.4
2001-11-18T19:00,24.0,94,1.1,1006.5,2.6
2001-11-18T20:00,23.7,96,1.0,1006.9,2.2
2001-11-18T21:00,23.8,94,1.1,1008.0,2.4
2001-11-18T22:00,23.7,94,1.5,1008.6,1.9
2001-11-18T23:00,22.9,97,1.9,1008.2,3.2
2001-11-19T00:00,22.7,98,1.7,1007.6,4.3
2001-11-19T01:00,23.3,94,1.4,1006.9,3.8
2001-11-19T02:00,22.0,99,0.3,1005.9,4.2
2001-11-19T03:00,21.9,98,0.5,1005.6,4.1
2001-11-19T04:00,21.6,99,0.9,1005.4,4.2
2001-11-19T05:00,21.4,99,0.3,1005.6,5.8
2001-11-19T06:00,21.3,98,0.8,1006.0,6.5
2001-11-19T07:00,21.3,98,1.1,1007.1,6.2
2001-11-19T08:00,23.2,95,1.1,1007.5,2.9
2001-11-19T09:00,24.9,88,1.7,1008.3,1.0
2001-11-19T10:00,25.7,84,2.0,1008.0,1.5
2001-11-19T11:00,26.4,80,2.3,1007.8,1.1
2001-11-19T12:00,27.0,76,2.1,1007.1,3.1
2001-11-19T13:00,26.7,78,2.5,1006.6,3.9
2001-11-19T14:00,25.5,86,4.4,1005.9,4.5
2001-11-19T15:00,24.4,90,5.0,1005.7,1.8
2001-11-19T16:00,24.2,97,3.6,1005.4,0.5
2001-11-19T17:00,23.8,99,3.1,1005.7,0.4
2001-11-19T18:00,23.9,99,2.3,1006.4,1.8
2001-11-19T19:00,23.5,95,1.5,1006.5,1.9
2001-11-19T20:00,23.0,99,1.6,1007.3,1.3
2001-11-19T21:00,22.7,99,1.2,1007.8,1.1
2001-11-19T22:00,22.5,99,1.0,1007.9,1.6
2001-11-19T23:00,22.4,99,0.6,1007.7,2.6
2001-11-20T00:00,22.2,99,0.4,1007.3,3.5
2001-11-20T01:00,22.1,99,0.4,1006.9,3.4
2001-11-20T02:00,21.9,99,0.2,1006.2,3.5
2001-11-20T03:00,21.8,99,0.2,1005.9,3.8
2001-11-20T04:00,21.7,99,0.8,1005.0,4.0
2001-11-20T05:00,21.6,99,0.1,1005.4,4.2
2001-11-20T06:00,21.7,99,0.3,1006.1,3.7
2001-11-20T07:00,21.9,98,1.0,1006.6,2.9
2001-11-20T08:00,23.6,97,2.3,1007.2,2.2
2001-11-20T09:00,24.3,92,1.7,1007.9,1.0
2001-11-20T10:00,26.0,84,3.1,1007.7,3.8
2001-11-20T11:00,27.7,78,5.9,1008.0,3.9
2001-11-20T12:00,26.4,85,7.7,1007.2,5.5
2001-11-20T13:00,25.7,86,10.2,1006.2,5.6
2001-11-20T14:00,24.9,91,4.0,1005.9,3.6
2001-11-20T15:00,24.5,97,2.9,1005.0,3.6
2001-11-20T16:00,24.3,92,0.9,1004.8,1.8
2001-11-20T17:00,24.1,96,0.9,1005.0,2.1
2001-11-20T18:00,23.7,99,0.7,1005.5,0.8
2001-11-20T19:00,23.6,96,0.8,1005.6,1.6
2001-11-20T20:00,22.9,99,0.4,1006.3,1.8
2001-11-20T21:00,22.5,99,0.4,1007.2,2.8
2001-11-20T22:00,22.1,99,0.5,1007.4,3.4
2001-11-20T23:00,21.8,99,0.4,1007.4,4.1
2001-11-21T00:00,21.8,99,0.7,1006.8,4.7
2001-11-21T01:00,21.7,99,0.6,1006.4,5.0
2001-11-21T02:00,21.2,99,0.3,1005.5,5.1
2001-11-21T03:00,21.1,99,0.6,1005.2,5.4
2001-11-21T04:00,20.7,98,0.7,1004.8,5.8
2001-11-21T05:00,20.6,98,0.5,1004.9,5.4
2001-11-21T06:00,20.5,98,0.2,1005.5,5.4
2001-11-21T07:00,20.7,98,0.2,1006.0,4.7
2001-11-21T08:00,23.1,94,0.3,1007.0,3.2
2001-11-21T09:00,24.4,88,0.4,1007.2,0.7
2001-11-21T10:00,25.3,82,0.3,1007.3,1.5
2001-11-21T11:00,26.6,75,2.0,1006.8,0.8
2001-11-21T12:00,26.8,74,4.1,1006.5,2.6
2001-11-21T13:00,26.4,77,3.3,1005.4,4.8
2001-11-21T14:00,26.5,79,2.6,1004.6,4.6
2001-11-21T15:00,26.3,80,1.4,1004.2,3.1
2001-11-21T16:00,25.0,87,1.8,1004.0,2.5
2001-11-21T17:00,24.8,88,0.4,1004.7,2.0
2001-11-21T18:00,24.5,89,0.2,1004.5,1.1
2001-11-21T19:00,24.0,93,0.5,1005.3,0.8
2001-11-21T20:00,23.8,92,0.7,1006.1,0.8
2001-11-21T21:00,23.6,92,1.2,1006.7,0.5
2001-11-21T22:00,23.9,89,1.5,1007.3,1.5
2001-11-21T23:00,23.2,94,1.8,1007.2,1.8
2001-11-22T00:00,22.8,96,1.4,1007.0,1.5
2001-11-22T01:00,22.5,96,0.3,1006.8,1.5
2001-11-22T02:00,22.3,98,0.3,1006.1,1.5
2001-11-22T03:00,22.1,98,0.4,1005.5,2.3
2001-11-22T04:00,21.9,98,0.6,1005.2,2.9
2001-11-22T05:00,21.7,98,1.0,1005.4,3.6
2001-11-22T06:00,21.5,98,1.3,1006.0,5.0
2001-11-22T07:00,21.7,98,1.4,1006.9,5.2
2001-11-22T08:00,24.3,93,1.5,1007.5,3.5
2001-11-22T09:00,24.3,90,2.1,1008.1,2.1
2001-11-22T10:00,25.5,85,2.4,1007.6,2.9
2001-11-22T11:00,26.0,83,1.9,1007.1,3.3
2001-11-22T12:00,26.3,82,4.8,1006.3,3.3
2001-11-22T13:00,26.9,81,4.7,1005.5,4.7
2001-11-22T14:00,27.5,75,3.4,1004.6,5.8
2001-11-22T15:00,25.6,82,5.5,1004.0,6.6
2001-11-22T16:00,25.6,85,3.6,1003.9,4.3
2001-11-22T17:00,24.6,92,3.0,1004.2,5.1
2001-11-22T18:00,23.8,99,2.6,1004.3,2.2
2001-11-22T19:00,23.7,95,0.8,1004.7,1.8
2001-11-22T20:00,23.2,99,0.8,1005.4,2.8
2001-11-22T21:00,23.0,99,0.5,1005.8,4.3
2001-11-22T22:00,22.9,99,0.2,1006.0,4.2
2001-11-22T23:00,22.7,99,0.4,1005.7,3.7
2001-11-23T00:00,22.6,99,0.7,1005.7,4.0
2001-11-23T01:00,22.5,99,0.6,1005.3,3.7
2001-11-23T02:00,22.3,99,3.5,1004.4,4.5
2001-11-23T03:00,22.2,99,1.1,1004.0,3.8
2001-11-23T04:00,22.1,99,0.7,1003.7,3.4
2001-11-23T05:00,22.1,99,0.8,1004.2,3.5
2001-11-23T06:00,22.0,99,0.9,1004.6,3.5
2001-11-23T07:00,22.0,99,0.6,1005.1,3.3
2001-11-23T08:00,23.8,98,0.5,1005.6,3.3
2001-11-23T09:00,24.1,93,0.3,1005.9,2.6
2001-11-23T10:00,25.8,86,1.2,1006.3,2.4
2001-11-23T11:00,26.6,83,3.7,1006.2,3.8
2001-11-23T12:00,27.0,82,6.0,1005.1,6.6
2001-11-23T13:00,26.0,83,8.9,1004.2,8.5
2001-11-23T14:00,25.2,88,7.2,1003.9,7.1
2001-11-23T15:00,24.2,96,2.6,1003.6,7.4
2001-11-23T16:00,23.4,99,2.1,1003.4,6.7
2001-11-23T17:00,23.1,99,2.3,1003.6,5.9
2001-11-23T18:00,23.0,99,2.2,1003.8,5.5
2001-11-23T19:00,23.2,97,1.5,1003.8,3.7
2001-11-23T20:00,22.9,99,1.1,1005.0,3.3
2001-11-23T21:00,22.8,99,1.0,1005.7,3.6
2001-11-23T22:00,22.7,99,0.8,1006.2,3.8
2001-11-23T23:00,22.6,99,0.5,1006.1,4.7
2001-11-24T00:00,22.5,99,0.5,1005.6,5.7
2001-11-24T01:00,22.4,99,0.5,1004.8,6.6
2001-11-24T02:00,22.3,99,0.5,1003.9,5.6
2001-11-24T03:00,22.2,99,0.5,1003.3,4.7
2001-11-24T04:00,22.0,99,0.7,1002.9,4.5
2001-11-24T05:00,21.7,99,0.6,1004.0,7.3
2001-11-24T06:00,21.5,99,0.7,1004.2,5.8
2001-11-24T07:00,21.4,99,0.2,1004.4,5.5
2001-11-24T08:00,22.6,99,0.7,1005.1,4.8
2001-11-24T09:00,23.9,97,0.7,1006.2,3.1
2001-11-24T10:00,24.2,92,0.8,1006.4,4.7
2001-11-24T11:00,24.7,91,0.9,1006.3,4.7
2001-11-24T12:00,24.7,94,1.7,1005.5,4.6
2001-11-24T13:00,24.5,92,2.6,1004.5,6.0
2001-11-24T14:00,23.9,98,2.9,1003.8,4.5
2001-11-24T15:00,24.0,99,2.0,1003.4,4.0
2001-11-24T16:00,23.9,99,1.1,1002.8,3.1
2001-11-24T17:00,23.7,99,1.0,1003.0,4.7
2001-11-24T18:00,23.3,98,0.7,1003.0,3.1
2001-11-24T19:00,23.4,94,0.6,1003.5,2.2
2001-11-24T20:00,23.9,89,0.7,1004.5,0.8
2001-11-24T21:00,22.7,96,0.8,1005.2,2.6
2001-11-24T22:00,22.2,98,1.2,1005.7,3.6
2001-11-24T23:00,21.8,99,1.2,1005.6,2.9
2001-11-25T00:00,21.7,99,1.5,1005.2,3.2
2001-11-25T01:00,21.7,99,2.0,1004.9,3.3
2001-11-25T02:00,21.7,99,0.7,1004.1,3.6
2001-11-25T03:00,21.6,99,0.6,1003.6,3.9
2001-11-25T04:00,21.8,98,0.5,1003.2,3.4
2001-11-25T05:00,21.7,98,0.2,1003.6,5.9
2001-11-25T06:00,21.2,99,0.1,1003.9,4.5
2001-11-25T07:00,21.3,99,0.1,1004.6,3.7
2001-11-25T08:00,23.1,96,0.0,1005.4,3.6
2001-11-25T09:00,24.2,93,0.0,1006.2,1.5
2001-11-25T10:00,24.7,88,0.2,1006.7,0.8
2001-11-25T11:00,25.4,85,0.0,1006.2,0.8
2001-11-25T12:00,26.6,79,0.1,1005.5,1.0
2001-11-25T13:00,27.0,76,0.4,1004.7,1.5
2001-11-25T14:00,26.8,79,1.2,1003.9,1.4
2001-11-25T15:00,26.8,79,1.8,1003.0,1.9
2001-11-25T16:00,26.9,81,4.4,1003.1,2.5
2001-11-25T17:00,24.6,87,1.9,1003.3,1.1
2001-11-25T18:00,24.1,91,0.4,1003.7,2.4
2001-11-25T19:00,24.0,94,0.2,1004.0,2.8
2001-11-25T20:00,24.2,89,0.1,1005.0,1.8
2001-11-25T21:00,23.2,97,0.5,1005.9,2.3
2001-11-25T22:00,22.9,98,0.7,1006.5,3.8
2001-11-25T23:00,22.6,98,0.1,1006.4,3.3
2001-11-26T00:00,22.5,98,0.0,1005.9,2.6
2001-11-26T01:00,22.2,98,0.0,1005.6,1.9
2001-11-26T02:00,22.2,98,0.1,1004.9,3.2
2001-11-26T03:00,22.0,98,0.0,1004.2,3.1
2001-11-26T04:00,21.8,99,0.2,1003.9,3.1
2001-11-26T05:00,21.7,99,0.7,1004.0,5.6
2001-11-26T06:00,21.5,99,0.2,1004.8,4.8
2001-11-26T07:00,21.9,96,0.0,1005.4,4.3
2001-11-26T08:00,23.1,94,0.0,1006.6,3.4
2001-11-26T09:00,24.2,91,0.0,1007.2,1.5
2001-11-26T10:00,25.7,82,0.0,1007.3,1.1
2001-11-26T11:00,27.0,75,0.0,1007.2,3.2
2001-11-26T12:00,27.3,73,1.0,1006.5,2.9
2001-11-26T13:00,27.7,73,0.5,1005.7,3.4
2001-11-26T14:00,25.5,85,2.1,1004.6,4.5
2001-11-26T15:00,25.4,86,0.3,1004.0,4.8
2001-11-26T16:00,25.0,87,2.0,1003.9,4.8
2001-11-26T17:00,24.3,90,0.7,1004.0,2.6
2001-11-26T18:00,23.4,96,0.9,1004.7,1.1
2001-11-26T19:00,23.3,93,0.9,1005.6,1.1
2001-11-26T20:00,22.7,96,0.7,1006.3,2.6
2001-11-26T21:00,22.3,99,0.5,1006.7,2.5
2001-11-26T22:00,22.1,99,0.2,1007.1,1.4
2001-11-26T23:00,22.7,93,0.0,1006.9,1.3
2001-11-27T00:00,22.4,94,0.0,1006.6,2.4
2001-11-27T01:00,21.8,98,0.0,1006.1,2.9
2001-11-27T02:00,21.6,99,0.0,1005.3,3.3
2001-11-27T03:00,21.6,98,0.0,1005.1,2.6
2001-11-27T04:00,21.9,95,0.0,1004.8,2.9
2001-11-27T05:00,21.2,98,0.0,1005.1,4.0
2001-11-27T06:00,21.0,99,0.0,1005.7,4.0
2001-11-27T07:00,21.1,99,0.0,1006.5,4.8
2001-11-27T08:00,22.9,94,0.0,1007.5,4.0
2001-11-27T09:00,24.4,89,0.0,1007.9,1.3
2001-11-27T10:00,25.3,83,0.2,1007.9,1.8
2001-11-27T11:00,26.2,78,0.0,1007.5,3.8
2001-11-27T12:00,27.0,75,0.2,1006.9,6.5
2001-11-27T13:00,26.7,77,1.7,1006.7,5.1
2001-11-27T14:00,26.0,81,3.9,1005.8,4.3
2001-11-27T15:00,25.5,86,2.5,1004.7,3.7
2001-11-27T16:00,25.1,88,3.8,1004.7,5.4
2001-11-27T17:00,24.6,88,2.9,1004.7,3.0
2001-11-27T18:00,23.9,91,0.4,1005.3,3.1
2001-11-27T19:00,23.5,92,0.0,1005.6,2.6
2001-11-27T20:00,23.1,93,0.0,1006.5,1.3
2001-11-27T21:00,22.5,95,0.0,1006.8,1.8
2001-11-27T22:00,22.1,96,0.0,1007.2,2.9
2001-11-27T23:00,21.9,96,0.0,1007.4,3.3
2001-11-28T00:00,21.7,96,0.0,1007.0,3.7
2001-11-28T01:00,21.6,96,0.0,1006.9,4.0
2001-11-28T02:00,21.5,96,0.0,1006.1,4.5
2001-11-28T03:00,21.5,96,0.0,1005.5,4.6
2001-11-28T04:00,21.6,95,0.0,1005.3,5.2
2001-11-28T05:00,21.4,95,0.0,1005.9,6.8
2001-11-28T06:00,21.4,94,0.0,1006.3,6.5
2001-11-28T07:00,21.4,94,0.0,1007.1,6.1
2001-11-28T08:00,22.6,94,0.0,1007.8,4.0
2001-11-28T09:00,24.5,86,0.0,1008.7,0.7
2001-11-28T10:00,26.1,77,0.0,1008.6,2.3
2001-11-28T11:00,27.2,72,0.0,1008.6,3.5
2001-11-28T12:00,27.8,70,0.5,1007.8,5.0
2001-11-28T13:00,28.0,70,1.0,1006.6,6.5
2001-11-28T14:00,28.2,72,2.4,1005.9,4.4
2001-11-28T15:00,27.3,77,1.9,1005.3,4.9
2001-11-28T16:00,26.1,83,0.5,1004.8,4.7
2001-11-28T17:00,25.6,85,0.3,1005.1,2.7
2001-11-28T18:00,25.0,88,0.0,1005.3,2.4
2001-11-28T19:00,24.2,93,0.0,1005.7,1.6
2001-11-28T20:00,24.1,91,0.0,1006.2,1.0
2001-11-28T21:00,24.1,90,0.0,1007.0,1.8
2001-11-28T22:00,23.0,94,0.0,1007.7,2.2
2001-11-28T23:00,22.2,95,0.0,1007.9,2.9
2001-11-29T00:00,21.5,96,0.0,1007.5,4.7
2001-11-29T01:00,21.2,97,0.0,1007.4,4.7
2001-11-29T02:00,21.2,95,0.0,1006.4,5.4
2001-11-29T03:00,20.8,96,0.2,1006.0,5.8
2001-11-29T04:00,20.7,95,0.2,1005.8,6.2
2001-11-29T05:00,20.9,94,0.0,1005.9,6.5
2001-11-29T06:00,21.0,92,0.0,1006.1,6.6
2001-11-29T07:00,21.1,91,0.0,1006.9,5.9
2001-11-29T08:00,22.9,90,0.0,1007.4,4.6
2001-11-29T09:00,25.2,79,0.0,1008.3,1.5
2001-11-29T10:00,26.6,74,0.1,1008.5,0.7
2001-11-29T11:00,27.6,70,0.0,1008.3,1.0
2001-11-29T12:00,28.1,69,0.1,1007.9,1.1
2001-11-29T13:00,28.1,70,0.3,1006.7,2.6
2001-11-29T14:00,27.6,73,0.3,1005.9,4.0
2001-11-29T15:00,26.3,78,0.6,1005.1,1.8
2001-11-29T16:00,26.1,79,0.3,1004.8,2.3
2001-11-29T17:00,25.8,82,0.1,1005.0,2.3
2001-11-29T18:00,25.1,87,0.0,1005.1,1.1
2001-11-29T19:00,24.9,87,0.0,1005.5,1.3
2001-11-29T20:00,24.6,88,0.1,1006.0,1.1
2001-11-29T21:00,24.3,89,0.0,1006.6,1.9
2001-11-29T22:00,23.3,92,0.0,1007.1,2.1
2001-11-29T23:00,22.6,94,0.0,1006.9,3.8
2001-11-30T00:00,22.0,95,0.0,1006.5,4.8
2001-11-30T01:00,21.9,96,0.0,1006.0,4.7
2001-11-30T02:00,22.0,94,0.0,1005.1,4.7
2001-11-30T03:00,21.5,95,0.0,1004.6,5.1
2001-11-30T04:00,21.2,96,0.0,1004.3,5.2
2001-11-30T05:00,21.3,94,0.0,1004.7,6.2
2001-11-30T06:00,21.5,93,0.0,1004.9,5.7
2001-11-30T07:00,21.4,94,0.0,1005.1,5.5
2001-11-30T08:00,23.5,88,0.0,1005.9,3.7
2001-11-30T09:00,24.9,81,0.0,1006.6,1.4
2001-11-30T10:00,26.0,77,0.0,1006.7,2.5
2001-11-30T11:00,27.0,72,0.1,1006.8,2.2
2001-11-30T12:00,27.7,70,0.9,1006.1,0.5
2001-11-30T13:00,27.9,70,0.6,1005.3,2.2
2001-11-30T14:00,27.7,68,0.8,1004.5,1.4
2001-11-30T15:00,27.3,71,0.5,1003.9,2.4
2001-11-30T16:00,26.2,75,0.2,1003.4,2.9
2001-11-30T17:00,25.7,80,0.1,1003.5,3.4
2001-11-30T18:00,24.8,85,0.0,1003.6,2.5
2001-11-30T19:00,24.1,89,0.0,1004.5,2.2
2001-11-30T20:00,23.4,93,0.0,1005.4,2.3
2001-11-30T21:00,22.9,94,0.1,1006.5,3.6
2001-11-30T22:00,22.6,93,0.2,1006.8,5.5
2001-11-30T23:00,22.0,92,0.1,1007.2,6.3
2001-12-01T00:00,21.4,93,0.2,1006.8,6.6
2001-12-01T01:00,21.3,91,0.0,1006.3,6.5
2001-12-01T02:00,20.8,92,0.0,1005.6,6.9
2001-12-01T03:00,20.7,91,0.0,1005.1,7.3
2001-12-01T04:00,20.4,89,0.0,1005.0,7.3
2001-12-01T05:00,20.4,88,0.0,1005.2,7.6
2001-12-01T06:00,20.5,86,0.0,1005.7,8.1
2001-12-01T07:00,20.4,86,0.0,1006.0,8.0
2001-12-01T08:00,22.3,83,0.0,1006.8,6.6
2001-12-01T09:00,24.4,75,0.0,1007.6,2.5
2001-12-01T10:00,26.1,68,0.0,1007.7,1.1
2001-12-01T11:00,27.4,63,0.0,1007.3,0.8
2001-12-01T12:00,28.3,60,0.2,1006.6,0.8
2001-12-01T13:00,28.8,58,0.1,1005.3,3.3
2001-12-01T14:00,28.3,62,0.2,1004.6,5.2
2001-12-01T15:00,27.7,65,0.3,1004.4,4.6
2001-12-01T16:00,26.1,74,0.4,1004.2,5.4
2001-12-01T17:00,25.1,79,0.4,1004.5,2.6
2001-12-01T18:00,24.2,86,0.3,1005.3,1.8
2001-12-01T19:00,24.0,88,0.1,1005.7,1.1
2001-12-01T20:00,22.7,94,0.0,1006.4,2.0
2001-12-01T21:00,23.4,88,0.0,1007.0,2.7
2001-12-01T22:00,22.9,90,0.0,1007.2,3.2
2001-12-01T23:00,21.8,93,0.0,1007.0,4.5
2001-12-02T00:00,21.3,94,0.0,1007.2,4.9
2001-12-02T01:00,21.2,93,0.0,1006.6,5.2
2001-12-02T02:00,21.4,91,0.0,1006.3,5.2
2001-12-02T03:00,21.0,92,0.0,1005.8,5.4
2001-12-02T04:00,20.5,93,0.0,1005.9,5.4
2001-12-02T05:00,20.5,92,0.0,1005.9,6.7
2001-12-02T06:00,20.4,91,0.0,1006.3,6.4
2001-12-02T07:00,20.6,90,0.0,1006.4,6.8
2001-12-02T08:00,22.3,88,0.0,1007.2,5.5
2001-12-02T09:00,24.3,79,0.0,1007.7,3.3
2001-12-02T10:00,25.7,71,0.0,1007.7,3.2
2001-12-02T11:00,27.0,66,0.0,1007.6,2.9
2001-12-02T12:00,27.8,63,0.0,1006.8,3.3
2001-12-02T13:00,28.6,59,0.1,1005.9,2.9
2001-12-02T14:00,28.3,60,0.1,1005.0,3.1
2001-12-02T15:00,28.1,61,0.2,1004.5,1.9
2001-12-02T16:00,27.5,63,0.4,1004.2,1.1
2001-12-02T17:00,26.6,70,0.2,1004.3,1.5
2001-12-02T18:00,25.6,77,0.0,1005.1,2.2
2001-12-02T19:00,24.5,82,0.0,1005.3,2.5
2001-12-02T20:00,23.6,85,0.0,1006.1,3.6
2001-12-02T21:00,22.8,88,0.0,1006.6,5.1
2001-12-02T22:00,22.2,88,0.0,1006.8,5.4
2001-12-02T23:00,21.9,87,0.0,1007.0,6.2
2001-12-03T00:00,21.3,86,0.0,1006.8,7.3
2001-12-03T01:00,21.0,84,0.0,1006.5,7.8
2001-12-03T02:00,20.6,86,0.0,1006.1,8.0
2001-12-03T03:00,20.5,84,0.0,1005.2,8.7
2001-12-03T04:00,20.6,82,0.0,1005.3,9.3
2001-12-03T05:00,20.4,81,0.0,1005.6,9.2
2001-12-03T06:00,20.2,82,0.0,1005.9,8.9
2001-12-03T07:00,20.0,83,0.0,1006.2,8.7
2001-12-03T08:00,21.6,82,0.0,1007.0,7.9
2001-12-03T09:00,23.9,73,0.0,1007.2,4.3
2001-12-03T10:00,25.7,66,0.0,1007.2,3.6
2001-12-03T11:00,27.2,60,0.0,1006.8,3.8
2001-12-03T12:00,28.3,54,0.0,1006.1,4.4
2001-12-03T13:00,29.0,50,0.0,1005.1,4.5
2001-12-03T14:00,29.3,48,0.0,1004.2,4.7
2001-12-03T15:00,29.0,48,0.0,1003.6,4.3
2001-12-03T16:00,28.4,52,0.0,1003.2,3.8
2001-12-03T17:00,27.0,66,0.0,1003.6,1.6
2001-12-03T18:00,25.4,82,0.0,1003.7,0.7
2001-12-03T19:00,23.4,87,0.0,1004.2,1.8
2001-12-03T20:00,22.5,87,0.0,1004.7,4.1
2001-12-03T21:00,21.9,87,0.0,1005.4,5.9
2001-12-03T22:00,21.5,86,0.0,1005.7,7.5
2001-12-03T23:00,21.1,85,0.0,1006.1,8.7
2001-12-04T00:00,20.7,83,0.0,1006.2,9.3
2001-12-04T01:00,20.5,79,0.0,1006.1,9.8
2001-12-04T02:00,20.2,79,0.0,1005.5,9.4
2001-12-04T03:00,19.9,78,0.0,1005.0,9.7
2001-12-04T04:00,19.6,76,0.0,1005.0,9.8
2001-12-04T05:00,19.3,75,0.0,1005.3,9.7
2001-12-04T06:00,19.1,74,0.0,1005.4,9.8
2001-12-04T07:00,19.1,74,0.0,1005.9,9.5
2001-12-04T08:00,20.5,76,0.0,1006.1,8.8
2001-12-04T09:00,23.7,69,0.0,1006.9,4.7
2001-12-04T10:00,25.8,60,0.0,1006.8,1.9
2001-12-04T11:00,27.3,57,0.0,1006.9,1.1
2001-12-04T12:00,28.3,56,0.0,1006.5,1.8
2001-12-04T13:00,28.9,56,0.0,1005.5,2.2
2001-12-04T14:00,29.2,55,0.0,1004.7,2.9
2001-12-04T15:00,28.6,60,0.0,1003.9,4.0
2001-12-04T16:00,27.8,66,0.1,1003.9,2.6
2001-12-04T17:00,26.9,72,0.0,1004.3,3.3
2001-12-04T18:00,25.8,77,0.0,1004.4,2.2
2001-12-04T19:00,24.5,83,0.0,1004.9,2.9
2001-12-04T20:00,23.7,85,0.0,1005.3,4.2
2001-12-04T21:00,23.1,87,0.0,1005.7,5.2
2001-12-04T22:00,22.5,88,0.0,1006.0,5.1
2001-12-04T23:00,22.2,87,0.0,1006.2,5.4
2001-12-05T00:00,22.0,87,0.0,1005.8,5.8
2001-12-05T01:00,21.9,86,0.0,1005.9,5.8
2001-12-05T02:00,21.9,88,0.0,1005.4,6.2
2001-12-05T03:00,21.8,88,0.0,1004.9,5.8
2001-12-05T04:00,21.5,88,0.0,1004.5,6.1
2001-12-05T05:00,21.6,86,0.0,1004.5,5.8
2001-12-05T06:00,21.4,87,0.0,1005.0,5.8
2001-12-05T07:00,21.6,86,0.0,1005.6,5.8
2001-12-05T08:00,23.0,83,0.0,1006.6,4.7
2001-12-05T09:00,24.8,76,0.0,1007.2,2.9
2001-12-05T10:00,26.1,71,0.1,1006.8,1.9
2001-12-05T11:00,27.3,67,0.1,1006.5,2.8
2001-12-05T12:00,28.1,64,0.2,1005.6,5.1
2001-12-05T13:00,28.9,61,0.1,1004.3,2.8
2001-12-05T14:00,28.8,62,0.0,1003.2,2.1
2001-12-05T15:00,28.7,62,0.1,1002.5,1.3
2001-12-05T16:00,28.2,65,0.0,1002.2,1.8
2001-12-05T17:00,27.4,70,0.0,1002.4,2.1
2001-12-05T18:00,26.1,77,0.0,1002.6,2.1
2001-12-05T19:00,25.0,82,0.0,1003.2,2.8
2001-12-05T20:00,24.2,85,0.0,1003.9,3.6
2001-12-05T21:00,24.0,86,0.0,1004.7,4.2
2001-12-05T22:00,23.6,87,0.0,1004.8,4.2
2001-12-05T23:00,23.4,88,0.0,1005.2,4.7
2001-12-06T00:00,23.3,87,0.0,1004.7,4.9
2001-12-06T01:00,23.0,88,0.0,1004.2,4.5
2001-12-06T02:00,23.0,89,0.2,1003.6,4.4
2001-12-06T03:00,22.8,90,0.3,1003.3,4.7
2001-12-06T04:00,22.6,90,0.4,1003.4,4.7
2001-12-06T05:00,22.6,88,0.3,1003.3,5.4
2001-12-06T06:00,22.3,89,0.0,1003.5,5.2
2001-12-06T07:00,22.1,90,0.0,1004.1,4.8
2001-12-06T08:00,23.7,85,0.0,1005.0,4.4
2001-12-06T09:00,25.2,78,0.0,1005.6,2.3
2001-12-06T10:00,26.6,73,0.0,1005.2,1.9
2001-12-06T11:00,27.7,69,0.0,1004.9,1.5
2001-12-06T12:00,28.0,67,0.2,1004.3,0.8
2001-12-06T13:00,28.5,66,0.3,1003.2,0.5
2001-12-06T14:00,28.4,67,0.5,1002.6,0.7
2001-12-06T15:00,27.6,70,0.4,1001.9,2.6
2001-12-06T16:00,27.1,72,0.1,1001.5,1.5
2001-12-06T17:00,26.6,76,0.0,1001.6,2.2
2001-12-06T18:00,25.9,80,0.0,1001.9,2.3
2001-12-06T19:00,25.1,84,0.0,1002.3,2.7
2001-12-06T20:00,24.2,88,0.0,1003.4,3.4
2001-12-06T21:00,23.9,89,0.0,1004.1,3.7
2001-12-06T22:00,23.6,90,0.0,1004.4,4.5
2001-12-06T23:00,23.4,90,0.0,1004.4,4.3
2001-12-07T00:00,23.2,90,0.1,1003.9,4.7
2001-12-07T01:00,23.0,90,0.3,1003.4,5.0
2001-12-07T02:00,23.0,90,0.0,1002.3,5.4
2001-12-07T03:00,22.6,90,0.0,1001.4,5.4
2001-12-07T04:00,22.3,91,0.0,1001.2,5.4
2001-12-07T05:00,22.1,91,0.0,1001.4,6.1
2001-12-07T06:00,22.0,90,0.0,1002.3,5.8
2001-12-07T07:00,22.1,90,0.0,1002.7,5.4
2001-12-07T08:00,23.7,86,0.0,1003.5,4.7
2001-12-07T09:00,25.4,79,0.0,1004.4,1.8
2001-12-07T10:00,26.8,73,0.1,1004.6,0.8
2001-12-07T11:00,27.9,69,0.2,1004.3,0.0
2001-12-07T12:00,28.3,67,0.5,1003.5,1.5
2001-12-07T13:00,28.5,68,0.4,1002.6,0.7
2001-12-07T14:00,27.7,71,0.4,1001.9,1.3
2001-12-07T15:00,26.6,77,0.2,1001.3,1.8
2001-12-07T16:00,26.5,78,0.4,1001.6,1.1
2001-12-07T17:00,25.6,83,0.2,1001.3,3.4
2001-12-07T18:00,25.3,85,0.0,1002.1,3.1
2001-12-07T19:00,24.7,91,0.0,1002.4,2.4
2001-12-07T20:00,24.4,90,0.0,1003.0,2.4
2001-12-07T21:00,23.7,94,0.0,1003.5,3.8
2001-12-07T22:00,23.5,93,0.0,1004.1,3.1
2001-12-07T23:00,23.3,93,0.0,1004.3,3.2
2001-12-08T00:00,24.0,89,0.3,1004.3,4.2
2001-12-08T01:00,23.4,91,0.2,1003.7,4.9
2001-12-08T02:00,22.4,95,0.0,1002.8,4.0
2001-12-08T03:00,22.3,94,0.0,1002.5,3.6
2001-12-08T04:00,22.3,95,0.4,1002.2,4.0
2001-12-08T05:00,22.5,93,0.0,1001.9,6.3
2001-12-08T06:00,22.4,92,0.0,1002.0,5.9
2001-12-08T07:00,22.4,92,0.0,1002.6,5.1
2001-12-08T08:00,23.6,91,0.0,1003.5,2.5
2001-12-08T09:00,25.1,83,0.4,1004.5,0.7
2001-12-08T10:00,26.0,79,0.3,1004.5,1.6
2001-12-08T11:00,26.9,75,0.3,1004.2,1.8
2001-12-08T12:00,28.0,69,0.1,1003.4,2.5
2001-12-08T13:00,28.2,69,0.6,1002.8,4.2
2001-12-08T14:00,27.1,76,0.8,1002.0,5.2
2001-12-08T15:00,25.6,84,1.4,1002.1,4.0
2001-12-08T16:00,24.6,88,2.9,1001.9,2.8
2001-12-08T17:00,24.6,88,0.7,1001.7,3.1
2001-12-08T18:00,24.3,91,0.0,1002.0,2.3
2001-12-08T19:00,24.0,92,0.0,1002.3,2.4
2001-12-08T20:00,23.5,94,0.0,1003.1,2.6
2001-12-08T21:00,23.0,94,0.0,1003.8,2.8
2001-12-08T22:00,22.4,95,0.0,1004.4,3.5
2001-12-08T23:00,22.4,95,0.0,1004.3,3.8
2001-12-09T00:00,22.4,94,0.0,1004.0,4.8
2001-12-09T01:00,22.1,95,0.0,1003.1,5.4
2001-12-09T02:00,22.2,94,0.0,1002.7,5.8
2001-12-09T03:00,22.1,94,0.0,1001.9,5.8
2001-12-09T04:00,22.1,93,0.0,1001.8,6.1
2001-12-09T05:00,22.0,93,0.0,1001.6,6.5
2001-12-09T06:00,21.9,92,0.0,1002.6,5.8
2001-12-09T07:00,21.7,92,0.0,1003.2,5.2
2001-12-09T08:00,23.2,92,0.2,1004.1,4.4
2001-12-09T09:00,24.8,85,0.7,1004.7,1.8
2001-12-09T10:00,25.8,81,1.0,1004.9,2.7
2001-12-09T11:00,27.3,73,0.2,1004.6,4.2
2001-12-09T12:00,28.1,70,0.2,1003.9,4.1
2001-12-09T13:00,27.8,72,1.7,1003.1,5.1
2001-12-09T14:00,26.6,80,1.6,1002.2,4.8
2001-12-09T15:00,25.9,85,0.6,1001.5,4.8
2001-12-09T16:00,25.6,86,1.0,1001.0,3.9
2001-12-09T17:00,24.9,87,0.4,1000.9,0.8
2001-12-09T18:00,24.6,88,0.0,1001.3,1.1
2001-12-09T19:00,23.8,94,0.0,1001.7,1.3
2001-12-09T20:00,23.4,94,0.0,1002.4,2.1
2001-12-09T21:00,23.5,92,0.0,1003.2,1.6
2001-12-09T22:00,23.3,93,0.0,1003.6,2.3
2001-12-09T23:00,23.6,90,0.1,1003.8,2.6
2001-12-10T00:00,23.6,90,0.3,1003.4,3.0
2001-12-10T01:00,23.5,90,0.5,1003.1,3.6
2001-12-10T02:00,23.0,92,0.2,1002.3,4.0
2001-12-10T03:00,23.3,90,0.3,1001.5,4.3
2001-12-10T04:00,23.4,89,0.3,1001.3,4.0
2001-12-10T05:00,23.3,89,0.1,1001.3,3.9
2001-12-10T06:00,22.9,91,0.1,1002.0,4.1
2001-12-10T07:00,22.9,91,0.1,1003.0,4.1
2001-12-10T08:00,24.0,94,0.2,1004.0,2.9
2001-12-10T09:00,24.6,87,0.4,1004.5,1.3
2001-12-10T10:00,26.2,84,0.3,1004.8,1.6
2001-12-10T11:00,27.2,80,0.5,1004.4,2.3
2001-12-10T12:00,28.0,75,1.3,1003.8,2.3
2001-12-10T13:00,27.6,76,0.5,1002.9,3.0
2001-12-10T14:00,27.6,80,0.2,1002.0,1.9
2001-12-10T15:00,27.0,79,0.7,1001.4,2.2
2001-12-10T16:00,25.9,83,0.9,1001.1,3.3
2001-12-10T17:00,25.7,85,0.0,1000.8,2.1
2001-12-10T18:00,25.5,85,0.0,1001.6,1.9
2001-12-10T19:00,25.4,84,0.0,1002.0,1.3
2001-12-10T20:00,24.9,87,0.0,1002.9,1.5
2001-12-10T21:00,25.1,85,0.0,1003.6,3.2
2001-12-10T22:00,24.9,85,0.1,1004.2,4.0
2001-12-10T23:00,24.7,86,0.1,1004.2,4.3
2001-12-11T00:00,24.6,87,0.2,1004.0,4.4
2001-12-11T01:00,24.3,87,0.6,1003.4,4.0
2001-12-11T02:00,23.6,92,0.0,1002.7,4.4
2001-12-11T03:00,22.9,94,0.0,1002.2,4.5
2001-12-11T04:00,22.4,95,0.0,1002.0,4.8
2001-12-11T05:00,22.2,95,0.0,1001.6,5.8
2001-12-11T06:00,22.4,94,0.0,1002.7,5.4
2001-12-11T07:00,22.1,94,0.0,1003.3,5.4
2001-12-11T08:00,24.1,90,0.0,1004.6,4.4
2001-12-11T09:00,25.3,86,0.0,1005.3,1.6
2001-12-11T10:00,26.5,80,0.0,1005.5,1.6
2001-12-11T11:00,27.5,75,0.2,1005.1,3.1
2001-12-11T12:00,28.0,72,0.9,1004.1,3.1
2001-12-11T13:00,28.7,68,0.7,1003.2,1.6
2001-12-11T14:00,28.2,70,0.3,1002.1,1.5
2001-12-11T15:00,28.0,71,0.3,1002.0,1.1
2001-12-11T16:00,27.4,74,0.0,1001.9,0.7
2001-12-11T17:00,26.8,79,0.0,1001.6,3.0
2001-12-11T18:00,26.2,87,0.0,1002.1,0.5
2001-12-11T19:00,25.6,88,0.0,1002.3,1.1
2001-12-11T20:00,25.1,89,0.0,1003.4,0.7
2001-12-11T21:00,24.7,91,0.0,1004.1,2.1
2001-12-11T22:00,24.8,88,0.2,1004.8,2.7
2001-12-11T23:00,24.3,90,0.2,1004.5,4.1
2001-12-12T00:00,24.1,91,0.1,1004.5,3.7
2001-12-12T01:00,24.0,90,0.1,1004.0,3.8
2001-12-12T02:00,23.7,92,0.2,1003.8,3.8
2001-12-12T03:00,23.7,92,0.4,1003.2,4.7
2001-12-12T04:00,23.7,91,0.4,1003.3,4.3
2001-12-12T05:00,23.6,91,0.6,1003.8,4.0
2001-12-12T06:00,23.8,89,0.9,1004.7,5.2
2001-12-12T07:00,23.8,88,0.9,1004.7,8.2
2001-12-12T08:00,24.4,89,0.0,1004.9,8.6
2001-12-12T09:00,25.6,84,0.0,1005.8,4.7
2001-12-12T10:00,26.4,81,0.0,1006.3,1.3
2001-12-12T11:00,27.6,74,0.0,1006.2,1.1
2001-12-12T12:00,28.3,70,0.0,1005.3,1.3
2001-12-12T13:00,28.9,68,0.1,1004.3,2.1
2001-12-12T14:00,28.4,71,0.1,1003.2,2.2
2001-12-12T15:00,28.1,71,0.3,1002.2,2.9
2001-12-12T16:00,27.6,74,0.0,1001.7,0.7
2001-12-12T17:00,27.1,77,0.0,1002.8,2.6
2001-12-12T18:00,26.3,82,0.1,1002.7,2.4
2001-12-12T19:00,25.2,86,0.3,1002.9,2.5
2001-12-12T20:00,24.8,88,0.2,1003.3,2.4
2001-12-12T21:00,24.6,89,0.3,1004.3,2.1
2001-12-12T22:00,24.1,92,0.3,1004.9,1.8
2001-12-12T23:00,23.8,93,0.3,1004.8,2.1
2001-12-13T00:00,23.8,92,0.4,1004.6,2.4
2001-12-13T01:00,23.9,90,0.3,1004.4,3.1
2001-12-13T02:00,23.6,92,0.2,1003.6,3.5
2001-12-13T03:00,23.6,91,0.3,1003.1,3.5
2001-12-13T04:00,23.2,93,0.6,1003.3,3.5
2001-12-13T05:00,23.2,92,0.7,1003.0,6.3
2001-12-13T06:00,23.3,90,0.7,1003.4,6.4
2001-12-13T07:00,23.2,90,0.8,1003.8,6.8
2001-12-13T08:00,24.0,89,0.3,1004.7,5.2
2001-12-13T09:00,25.3,84,0.0,1005.9,4.0
2001-12-13T10:00,26.1,80,0.0,1006.0,4.9
2001-12-13T11:00,26.9,77,0.0,1005.3,2.8
2001-12-13T12:00,28.2,71,0.2,1004.6,0.8
2001-12-13T13:00,28.4,70,1.6,1004.0,0.8
2001-12-13T14:00,27.6,75,0.9,1003.2,1.5
2001-12-13T15:00,26.4,80,2.0,1002.5,3.7
2001-12-13T16:00,26.4,79,1.1,1002.5,4.8
2001-12-13T17:00,26.0,83,0.1,1002.7,3.1
2001-12-13T18:00,25.4,87,0.0,1002.5,1.6
2001-12-13T19:00,24.7,91,0.0,1002.8,2.1
2001-12-13T20:00,23.8,93,0.0,1003.4,1.3
2001-12-13T21:00,23.6,93,0.0,1003.8,3.4
2001-12-13T22:00,23.4,92,0.0,1004.2,3.4
2001-12-13T23:00,23.1,93,0.1,1004.8,3.4
2001-12-14T00:00,22.8,94,0.4,1004.1,3.4
2001-12-14T01:00,22.6,94,0.7,1003.6,3.4
2001-12-14T02:00,22.5,94,0.2,1003.0,3.7
2001-12-14T03:00,22.5,94,0.4,1002.5,3.4
2001-12-14T04:00,22.4,94,0.5,1002.5,3.9
2001-12-14T05:00,22.7,92,0.6,1002.7,4.1
2001-12-14T06:00,22.3,94,0.7,1003.1,4.2
2001-12-14T07:00,22.2,93,0.5,1003.5,4.2
2001-12-14T08:00,23.7,92,0.3,1004.0,4.0
2001-12-14T09:00,25.3,83,0.0,1004.8,0.7
2001-12-14T10:00,26.3,79,0.1,1005.2,0.8
2001-12-14T11:00,27.3,74,0.0,1005.0,1.1
2001-12-14T12:00,28.0,71,0.3,1004.9,2.4
2001-12-14T13:00,28.0,70,0.5,1003.8,3.3
2001-12-14T14:00,26.9,80,0.2,1002.7,4.1
2001-12-14T15:00,27.0,80,0.3,1002.1,3.2
2001-12-14T16:00,26.0,85,1.1,1002.0,3.9
2001-12-14T17:00,25.1,88,0.9,1001.9,2.4
2001-12-14T18:00,24.8,89,0.3,1001.9,2.1
2001-12-14T19:00,24.5,90,0.1,1002.8,1.4
2001-12-14T20:00,24.0,92,0.0,1003.2,1.1
2001-12-14T21:00,23.9,92,0.0,1003.8,2.6
2001-12-14T22:00,23.7,94,0.0,1004.4,3.6
2001-12-14T23:00,23.3,95,0.0,1004.5,3.6
2001-12-15T00:00,23.2,94,0.0,1004.3,3.4
2001-12-15T01:00,22.8,96,0.0,1003.0,3.2
2001-12-15T02:00,22.9,95,0.0,1002.5,2.6
2001-12-15T03:00,22.3,98,0.0,1002.4,3.6
2001-12-15T04:00,22.5,98,0.3,1002.6,3.9
2001-12-15T05:00,22.6,98,0.2,1002.1,4.1
2001-12-15T06:00,23.8,87,0.0,1002.8,2.6
2001-12-15T07:00,23.1,92,0.2,1003.8,3.7
2001-12-15T08:00,23.4,99,0.1,1004.3,2.6
2001-12-15T09:00,24.3,91,0.0,1005.2,1.6
2001-12-15T10:00,25.1,87,0.0,1005.5,1.8
2001-12-15T11:00,26.0,83,0.0,1005.8,2.1
2001-12-15T12:00,27.8,72,0.2,1005.1,1.3
2001-12-15T13:00,28.2,69,0.3,1004.3,2.6
2001-12-15T14:00,27.5,79,0.7,1003.4,1.4
2001-12-15T15:00,27.8,74,0.5,1002.4,1.1
2001-12-15T16:00,27.1,77,0.5,1002.4,2.4
2001-12-15T17:00,25.7,82,0.3,1002.9,2.2
2001-12-15T18:00,25.1,87,0.4,1002.8,1.3
2001-12-15T19:00,24.5,88,0.3,1003.3,0.7
2001-12-15T20:00,23.8,92,0.0,1003.8,2.6
2001-12-15T21:00,23.2,94,0.0,1004.4,3.3
2001-12-15T22:00,22.8,93,0.0,1005.0,4.7
2001-12-15T23:00,22.4,93,0.0,1005.2,4.7
2001-12-16T00:00,22.0,93,0.0,1004.9,5.2
2001-12-16T01:00,21.9,93,0.0,1004.6,6.4
2001-12-16T02:00,21.6,92,0.0,1004.1,7.1
2001-12-16T03:00,21.9,89,0.0,1003.3,7.9
2001-12-16T04:00,21.9,87,0.0,1003.2,8.0
2001-12-16T05:00,22.0,86,0.0,1003.6,7.4
2001-12-16T06:00,21.8,85,0.0,1004.0,7.0
2001-12-16T07:00,21.9,84,0.0,1004.9,7.0
2001-12-16T08:00,22.6,87,0.0,1005.1,5.8
2001-12-16T09:00,24.8,78,0.0,1006.2,2.5
2001-12-16T10:00,26.1,72,0.0,1006.1,1.1
2001-12-16T11:00,27.5,66,0.0,1006.1,0.8
2001-12-16T12:00,28.5,62,0.2,1005.4,1.9
2001-12-16T13:00,29.3,59,0.1,1004.5,3.8
2001-12-16T14:00,28.5,65,0.2,1003.6,3.1
2001-12-16T15:00,28.3,65,0.2,1002.9,4.1
2001-12-16T16:00,27.9,68,0.2,1002.8,4.5
2001-12-16T17:00,27.1,75,0.2,1003.5,4.5
2001-12-16T18:00,25.9,85,0.2,1003.5,4.4
2001-12-16T19:00,24.9,89,0.1,1004.2,3.2
2001-12-16T20:00,24.2,92,0.0,1005.0,3.1
2001-12-16T21:00,23.7,93,0.0,1005.8,4.0
2001-12-16T22:00,23.3,94,0.0,1006.3,4.7
2001-12-16T23:00,22.9,93,0.0,1006.0,4.4
2001-12-17T00:00,22.5,93,0.0,1005.7,5.4
2001-12-17T01:00,22.5,90,0.0,1005.0,6.1
2001-12-17T02:00,22.5,90,0.0,1004.5,6.5
2001-12-17T03:00,22.1,89,0.0,1004.0,6.5
2001-12-17T04:00,21.9,88,0.0,1003.7,6.9
2001-12-17T05:00,21.8,87,0.0,1004.3,7.0
2001-12-17T06:00,21.5,86,0.0,1004.5,6.6
2001-12-17T07:00,21.4,86,0.0,1005.5,6.2
2001-12-17T08:00,22.8,85,0.0,1006.0,5.8
2001-12-17T09:00,25.2,76,0.0,1006.5,2.6
2001-12-17T10:00,26.6,69,0.0,1006.2,1.8
2001-12-17T11:00,27.9,66,0.0,1006.2,2.3
2001-12-17T12:00,28.6,64,0.3,1005.3,2.1
2001-12-17T13:00,29.0,63,0.2,1004.2,3.9
2001-12-17T14:00,28.8,65,0.3,1003.3,6.1
2001-12-17T15:00,28.4,68,0.5,1002.7,6.2
2001-12-17T16:00,27.7,72,0.3,1002.5,6.8
2001-12-17T17:00,27.0,77,0.0,1002.5,5.9
2001-12-17T18:00,26.1,83,0.0,1002.4,3.9
2001-12-17T19:00,25.3,87,0.0,1003.5,2.9
2001-12-17T20:00,24.5,91,0.0,1004.2,1.8
2001-12-17T21:00,23.6,93,0.0,1004.7,3.3
2001-12-17T22:00,23.1,94,0.0,1005.2,4.3
2001-12-17T23:00,23.1,92,0.0,1005.3,5.1
2001-12-18T00:00,22.9,92,0.0,1004.8,6.5
2001-12-18T01:00,22.6,91,0.0,1004.5,6.8
2001-12-18T02:00,22.3,92,0.0,1004.1,6.8
2001-12-18T03:00,22.1,91,0.0,1003.4,6.5
2001-12-18T04:00,21.9,90,0.0,1003.5,6.2
2001-12-18T05:00,21.8,89,0.0,1004.0,6.9
2001-12-18T06:00,21.9,86,0.0,1004.2,6.5
2001-12-18T07:00,21.8,85,0.0,1004.8,6.5
2001-12-18T08:00,22.8,85,0.0,1005.0,6.1
2001-12-18T09:00,25.2,76,0.0,1005.3,2.2
2001-12-18T10:00,26.6,69,0.0,1005.3,0.8
2001-12-18T11:00,27.5,66,0.0,1005.2,2.5
2001-12-18T12:00,28.7,63,0.0,1004.9,4.8
2001-12-18T13:00,29.2,62,0.0,1003.8,7.3
2001-12-18T14:00,28.9,65,0.1,1002.9,6.1
2001-12-18T15:00,28.7,66,0.1,1002.4,5.1
2001-12-18T16:00,28.1,69,0.2,1002.2,5.2
2001-12-18T17:00,27.2,76,0.2,1002.6,4.9
2001-12-18T18:00,26.1,83,0.0,1003.0,2.9
2001-12-18T19:00,25.3,87,0.0,1003.3,2.6
2001-12-18T20:00,24.6,92,0.0,1004.1,1.1
2001-12-18T21:00,24.6,90,0.0,1004.7,1.3
2001-12-18T22:00,24.9,86,0.0,1005.4,1.8
2001-12-18T23:00,24.2,88,0.0,1005.3,2.5
2001-12-19T00:00,24.0,89,0.0,1004.7,2.9
2001-12-19T01:00,23.4,91,0.0,1004.4,3.2
2001-12-19T02:00,22.6,95,0.0,1004.0,4.0
2001-12-19T03:00,22.5,95,0.2,1003.5,4.3
2001-12-19T04:00,22.2,95,0.0,1003.6,4.0
2001-12-19T05:00,22.0,94,0.2,1003.3,6.1
2001-12-19T06:00,22.0,93,0.4,1003.8,5.1
2001-12-19T07:00,22.1,93,0.3,1004.5,4.3
2001-12-19T08:00,23.6,92,0.2,1005.3,2.9
2001-12-19T09:00,25.4,83,0.0,1005.7,1.5
2001-12-19T10:00,26.3,78,0.2,1006.0,0.8
2001-12-19T11:00,27.6,73,0.2,1006.2,1.9
2001-12-19T12:00,28.1,73,1.0,1005.6,4.0
2001-12-19T13:00,28.0,75,0.9,1005.3,3.3
2001-12-19T14:00,27.7,75,0.9,1003.9,3.1
2001-12-19T15:00,26.3,81,2.1,1003.7,4.4
2001-12-19T16:00,25.5,86,0.8,1003.7,3.5
2001-12-19T17:00,25.3,86,0.0,1003.7,4.8
2001-12-19T18:00,24.8,87,0.3,1004.5,1.5
2001-12-19T19:00,24.4,90,0.6,1005.5,1.4
2001-12-19T20:00,24.1,91,0.3,1005.8,0.7
2001-12-19T21:00,24.5,87,0.0,1006.0,2.1
2001-12-19T22:00,24.1,91,0.0,1006.1,2.9
2001-12-19T23:00,23.9,90,0.0,1006.4,1.8
2001-12-20T00:00,23.6,91,0.0,1006.2,3.3
2001-12-20T01:00,23.4,92,0.0,1005.6,3.3
2001-12-20T02:00,22.7,94,0.2,1005.1,4.7
2001-12-20T03:00,22.7,94,0.0,1003.9,5.8
2001-12-20T04:00,22.6,94,0.0,1003.7,4.5
2001-12-20T05:00,22.1,95,0.0,1003.2,6.5
2001-12-20T06:00,22.0,94,0.0,1004.6,4.8
2001-12-20T07:00,22.0,94,0.2,1005.6,6.2
2001-12-20T08:00,23.4,92,0.2,1006.0,5.4
2001-12-20T09:00,25.0,87,0.0,1006.5,1.4
2001-12-20T10:00,26.6,79,0.1,1006.9,0.7
2001-12-20T11:00,27.2,76,0.6,1006.7,2.5
2001-12-20T12:00,27.6,73,0.1,1006.3,2.8
2001-12-20T13:00,28.0,71,0.0,1005.1,1.4
2001-12-20T14:00,27.3,76,3.7,1004.4,3.9
2001-12-20T15:00,26.1,81,4.1,1004.6,1.3
2001-12-20T16:00,25.7,86,0.1,1004.2,0.7
2001-12-20T17:00,25.6,85,0.0,1004.9,2.9
2001-12-20T18:00,25.2,87,0.0,1005.6,1.9
2001-12-20T19:00,24.7,90,0.0,1005.5,1.3
2001-12-20T20:00,24.2,94,0.0,1005.7,1.8
2001-12-20T21:00,23.9,94,0.0,1005.8,1.1
2001-12-20T22:00,24.1,92,0.0,1006.5,1.6
2001-12-20T23:00,24.4,89,0.0,1006.9,2.7
2001-12-21T00:00,24.4,89,0.1,1006.6,3.0
2001-12-21T01:00,24.2,89,0.2,1006.1,3.5
2001-12-21T02:00,23.2,94,0.0,1005.2,2.8
2001-12-21T03:00,23.0,94,0.0,1004.9,2.5
2001-12-21T04:00,23.1,94,0.0,1004.9,2.8
2001-12-21T05:00,22.9,93,0.2,1004.4,2.5
2001-12-21T06:00,22.6,94,0.2,1004.8,2.5
2001-12-21T07:00,22.5,95,0.2,1005.7,2.9
2001-12-21T08:00,24.0,94,0.1,1006.6,3.1
2001-12-21T09:00,25.4,86,0.2,1007.0,0.5
2001-12-21T10:00,26.2,82,0.5,1007.1,1.4
2001-12-21T11:00,27.1,76,0.8,1006.9,3.3
2001-12-21T12:00,27.4,74,1.7,1006.7,2.9
2001-12-21T13:00,27.2,77,1.1,1005.7,4.1
2001-12-21T14:00,25.8,91,0.8,1005.3,3.3
2001-12-21T15:00,25.3,89,1.4,1004.9,4.0
2001-12-21T16:00,25.1,87,1.4,1004.4,3.7
2001-12-21T17:00,24.7,90,0.3,1004.3,1.1
2001-12-21T18:00,24.6,94,0.4,1004.9,2.8
2001-12-21T19:00,24.4,91,0.2,1004.7,5.1
2001-12-21T20:00,23.9,95,0.2,1005.5,4.4
2001-12-21T21:00,23.5,99,0.2,1006.4,4.4
2001-12-21T22:00,23.4,97,0.4,1007.2,2.6
2001-12-21T23:00,24.2,89,0.0,1007.0,2.5
2001-12-22T00:00,24.1,90,0.0,1006.7,2.7
2001-12-22T01:00,23.9,90,0.0,1006.0,1.8
2001-12-22T02:00,23.4,92,0.0,1005.2,3.1
2001-12-22T03:00,23.4,91,0.0,1004.9,1.8
2001-12-22T04:00,23.3,91,0.0,1004.9,2.4
2001-12-22T05:00,23.2,91,0.0,1004.7,4.0
2001-12-22T06:00,23.3,90,0.1,1005.3,3.4
2001-12-22T07:00,22.0,96,0.2,1006.4,3.7
2001-12-22T08:00,23.5,98,0.1,1007.2,4.0
2001-12-22T09:00,24.7,89,0.0,1007.9,2.1
2001-12-22T10:00,26.2,85,0.0,1008.0,0.4
2001-12-22T11:00,27.3,80,0.0,1007.4,1.5
2001-12-22T12:00,28.0,77,0.9,1006.4,1.8
2001-12-22T13:00,27.6,80,2.2,1005.2,1.8
2001-12-22T14:00,27.9,72,1.0,1004.7,2.3
2001-12-22T15:00,27.0,76,1.3,1004.3,4.5
2001-12-22T16:00,26.1,81,1.2,1003.9,2.6
2001-12-22T17:00,25.9,82,0.0,1004.0,0.5
2001-12-22T18:00,25.4,87,0.0,1003.8,1.3
2001-12-22T19:00,24.8,91,0.0,1004.3,0.4
2001-12-22T20:00,24.3,91,0.0,1005.0,2.3
2001-12-22T21:00,23.7,93,0.0,1005.4,3.6
2001-12-22T22:00,23.1,94,0.0,1005.8,4.7
2001-12-22T23:00,22.8,94,0.0,1006.1,5.0
2001-12-23T00:00,22.6,94,0.0,1005.5,6.2
2001-12-23T01:00,22.3,94,0.0,1004.9,5.8
2001-12-23T02:00,22.4,94,0.0,1004.4,6.1
2001-12-23T03:00,22.1,94,0.0,1003.9,5.8
2001-12-23T04:00,22.0,93,0.0,1004.0,5.4
2001-12-23T05:00,21.9,93,0.2,1003.9,6.2
2001-12-23T06:00,21.7,93,0.2,1004.1,5.4
2001-12-23T07:00,21.7,92,0.1,1004.9,4.7
2001-12-23T08:00,23.6,89,0.0,1005.5,4.0
2001-12-23T09:00,25.4,82,0.0,1006.1,1.9
2001-12-23T10:00,26.6,76,0.3,1006.4,1.8
2001-12-23T11:00,27.7,72,0.0,1006.4,3.0
2001-12-23T12:00,27.9,70,1.5,1006.0,2.5
2001-12-23T13:00,28.2,69,0.1,1005.1,2.4
2001-12-23T14:00,27.2,75,0.2,1004.2,3.2
2001-12-23T15:00,27.1,75,0.0,1003.5,3.1
2001-12-23T16:00,27.0,76,0.0,1003.1,2.3
2001-12-23T17:00,26.8,77,0.0,1003.5,1.6
2001-12-23T18:00,26.4,80,0.0,1004.1,1.9
2001-12-23T19:00,25.4,85,0.0,1004.3,2.5
2001-12-23T20:00,24.7,88,0.0,1005.4,2.9
2001-12-23T21:00,24.1,91,0.0,1005.7,3.8
2001-12-23T22:00,23.6,93,0.0,1006.1,3.3
2001-12-23T23:00,23.4,94,0.0,1006.2,4.0
2001-12-24T00:00,23.1,94,0.0,1005.8,4.4
2001-12-24T01:00,22.9,94,0.2,1005.4,5.4
2001-12-24T02:00,22.9,92,0.1,1005.1,5.8
2001-12-24T03:00,22.7,92,0.0,1004.5,6.5
2001-12-24T04:00,22.6,90,0.0,1004.2,6.5
2001-12-24T05:00,22.5,89,0.0,1004.4,7.2
2001-12-24T06:00,22.4,88,0.0,1004.7,7.2
2001-12-24T07:00,22.3,88,0.0,1005.4,6.8
2001-12-24T08:00,23.2,87,0.0,1006.0,5.1
2001-12-24T09:00,25.4,80,0.0,1006.7,1.6
2001-12-24T10:00,27.0,73,0.4,1006.5,1.5
2001-12-24T11:00,28.3,70,0.0,1006.7,2.3
2001-12-24T12:00,28.8,68,0.9,1006.1,3.6
2001-12-24T13:00,28.9,69,0.6,1005.0,3.8
2001-12-24T14:00,28.4,73,0.2,1004.1,5.6
2001-12-24T15:00,28.0,75,0.3,1003.2,5.5
2001-12-24T16:00,26.9,77,0.9,1003.5,5.0
2001-12-24T17:00,25.0,86,0.9,1003.9,2.6
2001-12-24T18:00,24.3,92,0.4,1004.1,0.8
2001-12-24T19:00,24.4,89,0.0,1004.9,0.0
2001-12-24T20:00,24.0,94,0.0,1006.0,0.4
2001-12-24T21:00,24.4,89,0.0,1006.4,1.0
2001-12-24T22:00,23.4,95,0.0,1006.8,2.1
2001-12-24T23:00,23.2,95,0.0,1007.3,3.1
2001-12-25T00:00,23.0,95,0.0,1006.9,4.0
2001-12-25T01:00,23.0,95,0.0,1006.4,4.1
2001-12-25T02:00,24.0,89,0.0,1005.6,2.5
2001-12-25T03:00,23.2,92,0.0,1005.1,2.9
2001-12-25T04:00,22.9,94,0.0,1005.2,2.4
2001-12-25T05:00,22.5,95,0.0,1005.5,4.1
2001-12-25T06:00,22.5,94,0.0,1005.2,4.9
2001-12-25T07:00,23.5,89,0.0,1005.9,3.8
2001-12-25T08:00,23.7,94,0.1,1007.3,1.8
2001-12-25T09:00,24.8,87,0.3,1008.2,1.9
2001-12-25T10:00,25.8,82,0.3,1008.2,1.3
2001-12-25T11:00,26.7,79,0.4,1007.9,3.6
2001-12-25T12:00,26.9,79,0.5,1007.5,3.1
2001-12-25T13:00,26.9,81,0.7,1005.9,2.9
2001-12-25T14:00,27.5,73,0.0,1004.5,3.1
2001-12-25T15:00,27.9,71,1.0,1004.0,6.9
2001-12-25T16:00,26.7,78,1.6,1004.3,7.0
2001-12-25T17:00,25.6,84,0.6,1004.6,5.1
2001-12-25T18:00,24.4,91,0.9,1005.0,2.4
2001-12-25T19:00,24.2,91,0.1,1005.1,3.0
2001-12-25T20:00,24.1,93,0.0,1006.0,2.5
2001-12-25T21:00,24.0,93,0.0,1006.7,3.1
2001-12-25T22:00,23.5,94,0.0,1007.1,2.4
2001-12-25T23:00,23.3,93,0.1,1007.4,3.6
2001-12-26T00:00,23.5,92,0.0,1006.5,4.9
2001-12-26T01:00,23.4,92,0.0,1006.4,3.9
2001-12-26T02:00,23.5,91,0.0,1005.8,2.6
2001-12-26T03:00,23.3,92,0.0,1005.5,2.8
2001-12-26T04:00,23.2,93,0.0,1005.2,2.9
2001-12-26T05:00,23.1,93,0.0,1005.2,2.6
2001-12-26T06:00,23.1,93,0.0,1006.2,2.8
2001-12-26T07:00,23.1,93,0.0,1006.4,2.6
2001-12-26T08:00,23.8,93,0.0,1007.4,2.7
2001-12-26T09:00,25.2,88,0.0,1008.1,1.8
2001-12-26T10:00,26.2,82,0.7,1008.3,2.5
2001-12-26T11:00,26.9,77,0.3,1008.7,3.1
2001-12-26T12:00,27.4,74,0.1,1007.4,3.9
2001-12-26T13:00,27.7,74,1.1,1006.8,4.7
2001-12-26T14:00,26.2,83,1.4,1005.6,3.7
2001-12-26T15:00,26.4,84,0.1,1005.2,2.9
2001-12-26T16:00,26.0,86,1.9,1004.8,3.0
2001-12-26T17:00,25.7,84,0.8,1005.0,3.7
2001-12-26T18:00,25.0,90,0.1,1005.0,1.8
2001-12-26T19:00,24.7,90,0.0,1005.6,2.8
2001-12-26T20:00,24.1,92,0.0,1006.3,3.2
2001-12-26T21:00,23.6,93,0.0,1007.1,2.6
2001-12-26T22:00,23.2,94,0.0,1007.6,3.6
2001-12-26T23:00,22.8,95,0.0,1007.8,3.7
2001-12-27T00:00,22.7,94,0.0,1007.0,4.4
2001-12-27T01:00,22.4,95,0.0,1007.0,5.4
2001-12-27T02:00,22.1,96,0.0,1005.8,5.7
2001-12-27T03:00,21.8,96,0.0,1005.1,5.6
2001-12-27T04:00,21.6,96,0.0,1004.6,5.6
2001-12-27T05:00,21.1,96,0.0,1004.3,5.7
2001-12-27T06:00,21.2,96,0.0,1005.2,5.6
2001-12-27T07:00,21.5,95,0.0,1005.5,5.7
2001-12-27T08:00,23.1,93,0.0,1006.4,5.0
2001-12-27T09:00,24.7,87,0.0,1007.1,2.4
2001-12-27T10:00,26.0,81,0.1,1007.6,1.8
2001-12-27T11:00,27.2,74,0.2,1007.1,2.4
2001-12-27T12:00,28.3,67,0.2,1006.4,0.5
2001-12-27T13:00,28.8,65,0.3,1005.4,3.1
2001-12-27T14:00,26.9,80,0.7,1004.8,2.2
2001-12-27T15:00,27.4,76,0.3,1003.5,1.0
2001-12-27T16:00,26.7,77,0.5,1003.1,0.0
2001-12-27T17:00,26.2,80,0.3,1003.7,1.1
2001-12-27T18:00,25.7,82,0.0,1004.2,1.5
2001-12-27T19:00,24.8,90,0.0,1004.6,1.1
2001-12-27T20:00,24.0,91,0.0,1005.2,1.1
2001-12-27T21:00,23.5,92,0.2,1006.0,1.3
2001-12-27T22:00,23.2,92,0.4,1006.5,2.1
2001-12-27T23:00,23.2,92,0.9,1006.7,2.7
2001-12-28T00:00,22.9,91,1.1,1006.0,3.7
2001-12-28T01:00,22.7,91,0.0,1005.0,4.1
2001-12-28T02:00,23.7,87,0.0,1004.1,4.1
2001-12-28T03:00,23.6,86,0.0,1003.7,4.0
2001-12-28T04:00,23.5,86,0.0,1003.7,3.8
2001-12-28T05:00,23.4,86,0.0,1004.0,3.5
2001-12-28T06:00,23.5,85,0.0,1004.5,3.3
2001-12-28T07:00,22.8,89,0.0,1005.2,4.0
2001-12-28T08:00,23.6,92,0.0,1005.7,4.0
2001-12-28T09:00,25.4,84,0.0,1006.7,0.8
2001-12-28T10:00,26.2,79,0.0,1007.0,0.8
2001-12-28T11:00,27.6,72,0.1,1006.7,1.1
2001-12-28T12:00,28.4,69,0.0,1006.3,1.4
2001-12-28T13:00,29.1,66,0.3,1005.0,3.0
2001-12-28T14:00,27.7,75,1.5,1004.5,2.3
2001-12-28T15:00,27.8,77,0.2,1003.7,2.5
2001-12-28T16:00,27.0,77,0.7,1003.3,2.5
2001-12-28T17:00,26.6,81,0.1,1003.8,2.4
2001-12-28T18:00,26.1,84,0.0,1003.8,2.0
2001-12-28T19:00,25.3,90,0.0,1003.8,2.5
2001-12-28T20:00,24.7,91,0.0,1004.7,3.1
2001-12-28T21:00,24.0,94,0.0,1005.4,3.3
2001-12-28T22:00,23.4,94,0.0,1006.2,4.2
2001-12-28T23:00,23.2,94,0.1,1006.6,4.8
2001-12-29T00:00,23.3,92,0.2,1006.6,6.1
2001-12-29T01:00,23.0,92,0.3,1006.1,6.1
2001-12-29T02:00,22.7,93,0.0,1005.5,6.1
2001-12-29T03:00,22.5,92,0.0,1004.7,6.1
2001-12-29T04:00,22.2,92,0.3,1004.6,5.9
2001-12-29T05:00,22.4,90,0.2,1005.4,7.9
2001-12-29T06:00,22.1,90,0.2,1006.1,6.9
2001-12-29T07:00,22.0,90,0.0,1006.2,6.5
2001-12-29T08:00,23.3,90,0.0,1006.9,5.1
2001-12-29T09:00,25.6,81,0.0,1007.4,2.1
2001-12-29T10:00,26.9,75,0.1,1007.9,1.8
2001-12-29T11:00,28.0,70,0.4,1007.9,2.7
2001-12-29T12:00,28.6,67,0.7,1007.0,4.7
2001-12-29T13:00,28.8,66,0.5,1005.8,5.1
2001-12-29T14:00,29.4,65,0.1,1004.3,4.6
2001-12-29T15:00,29.3,67,0.1,1003.4,4.1
2001-12-29T16:00,29.0,69,0.2,1003.1,3.6
2001-12-29T17:00,28.1,74,0.3,1004.3,6.6
2001-12-29T18:00,26.9,80,0.0,1004.7,6.3
2001-12-29T19:00,26.0,84,0.0,1004.9,5.4
2001-12-29T20:00,25.1,89,0.0,1006.1,2.7
2001-12-29T21:00,24.4,92,0.0,1006.8,2.7
2001-12-29T22:00,24.4,90,0.0,1007.0,4.1
2001-12-29T23:00,23.3,94,0.0,1006.7,4.4
2001-12-30T00:00,22.8,95,0.0,1006.4,4.7
2001-12-30T01:00,22.8,94,0.0,1005.6,5.4
2001-12-30T02:00,22.9,93,0.0,1004.8,6.2
2001-12-30T03:00,22.5,94,0.0,1004.5,6.2
2001-12-30T04:00,22.4,93,0.0,1004.6,5.5
2001-12-30T05:00,22.4,92,0.1,1004.6,4.7
2001-12-30T06:00,22.5,91,0.3,1005.6,5.8
2001-12-30T07:00,22.7,89,0.1,1006.3,6.5
2001-12-30T08:00,23.4,91,0.0,1007.0,4.8
2001-12-30T09:00,25.9,80,0.0,1007.7,0.8
2001-12-30T10:00,26.6,76,0.0,1008.4,1.5
2001-12-30T11:00,27.1,74,0.3,1008.0,2.3
2001-12-30T12:00,27.5,73,1.0,1007.5,3.6
2001-12-30T13:00,28.3,70,0.0,1006.4,3.5
2001-12-30T14:00,27.2,75,0.0,1004.9,3.3
2001-12-30T15:00,27.5,74,0.3,1004.7,4.7
2001-12-30T16:00,27.1,75,0.3,1004.5,4.3
2001-12-30T17:00,26.4,79,0.5,1005.4,6.1
2001-12-30T18:00,25.5,84,0.9,1005.8,4.1
2001-12-30T19:00,24.9,86,0.7,1006.0,3.1
2001-12-30T20:00,24.3,90,0.2,1006.8,1.0
2001-12-30T21:00,23.9,93,0.2,1007.3,0.7
2001-12-30T22:00,23.6,94,0.1,1007.7,0.8
2001-12-30T23:00,23.4,94,0.0,1007.7,1.8
2001-12-31T00:00,24.0,89,0.0,1007.7,3.0
2001-12-31T01:00,23.6,91,0.0,1007.4,3.2
2001-12-31T02:00,22.9,94,0.0,1006.9,3.8
2001-12-31T03:00,22.7,94,0.0,1006.0,3.4
2001-12-31T04:00,22.7,94,0.0,1005.5,3.7
2001-12-31T05:00,22.6,93,0.0,1005.8,3.9
2001-12-31T06:00,22.4,94,0.0,1006.5,3.6
2001-12-31T07:00,22.3,94,0.0,1007.3,4.6
2001-12-31T08:00,23.2,93,0.0,1007.9,3.2
2001-12-31T09:00,24.5,89,0.0,1006.9,5.4
2001-12-31T10:00,25.3,83,0.3,1007.0,2.3
2001-12-31T11:00,26.3,79,0.8,1007.4,3.3
2001-12-31T12:00,26.6,78,1.0,1007.1,4.5
2001-12-31T13:00,27.3,75,0.7,1006.1,6.3
2001-12-31T14:00,26.8,79,1.4,1005.5,3.9
2001-12-31T15:00,26.0,83,4.3,1004.9,3.6
2001-12-31T16:00,25.7,85,2.4,1005.2,1.4
2001-12-31T17:00,24.7,92,1.0,1005.3,3.0
2001-12-31T18:00,24.6,92,0.0,1005.2,2.2
2001-12-31T19:00,24.4,92,0.0,1005.6,2.6
2001-12-31T20:00,24.1,93,0.0,1006.0,2.2
2001-12-31T21:00,23.4,96,0.0,1006.7,3.4
2001-12-31T22:00,23.6,94,0.0,1006.9,3.8
2001-12-31T23:00,23.6,93,0.0,1006.8,3.1
